-- phpMyAdmin SQL Dump
-- version 5.0.2
-- https://www.phpmyadmin.net/
--
-- Host: localhost
-- Generation Time: Aug 12, 2020 at 06:38 PM
-- Server version: 10.4.13-MariaDB
-- PHP Version: 7.4.8

SET SQL_MODE = "NO_AUTO_VALUE_ON_ZERO";
START TRANSACTION;
SET time_zone = "+00:00";


/*!40101 SET @OLD_CHARACTER_SET_CLIENT=@@CHARACTER_SET_CLIENT */;
/*!40101 SET @OLD_CHARACTER_SET_RESULTS=@@CHARACTER_SET_RESULTS */;
/*!40101 SET @OLD_COLLATION_CONNECTION=@@COLLATION_CONNECTION */;
/*!40101 SET NAMES utf8mb4 */;

--
-- Database: `courses`
--

-- --------------------------------------------------------

--
-- Table structure for table `abouts`
--

CREATE TABLE `abouts` (
  `id` bigint(20) UNSIGNED NOT NULL,
  `sectionHeader` varchar(100) COLLATE utf8mb4_unicode_ci NOT NULL,
  `sectionContent` text COLLATE utf8mb4_unicode_ci NOT NULL
) ENGINE=InnoDB DEFAULT CHARSET=utf8mb4 COLLATE=utf8mb4_unicode_ci;

--
-- Dumping data for table `abouts`
--

INSERT INTO `abouts` (`id`, `sectionHeader`, `sectionContent`) VALUES
(1, 'Lorem ipsum dolor sit amet, consectetur adipiscing elit, sed do eiusmod tempor', 'Duis aute irure dolor in reprehenderit in voluptate velit esse cillum dolore eu fugiat nulla pariatur'),
(2, 'Excepteur sint occaecat cupidatat non proident', 'Mi eget mauris pharetra et ultrices neque ornare aenean euismod. A pellentesque sit amet porttitor eget dolor. Integer quis auctor elit sed vulputate mi sit');

-- --------------------------------------------------------

--
-- Table structure for table `admins`
--

CREATE TABLE `admins` (
  `id` bigint(20) UNSIGNED NOT NULL,
  `name` varchar(255) COLLATE utf8mb4_unicode_ci NOT NULL,
  `email` varchar(255) COLLATE utf8mb4_unicode_ci NOT NULL,
  `password` varchar(255) COLLATE utf8mb4_unicode_ci NOT NULL,
  `remember_token` varchar(100) COLLATE utf8mb4_unicode_ci DEFAULT NULL,
  `created_at` timestamp NULL DEFAULT NULL,
  `updated_at` timestamp NULL DEFAULT NULL
) ENGINE=InnoDB DEFAULT CHARSET=utf8mb4 COLLATE=utf8mb4_unicode_ci;

--
-- Dumping data for table `admins`
--

INSERT INTO `admins` (`id`, `name`, `email`, `password`, `remember_token`, `created_at`, `updated_at`) VALUES
(1, 'Mr. Percy Legros', 'a@gmail.com', '$2y$10$bEYUBYZPAFvhxu2EeZBPwulYs2AVwJSmtjhjBKcbvHxM9rcDqWpmm', NULL, '2020-08-12 11:19:48', '2020-08-12 11:19:48'),
(2, 'Prof. Isaac Lesch', 'dherman@yahoo.com', 'WS@OY7.ZUMI', NULL, '2020-08-12 11:19:48', '2020-08-12 11:19:48'),
(3, 'Jordi Murphy', 'karl.crona@kreiger.info', 'L@-B.UDJ', NULL, '2020-08-12 11:19:48', '2020-08-12 11:19:48'),
(4, 'Prof. Adah Beatty II', 'cremin.michel@gmail.com', 'Y%@M.NJ', NULL, '2020-08-12 11:19:48', '2020-08-12 11:19:48'),
(5, 'Cesar Bernier', 'chadd26@marks.com', '%@RUW5PI.CYL', NULL, '2020-08-12 11:19:48', '2020-08-12 11:19:48');

-- --------------------------------------------------------

--
-- Table structure for table `categories`
--

CREATE TABLE `categories` (
  `id` bigint(20) UNSIGNED NOT NULL,
  `name` varchar(100) COLLATE utf8mb4_unicode_ci NOT NULL,
  `img` varchar(100) COLLATE utf8mb4_unicode_ci DEFAULT NULL,
  `created_at` timestamp NULL DEFAULT NULL,
  `updated_at` timestamp NULL DEFAULT NULL
) ENGINE=InnoDB DEFAULT CHARSET=utf8mb4 COLLATE=utf8mb4_unicode_ci;

--
-- Dumping data for table `categories`
--

INSERT INTO `categories` (`id`, `name`, `img`, `created_at`, `updated_at`) VALUES
(1, 'Web', 'cat1.svg', '2020-08-12 11:17:26', '2020-08-12 14:31:28'),
(2, 'Omnis quo non.', 'cat6.svg', '2020-08-12 11:17:26', '2020-08-12 11:17:26'),
(3, 'Qui non.', 'cat5.svg', '2020-08-12 11:17:26', '2020-08-12 11:17:26'),
(4, 'Doloribus et.', 'cat4.svg', '2020-08-12 11:17:26', '2020-08-12 11:17:26'),
(5, 'Modi aliquam.', 'cat1.svg', '2020-08-12 11:17:26', '2020-08-12 11:17:26'),
(6, 'Inventore maxime dicta.', 'cat3.svg', '2020-08-12 11:17:26', '2020-08-12 11:17:26'),
(7, 'Autem ut iusto animi.', 'cat5.svg', '2020-08-12 11:17:26', '2020-08-12 11:17:26'),
(8, 'Qui porro unde dolorem.', 'cat4.svg', '2020-08-12 11:17:26', '2020-08-12 11:17:26'),
(9, 'Unde dolor dicta qui.', 'cat2.svg', '2020-08-12 11:17:26', '2020-08-12 11:17:26'),
(10, 'Inventore et eum.', 'cat6.svg', '2020-08-12 11:17:26', '2020-08-12 11:17:26'),
(11, 'Quia corporis.', 'cat3.svg', '2020-08-12 11:17:26', '2020-08-12 11:17:26'),
(12, 'Tenetur accusantium minima sint quod.', 'cat3.svg', '2020-08-12 11:17:26', '2020-08-12 11:17:26'),
(13, 'Pariatur tempore repudiandae illo.', 'cat5.svg', '2020-08-12 11:17:26', '2020-08-12 11:17:26'),
(14, 'Amet delectus nihil sit.', 'cat3.svg', '2020-08-12 11:17:26', '2020-08-12 11:17:26'),
(15, 'Deleniti doloremque dolores.', 'cat5.svg', '2020-08-12 11:17:26', '2020-08-12 11:17:26');

-- --------------------------------------------------------

--
-- Table structure for table `contacts`
--

CREATE TABLE `contacts` (
  `id` bigint(20) UNSIGNED NOT NULL,
  `phone` varchar(20) COLLATE utf8mb4_unicode_ci NOT NULL,
  `email` varchar(50) COLLATE utf8mb4_unicode_ci NOT NULL,
  `address` text COLLATE utf8mb4_unicode_ci NOT NULL,
  `facebook` varchar(100) COLLATE utf8mb4_unicode_ci NOT NULL,
  `github` varchar(100) COLLATE utf8mb4_unicode_ci NOT NULL,
  `gmail` varchar(100) COLLATE utf8mb4_unicode_ci NOT NULL,
  `twitter` varchar(100) COLLATE utf8mb4_unicode_ci NOT NULL
) ENGINE=InnoDB DEFAULT CHARSET=utf8mb4 COLLATE=utf8mb4_unicode_ci;

--
-- Dumping data for table `contacts`
--

INSERT INTO `contacts` (`id`, `phone`, `email`, `address`, `facebook`, `github`, `gmail`, `twitter`) VALUES
(1, '01010101010', 'ahmed@gmail,com', 'd leo in vitae turpis massa sed elementum tempus', 'https://www.facebook.com', 'https://www.github.com', 'https://www.gmail.com', 'https://www.twitter.com');

-- --------------------------------------------------------

--
-- Table structure for table `courses`
--

CREATE TABLE `courses` (
  `id` bigint(20) UNSIGNED NOT NULL,
  `title` varchar(100) COLLATE utf8mb4_unicode_ci NOT NULL,
  `briefDesc` varchar(150) COLLATE utf8mb4_unicode_ci NOT NULL,
  `desc` text COLLATE utf8mb4_unicode_ci NOT NULL,
  `price` double(6,2) NOT NULL,
  `img` varchar(100) COLLATE utf8mb4_unicode_ci NOT NULL,
  `cat_id` bigint(20) UNSIGNED NOT NULL,
  `instructor_id` bigint(20) UNSIGNED NOT NULL,
  `created_at` timestamp NULL DEFAULT NULL,
  `updated_at` timestamp NULL DEFAULT NULL
) ENGINE=InnoDB DEFAULT CHARSET=utf8mb4 COLLATE=utf8mb4_unicode_ci;

--
-- Dumping data for table `courses`
--

INSERT INTO `courses` (`id`, `title`, `briefDesc`, `desc`, `price`, `img`, `cat_id`, `instructor_id`, `created_at`, `updated_at`) VALUES
(1, 'Impedit ut fugiat rerum.', 'Ipsa nostrum dolorem dolores corporis accusamus perferendis non est.', 'Accusantium harum quia sunt officiis dolorem dolorem qui praesentium fugiat similique ut ab iste ad voluptas et dignissimos provident saepe omnis maiores sed dolor quia ut non iste voluptatum dicta dolorem aut eos dignissimos rerum.', 3290.00, '1.png', 3, 26, '2020-08-12 11:18:46', '2020-08-12 11:18:46'),
(2, 'Ab ab quo.', 'Laboriosam voluptas et consequatur nostrum ut quia eius occaecati commodi dolorum hic.', 'Voluptatum at ullam neque quia autem ducimus natus rem et et quibusdam hic quia sit qui quasi molestias non ipsa aperiam et amet numquam ab tempora iure deleniti et minima quia deserunt qui quia vitae aliquid soluta velit quas nulla consectetur aliquam optio quasi aut rem modi illo aut rerum incidunt suscipit natus et et.', 7151.00, '2.png', 1, 23, '2020-08-12 11:18:46', '2020-08-12 11:18:46'),
(3, 'Quo vitae.', 'Distinctio quasi assumenda natus corporis doloribus culpa natus.', 'Ex perferendis nostrum iusto sit illo eaque delectus laboriosam excepturi magnam accusantium autem similique voluptas molestiae accusamus voluptate neque eligendi quae error consequatur voluptas et harum numquam magni expedita expedita error possimus qui consequatur iste nemo omnis distinctio eos recusandae nesciunt exercitationem laboriosam qui totam ut.', 1487.00, '1.png', 14, 25, '2020-08-12 11:18:46', '2020-08-12 11:18:46'),
(4, 'Aperiam ratione voluptatum et.', 'Quis consequatur est ut perspiciatis et voluptatem iusto temporibus nam eos commodi aut et.', 'Laborum unde perspiciatis debitis aut tenetur facilis minus omnis eos ut dolores dolorem assumenda quaerat sunt minus illo ea in ducimus quaerat praesentium itaque deleniti ipsam enim atque autem ea debitis assumenda repellendus et quibusdam fugiat mollitia quod asperiores dolore cupiditate voluptatem mollitia cum earum voluptates a.', 5526.00, '1.png', 1, 11, '2020-08-12 11:18:46', '2020-08-12 11:18:46'),
(5, 'Doloribus optio vel possimus.', 'Nulla et voluptatem iusto sed dolores ut voluptatum sint est recusandae alias.', 'Iste blanditiis ipsum ullam omnis eius non perspiciatis ea ipsam commodi corrupti voluptatem voluptate omnis consequatur deserunt illum praesentium quae repudiandae non ex atque sunt impedit nobis ipsum est sint sed at aperiam cupiditate quis enim vel voluptatem tenetur blanditiis ea ut exercitationem et alias sequi temporibus ea exercitationem.', 6962.00, '3.png', 13, 37, '2020-08-12 11:18:46', '2020-08-12 11:18:46'),
(6, 'Molestiae facere et neque.', 'Aut blanditiis perspiciatis magni laudantium quia quibusdam voluptatem voluptate dicta facere.', 'Mollitia iste deleniti ipsam ullam porro maiores incidunt maiores est commodi cumque enim fugiat hic maiores eum dolore ducimus dolorem magni ipsum et quisquam neque recusandae velit eum iure eligendi eius voluptatum dolores assumenda in veritatis ut maxime fugit maxime eius qui omnis.', 3683.00, '2.png', 8, 14, '2020-08-12 11:18:46', '2020-08-12 11:18:46'),
(7, 'Et qui omnis.', 'Et nobis ut a debitis officiis sit quis saepe.', 'Possimus enim ea adipisci nostrum praesentium et fugit vel officia quos dolorem et nulla quod aut ea veniam consequatur voluptatem natus dolores cumque laboriosam voluptas id magnam omnis voluptate sed ea laudantium quis est qui consequatur sit corporis unde veritatis sint id quia eum quos qui rerum non ratione repellendus inventore sint quae in rerum ratione eum.', 8502.00, '3.png', 5, 10, '2020-08-12 11:18:46', '2020-08-12 11:18:46'),
(8, 'Tempora ea aliquid.', 'Nisi rem quae necessitatibus velit aut excepturi ad quia quo rerum nihil.', 'Perspiciatis nihil voluptas et velit modi ducimus consequuntur sed placeat provident repudiandae impedit voluptas consequatur velit animi suscipit in animi dolor exercitationem natus nisi quis omnis et laudantium sit itaque quaerat voluptates qui ut dolorem.', 6115.00, '2.png', 3, 37, '2020-08-12 11:18:46', '2020-08-12 11:18:46'),
(9, 'Voluptatibus blanditiis beatae quas.', 'Qui ut autem sit occaecati accusantium magni.', 'Delectus tenetur necessitatibus voluptatibus fugiat itaque iure placeat excepturi vel eum placeat qui assumenda provident in perferendis ex voluptatem sint omnis asperiores molestiae cum odio dolor quo quam quae totam dicta vel labore neque adipisci fuga incidunt dolor enim expedita sint sunt ipsam nulla et eligendi.', 8803.00, '1.png', 1, 2, '2020-08-12 11:18:46', '2020-08-12 11:18:46'),
(10, 'Voluptas aspernatur numquam.', 'Quae natus odio ad et et nam iure ea exercitationem.', 'Sit quaerat voluptatem tenetur id illo quia laboriosam in debitis ea placeat ut ea aliquam autem iure minima esse amet et nihil voluptas laborum aut nemo perspiciatis ipsa neque et facilis autem ad saepe voluptatem aut optio sapiente voluptatum nulla qui quo quia omnis iste eos ipsum saepe nulla ad corporis deserunt consequatur.', 1702.00, '2.png', 2, 30, '2020-08-12 11:18:46', '2020-08-12 11:18:46'),
(11, 'Officiis molestiae est.', 'Itaque minima a omnis voluptatibus ut velit est amet praesentium quia illum suscipit.', 'Corporis voluptatem quia atque sint pariatur dicta in dolor reprehenderit alias ipsa velit blanditiis maiores sunt quisquam aut et laboriosam recusandae non molestias aut hic et.', 6877.00, '2.png', 3, 34, '2020-08-12 11:18:46', '2020-08-12 11:18:46'),
(12, 'Vel quos labore et dolorem.', 'Voluptas neque adipisci vitae culpa magni quia nostrum laborum dolore sint.', 'Quaerat velit vel nostrum tempore quas tenetur eos eius esse fuga voluptas suscipit doloribus ex magnam modi omnis ipsum facilis et corporis ullam exercitationem blanditiis sint aut omnis quo eum illum recusandae et tempore saepe et voluptatem voluptatem nam rerum cupiditate aliquam.', 3882.00, '2.png', 4, 40, '2020-08-12 11:18:46', '2020-08-12 11:18:46'),
(13, 'Alias aspernatur qui est.', 'Est quisquam quo adipisci harum et ab.', 'Velit exercitationem impedit tenetur ut ea ea consequatur autem quia odit dolore ea repellendus possimus reiciendis non ut sed veritatis aliquid ipsam et blanditiis laudantium id laborum corporis molestiae aspernatur facilis ducimus non non eum libero ab et iusto quidem natus animi sequi sint aut nisi sequi et et ut odio architecto voluptatibus omnis.', 7313.00, '2.png', 10, 30, '2020-08-12 11:18:46', '2020-08-12 11:18:46'),
(14, 'Expedita sapiente fugit soluta.', 'Sit assumenda optio sed dolor quaerat dolor et assumenda eaque voluptates aut.', 'Nihil distinctio dolorum sequi aut quasi nam veritatis id voluptatum minima consequatur vero hic autem necessitatibus omnis iste dignissimos voluptas eaque placeat aut autem provident cupiditate aspernatur consequatur sit et sed doloribus non voluptates quisquam reprehenderit nihil blanditiis aspernatur expedita ut quia aut officiis quam omnis consequatur.', 4752.00, '3.png', 5, 11, '2020-08-12 11:18:46', '2020-08-12 11:18:46'),
(15, 'Quaerat enim in.', 'Nesciunt omnis sed eligendi impedit quo iure saepe placeat.', 'Eos ex ea praesentium velit quas voluptas in et eius in consectetur asperiores et rem accusamus placeat aut odit sit porro accusantium cupiditate a adipisci non sunt est eligendi suscipit rerum itaque consequatur pariatur sed accusantium neque nulla expedita aut veniam voluptatem velit sunt.', 1429.00, '2.png', 4, 38, '2020-08-12 11:18:46', '2020-08-12 11:18:46'),
(16, 'Est saepe autem non.', 'Quis dolore quis necessitatibus laborum consectetur nesciunt.', 'Ut iusto similique harum voluptatum autem voluptas commodi in est reprehenderit nulla est nobis unde ratione eaque doloremque rerum est reiciendis hic et perferendis error eos velit exercitationem velit autem eos odio est sed numquam occaecati in sit vel quod quasi.', 6777.00, '2.png', 3, 22, '2020-08-12 11:18:46', '2020-08-12 11:18:46'),
(17, 'Corrupti et.', 'Est id ea et explicabo sint enim sint et.', 'Eum amet laborum nam et cumque quibusdam explicabo vel est nesciunt quos autem aliquam architecto sequi corporis nemo beatae blanditiis eveniet sit placeat facere animi iste ea reprehenderit voluptate.', 7784.00, '1.png', 1, 4, '2020-08-12 11:18:46', '2020-08-12 11:18:46'),
(18, 'Nobis voluptas quibusdam reiciendis ut.', 'Pariatur ut omnis est repellendus natus labore quae architecto autem velit.', 'Voluptas ducimus ut beatae qui nostrum laudantium voluptatem est voluptatibus modi est eum sed praesentium tempore fugit odio porro modi culpa iusto doloribus ad quia accusantium dolor totam et et illum necessitatibus officiis incidunt expedita veniam iure esse similique laborum et eum praesentium cum explicabo et necessitatibus perspiciatis voluptatem doloribus nemo.', 1922.00, '1.png', 11, 2, '2020-08-12 11:18:46', '2020-08-12 11:18:46'),
(19, 'Voluptatem et nihil.', 'Tempora tempora veritatis eveniet fugit sunt vitae et eum sequi et sunt.', 'Et ipsam molestias quo quae tenetur expedita et eveniet sed delectus necessitatibus consequatur dolores ea quia consequatur delectus enim ut ipsum velit quia voluptas quasi quis minima et accusamus voluptatem aut quos quia nobis perspiciatis laborum atque neque asperiores asperiores culpa voluptate ut voluptatem omnis libero nobis mollitia esse.', 2513.00, '2.png', 12, 11, '2020-08-12 11:18:46', '2020-08-12 11:18:46'),
(20, 'Qui voluptatem doloribus explicabo nemo.', 'Consequatur sunt beatae quis doloribus explicabo molestiae eius soluta vero laborum corrupti ab.', 'Qui ducimus beatae aut dolore quibusdam temporibus animi saepe repellat non neque modi dolorem id similique veniam voluptatem omnis et et velit ea velit eveniet non consequuntur quo id officiis fugit eum quas voluptatibus laboriosam ut voluptas aut amet ut.', 3536.00, '2.png', 12, 13, '2020-08-12 11:18:46', '2020-08-12 11:18:46'),
(21, 'Facilis quam et consequatur.', 'Qui et voluptas exercitationem quo eum eius animi excepturi animi quidem.', 'Repellendus et dolore repellat consequatur minus aut illo amet voluptatem eos et possimus dolorem placeat sapiente sequi et culpa cupiditate qui molestias excepturi vero dolor error fugit consequuntur dolore magni et ut voluptatibus est harum rem possimus quis aut a excepturi qui quisquam explicabo nam quo molestiae aut quae rerum qui atque iste.', 5734.00, '2.png', 12, 13, '2020-08-12 11:18:46', '2020-08-12 11:18:46'),
(22, 'Qui fuga a corrupti.', 'Porro vel quis rerum qui laudantium mollitia alias aliquam consequatur et.', 'Veniam sit nam voluptatum et voluptatem vel aperiam quo natus similique expedita excepturi consequatur dignissimos in aut nam odit eum ratione in inventore et eaque eos.', 277.00, '1.png', 12, 12, '2020-08-12 11:18:46', '2020-08-12 11:18:46'),
(23, 'Sit non quia.', 'Impedit aliquam quam in facere autem iste eligendi nisi fugit sit libero fuga voluptatem.', 'Nihil eum iusto ut sed aut architecto provident aliquam alias ab illo est expedita amet magni dolores error aspernatur libero vel consequatur laborum cupiditate qui consequuntur natus assumenda voluptatem magni ut odio eveniet accusamus consequatur illum nihil nihil in nesciunt quos eaque ipsa deserunt eaque nihil suscipit qui illo dolor alias ratione perspiciatis excepturi fugit.', 7634.00, '3.png', 15, 15, '2020-08-12 11:18:46', '2020-08-12 11:18:46'),
(24, 'Illo dolor accusamus doloremque occaecati.', 'Nobis aliquam et numquam quisquam et ut id voluptas culpa velit.', 'Id eligendi ut dolorem dolores rerum hic nihil dolore pariatur fugit aliquam eligendi corrupti ut in eum tempore doloribus maxime fugit magnam illum nam adipisci quis tempora perferendis et.', 2825.00, '3.png', 13, 21, '2020-08-12 11:18:46', '2020-08-12 11:18:46'),
(25, 'Quis sit eveniet molestiae.', 'Laudantium qui neque nulla ut labore qui error magnam unde.', 'Expedita unde officia error provident sint tempore aut corporis deserunt enim beatae illo quidem id eligendi nobis ratione consequatur earum fuga et neque ut recusandae sed explicabo eos possimus porro neque ullam sunt eos dolorem et.', 4340.00, '1.png', 10, 21, '2020-08-12 11:18:46', '2020-08-12 11:18:46'),
(26, 'Ut est rerum voluptatibus et.', 'Omnis omnis aliquid aut et porro repellendus.', 'Molestiae magni nemo debitis sint minima dolores veniam ea animi iusto deserunt voluptas incidunt vel quaerat natus asperiores illum tempore dolorem et rem aut ex sed dignissimos quidem illum non molestiae voluptatibus natus consectetur asperiores earum eius quasi esse ad cupiditate distinctio et iusto et molestias ipsa dolor aut itaque incidunt dolorem aperiam.', 7554.00, '3.png', 13, 6, '2020-08-12 11:18:46', '2020-08-12 11:18:46'),
(27, 'Aut nam consequatur.', 'Sunt id iste omnis quae voluptates et labore reiciendis doloribus aliquid sint.', 'Cum in suscipit repellendus ea tempora aspernatur eligendi eos eius quas aut ullam omnis nisi quam necessitatibus velit fugit aspernatur fuga delectus omnis ut placeat modi est id dicta voluptatem velit culpa error quasi perspiciatis odit inventore et qui exercitationem numquam quod.', 9893.00, '3.png', 9, 24, '2020-08-12 11:18:46', '2020-08-12 11:18:46'),
(28, 'Est tempore cum ab.', 'Voluptates dolores autem quidem magnam modi animi sint ab ex sit dolor nesciunt repellat.', 'Et consequatur quis accusantium rem quo perferendis dignissimos accusantium assumenda consequatur aut qui aspernatur nesciunt ut distinctio aliquam nulla ab id dolores est ab esse nihil necessitatibus ut voluptatibus est modi.', 2137.00, '3.png', 12, 6, '2020-08-12 11:18:46', '2020-08-12 11:18:46'),
(29, 'Dolores ea eum quaerat.', 'Nesciunt placeat voluptas non beatae nesciunt est dolor fugiat natus rerum veniam.', 'Sint recusandae et ut dolores voluptatem error rerum ducimus sunt et corrupti reprehenderit officia commodi excepturi et id nemo illum quo aperiam quia laudantium vel inventore inventore et fuga neque quae ex eligendi tenetur dolore ipsa molestiae quasi itaque unde repellendus non cumque et vero fugit est magnam molestiae et aut voluptatum minima eaque.', 8300.00, '1.png', 11, 37, '2020-08-12 11:18:46', '2020-08-12 11:18:46'),
(30, 'Amet tempora eos.', 'Sit quibusdam voluptates ad et qui consectetur provident rem quo.', 'Maxime veritatis quia eligendi at ut corrupti voluptatibus repellendus sunt id corrupti quos ipsa quia facilis inventore nostrum voluptatem dicta aliquid laboriosam temporibus consequuntur natus velit fuga sunt eum culpa molestias enim assumenda est illum laudantium deserunt animi doloribus repellat deserunt voluptatum dolorem.', 3543.00, '1.png', 12, 5, '2020-08-12 11:18:46', '2020-08-12 11:18:46'),
(31, 'Necessitatibus sit a earum.', 'Quam voluptatum blanditiis et deleniti eaque non ut consequatur sequi et.', 'At unde nemo laborum est et et sed aut fuga pariatur non vitae dolorem similique reiciendis error error culpa voluptates quidem doloremque quae rem ducimus autem dignissimos qui officiis possimus nesciunt similique.', 5876.00, '1.png', 1, 21, '2020-08-12 11:18:46', '2020-08-12 11:18:46'),
(32, 'Blanditiis in.', 'Mollitia est tempore dignissimos facere blanditiis iure aspernatur.', 'Dolorem enim provident odio natus ut omnis delectus necessitatibus unde rerum perferendis quia veritatis at tenetur earum temporibus ut sit eius hic unde nesciunt id et odio et at culpa accusantium nemo rem rerum eum iure consequatur.', 5365.00, '1.png', 1, 23, '2020-08-12 11:18:46', '2020-08-12 11:18:46'),
(33, 'Accusamus ea voluptas.', 'Natus consequuntur dolorum assumenda asperiores rerum perspiciatis quia dolor quam fuga.', 'Perspiciatis est atque ullam laboriosam a reprehenderit autem fugiat quia ipsa ut ad ut iure sit sed exercitationem sequi qui perspiciatis perspiciatis est nobis unde quo dicta minus velit mollitia velit nostrum similique velit rerum rerum nihil explicabo laboriosam.', 3918.00, '2.png', 10, 38, '2020-08-12 11:18:46', '2020-08-12 11:18:46'),
(34, 'Odio et magni.', 'Ipsa quod officiis et magnam nostrum explicabo fugiat consectetur laboriosam debitis dolorem.', 'Nam quae et qui quia ut ipsum earum repellat rerum eius commodi reprehenderit alias libero ducimus eum neque quas in aliquid explicabo consectetur est eius sit voluptatem quo similique.', 775.00, '1.png', 10, 5, '2020-08-12 11:18:46', '2020-08-12 11:18:46'),
(35, 'Vel et aut.', 'Eveniet perspiciatis dignissimos laboriosam ad ipsum porro reprehenderit aperiam.', 'Velit laudantium quia vel quo omnis in odit animi et ut officiis quae vel aut eaque ea occaecati dolor enim minima aspernatur laborum tenetur ratione itaque molestias possimus ea et totam eum iure dolorem voluptatum eveniet sunt et ducimus.', 6920.00, '2.png', 11, 33, '2020-08-12 11:18:46', '2020-08-12 11:18:46'),
(36, 'Quas libero unde.', 'Ut dolorum ut aut consequatur omnis et aut.', 'Porro praesentium labore nam fugit blanditiis perferendis ut voluptatibus id ea rerum sed voluptates praesentium nulla est eum unde expedita nostrum nemo provident consectetur sint omnis omnis voluptas ratione fugiat aut id sed aut rerum quae sit aperiam expedita maxime eos et ut vero recusandae dolorum sit.', 190.00, '3.png', 12, 11, '2020-08-12 11:18:46', '2020-08-12 11:18:46'),
(37, 'Nam reprehenderit et.', 'Dignissimos dolor aut sit numquam eaque veritatis hic molestiae ipsam perspiciatis ipsam.', 'Eos quia voluptas architecto ex possimus neque sit rem voluptatem dolor commodi non nam laboriosam aut sint atque nesciunt quia enim molestiae ipsam autem et non sunt ullam quas quam esse minus quia hic voluptatem est.', 4713.00, '3.png', 11, 22, '2020-08-12 11:18:46', '2020-08-12 11:18:46'),
(38, 'Animi dignissimos reiciendis.', 'Neque quibusdam in earum aut aliquam eos et sed laudantium vel.', 'Pariatur eum accusantium consequatur quos omnis voluptatem sit animi rerum nobis et debitis quidem labore quia qui aut saepe mollitia quo ullam asperiores dolores nihil animi quidem excepturi maxime.', 5054.00, '1.png', 10, 5, '2020-08-12 11:18:46', '2020-08-12 11:18:46'),
(39, 'Aut accusantium ratione.', 'Nesciunt placeat esse eum quae iure enim.', 'Vel et magni inventore quia cum vel blanditiis amet veritatis rerum sed nihil ut quis et delectus quibusdam omnis eos officia sed est facere facere amet pariatur dolore culpa eos ut maiores quo ut sint quis id et porro.', 1876.00, '2.png', 4, 5, '2020-08-12 11:18:46', '2020-08-12 11:18:46'),
(40, 'Quasi iste est qui hic.', 'Repudiandae reiciendis odit ut officia eveniet repudiandae modi reprehenderit eum ut.', 'Laudantium nemo neque illum illo vero numquam maxime quia qui architecto veniam deserunt omnis nulla quis corporis quisquam sit sit eius suscipit eos eius unde repellat magni minima quo totam repellat non repellendus eum deleniti eveniet voluptate facilis cumque minima libero aperiam.', 4866.00, '2.png', 3, 32, '2020-08-12 11:18:46', '2020-08-12 11:18:46'),
(41, 'Perferendis ipsam.', 'Ad nisi id suscipit vel ullam sunt dolorum quia harum sequi illum.', 'Quia est eum numquam esse quaerat dolores non sunt beatae voluptates dolore odit molestiae at pariatur quos odit aliquam est dolore voluptatem est molestias excepturi possimus aut iure quisquam officiis amet adipisci eveniet qui non quo vel voluptatibus eligendi sunt neque quia sapiente ratione magni quos dolore.', 7779.00, '2.png', 15, 30, '2020-08-12 11:18:46', '2020-08-12 11:18:46'),
(42, 'Veniam ut aut eum.', 'Temporibus dolores nesciunt architecto rerum labore laborum minima.', 'Veniam consequatur dicta assumenda placeat laudantium velit nam id asperiores et ut perspiciatis magni dicta aut sunt laborum ut modi ut voluptate rerum eligendi quis modi ut.', 2260.00, '3.png', 10, 39, '2020-08-12 11:18:46', '2020-08-12 11:18:46'),
(43, 'Ipsam aperiam dolore sit qui.', 'Dicta nemo omnis fuga consequuntur possimus explicabo.', 'Eveniet tempore repellendus quis provident omnis quod quam similique tempora repellat id id blanditiis facilis laborum ut sit blanditiis sit recusandae inventore atque nostrum vel inventore commodi voluptatum sed aspernatur aut et provident sint asperiores autem a voluptates cupiditate dolores quia eos molestiae voluptas corrupti est.', 4704.00, '2.png', 9, 8, '2020-08-12 11:18:46', '2020-08-12 11:18:46'),
(44, 'Id dolorum quaerat molestias.', 'Veniam omnis alias nesciunt neque consequatur est quo.', 'Aut vel et laborum facere sunt similique minima consequatur sed aut porro dolorem enim nulla saepe qui quis tempora aut eveniet ut voluptatum laudantium alias id quo eos sit voluptatem soluta omnis molestiae necessitatibus doloremque facere voluptates omnis fugit est.', 5242.00, '2.png', 3, 17, '2020-08-12 11:18:46', '2020-08-12 11:18:46'),
(45, 'Architecto quod mollitia nam.', 'Placeat distinctio assumenda eum quis natus alias debitis et iste exercitationem suscipit officiis est.', 'Ipsam iste aspernatur reiciendis sequi voluptatem ut corrupti vel cupiditate officia laborum voluptatibus nostrum magni laudantium accusamus tenetur corporis ut est repellat cumque vel voluptatem vero nihil illo corrupti aut dolor vel enim nostrum.', 5909.00, '2.png', 12, 3, '2020-08-12 11:18:46', '2020-08-12 11:18:46'),
(46, 'Et libero corrupti fuga.', 'Qui ex laudantium amet rerum velit qui est.', 'Excepturi atque dolores voluptatem et sunt a in velit aut dolor delectus eos labore quisquam et sed quo hic non mollitia ipsa distinctio eum architecto repellat facere ut et cumque.', 2600.00, '1.png', 14, 30, '2020-08-12 11:18:46', '2020-08-12 11:18:46'),
(47, 'Aut delectus.', 'Nemo nihil corporis earum maiores voluptatibus porro nihil numquam voluptatum.', 'Sunt velit cumque eius possimus numquam commodi optio saepe atque voluptatibus iste explicabo voluptas eos quo mollitia omnis eos quos et officiis quasi voluptatum eveniet quia sint maxime voluptates qui suscipit iste ut numquam voluptatem.', 9458.00, '2.png', 7, 1, '2020-08-12 11:18:46', '2020-08-12 11:18:46'),
(48, 'Optio aut.', 'Eos et accusamus rerum ut voluptatem velit vitae voluptatum quasi voluptatum.', 'Quibusdam voluptas fugiat cupiditate atque molestiae commodi quae cupiditate ipsa voluptatem autem cupiditate inventore rerum beatae eaque magni eaque nostrum ut qui aut consequatur nesciunt sapiente fugit sed voluptas.', 5362.00, '1.png', 9, 4, '2020-08-12 11:18:46', '2020-08-12 11:18:46'),
(49, 'Quo voluptate quos ratione.', 'Aliquid soluta aut ut rerum inventore ut tenetur qui explicabo rerum.', 'Fugit sed et laudantium velit ipsam similique dolor quasi fuga possimus deserunt aut molestias tempora qui ratione qui cupiditate dignissimos recusandae vel vel tempora neque est et suscipit omnis nulla ipsam ab consequatur maxime est expedita incidunt dolore omnis inventore tempora labore sed illum et non sint odio.', 491.00, '3.png', 5, 39, '2020-08-12 11:18:46', '2020-08-12 11:18:46'),
(50, 'Voluptas sunt voluptatem sit.', 'Ratione qui vel beatae quia non ratione praesentium assumenda.', 'Et molestiae delectus sunt pariatur voluptas exercitationem provident cum aut et nemo sed totam consequatur nobis autem occaecati consequatur qui sed a nihil ab exercitationem voluptatibus accusantium sequi exercitationem sint neque et et culpa doloribus minus voluptas provident quod.', 4887.00, '3.png', 1, 22, '2020-08-12 11:18:46', '2020-08-12 11:18:46'),
(51, 'Deserunt voluptatem facilis vel.', 'Sint odio ut ipsum sit suscipit et ea.', 'Est quo pariatur sunt vero et magnam minima incidunt aut voluptas omnis fuga facere provident iste aut dolorum ex debitis sed officiis incidunt aperiam vero officia veniam laudantium quia a mollitia deleniti nam sapiente ad ut ex velit quia occaecati placeat error quis quas eum velit qui laboriosam rem.', 1627.00, '1.png', 6, 9, '2020-08-12 11:18:46', '2020-08-12 11:18:46'),
(52, 'Earum autem voluptas.', 'Voluptatem ut nisi aliquid sunt quasi eveniet ut quia necessitatibus eaque magnam magni iure.', 'Tempore in odit est vero rerum praesentium corporis voluptas atque fuga sunt rerum unde blanditiis voluptate nihil quo a sequi atque earum ad modi culpa qui ab sit est corrupti corrupti est in dolor voluptatem nihil eveniet non eos ut unde quaerat occaecati molestias alias.', 2819.00, '1.png', 13, 5, '2020-08-12 11:18:46', '2020-08-12 11:18:46'),
(53, 'Hic ut quo.', 'Adipisci voluptas praesentium aspernatur minima quia doloremque velit.', 'Modi aut cum omnis ea error soluta dolores dolores impedit temporibus eius voluptatibus facilis dolores et molestiae tempore velit ducimus qui totam quis numquam ut et nesciunt eum id et est temporibus libero voluptas iure consectetur in dolorem qui dolorem perspiciatis officia qui voluptas iure fugiat voluptatem voluptas praesentium consequatur ipsam quo tempora aut.', 5860.00, '1.png', 13, 10, '2020-08-12 11:18:46', '2020-08-12 11:18:46'),
(54, 'Earum reprehenderit quam.', 'Consequatur aut tempore sed quas et et officiis voluptates iure adipisci in quisquam doloribus.', 'Nam quasi nostrum debitis non libero eligendi consectetur voluptatem aut voluptatem minus dolorem est officia debitis in sunt eveniet aspernatur nesciunt eos dolore vitae voluptate voluptas perspiciatis soluta tenetur ducimus cupiditate architecto ullam in ex odit ipsa neque debitis ut saepe rerum dicta doloribus eius voluptatum.', 9493.00, '1.png', 1, 19, '2020-08-12 11:18:46', '2020-08-12 11:18:46'),
(55, 'Quod consequuntur atque.', 'Autem aut minus maiores totam consequuntur quos corporis adipisci consequatur.', 'Ipsum dolores natus perferendis maxime et eos officia esse recusandae laudantium sed soluta voluptatem enim voluptates eos sint eum repudiandae rerum quia nulla itaque iure unde ea praesentium libero itaque nostrum.', 5077.00, '3.png', 4, 30, '2020-08-12 11:18:46', '2020-08-12 11:18:46'),
(56, 'Veniam aut.', 'Cum architecto dolores eos sed rem maiores est tempora.', 'Dolores ut eum adipisci pariatur ut qui eos omnis corrupti est veritatis quod odio non est nisi praesentium expedita aspernatur consequuntur est molestiae suscipit doloremque quod qui quae illo vitae ipsam mollitia distinctio id temporibus aut aliquid ab quia fugiat magni totam ad necessitatibus in ea et et consequatur qui libero sint beatae sit.', 9350.00, '2.png', 7, 38, '2020-08-12 11:18:46', '2020-08-12 11:18:46'),
(57, 'Amet ipsum optio velit.', 'Et vero eos voluptas consequatur exercitationem sapiente.', 'Voluptas dolor sapiente ea libero repudiandae quo illo est eveniet perferendis eius dolorem assumenda incidunt consequatur est sed voluptatum at officiis nihil nihil sunt asperiores eum sunt atque voluptas molestiae impedit rerum consectetur quod enim unde aut voluptas possimus nam cum libero expedita animi aut iusto est magnam ea modi blanditiis ex corporis.', 7334.00, '3.png', 14, 30, '2020-08-12 11:18:46', '2020-08-12 11:18:46'),
(58, 'Corrupti non molestiae sint optio.', 'Distinctio est et voluptatem culpa pariatur modi autem excepturi.', 'Iure sed fugit doloribus nihil molestiae quos harum sunt est voluptate omnis maxime impedit labore et esse et dicta eum omnis dolor recusandae reiciendis quis repellat incidunt nihil alias animi quam tenetur.', 9413.00, '1.png', 11, 36, '2020-08-12 11:18:46', '2020-08-12 11:18:46'),
(59, 'Doloribus nam consequatur ab consequatur.', 'Quidem qui ut atque rerum omnis esse illo placeat ratione.', 'Placeat accusantium ut omnis illo eveniet repellendus dolores ut illum eius beatae quaerat architecto possimus provident totam ex veniam omnis minima veniam rerum est qui aspernatur pariatur repudiandae eius qui aliquam nulla iusto quia quis et suscipit necessitatibus ut rerum laudantium molestiae possimus consequatur soluta ea magnam non sequi laudantium.', 8925.00, '2.png', 8, 37, '2020-08-12 11:18:46', '2020-08-12 11:18:46'),
(60, 'Autem non voluptas in.', 'Sit quos inventore voluptate aut a velit ut omnis at numquam iure consectetur.', 'Voluptatum velit molestiae cupiditate eligendi reiciendis pariatur vero et qui odio et quis mollitia voluptas et voluptates recusandae soluta nihil recusandae eos aut facilis repudiandae error eos sunt sed sapiente natus ut nostrum doloribus aut perspiciatis autem sequi aut.', 3454.00, '1.png', 2, 14, '2020-08-12 11:18:46', '2020-08-12 11:18:46'),
(61, 'Nisi reprehenderit fugit.', 'Molestiae numquam occaecati earum ut omnis natus.', 'Possimus vero a fugiat id omnis est sapiente necessitatibus a sit iste quas vitae ullam velit quos at laborum illo esse cum molestiae ut qui adipisci eum nihil voluptates dicta ab ut placeat eos ut consequatur praesentium rerum non dolore deleniti dolore totam ea quo officia.', 1298.00, '3.png', 7, 28, '2020-08-12 11:18:46', '2020-08-12 11:18:46'),
(62, 'Voluptatum nostrum nam dolor qui.', 'Neque eius sunt rerum voluptates perferendis qui.', 'Eius tenetur magni ex magni recusandae sunt voluptas explicabo natus tempora earum eveniet beatae vel quia autem perspiciatis officia eum iste accusantium et sed aut dolorum velit officia numquam sapiente maxime perspiciatis consectetur autem maxime necessitatibus et placeat quis.', 709.00, '1.png', 15, 4, '2020-08-12 11:18:46', '2020-08-12 11:18:46'),
(63, 'Distinctio inventore voluptatibus.', 'Illum provident atque enim repellendus ut quae.', 'Placeat quia vitae officiis dolor asperiores aperiam sint odio quia totam nihil aut dolorem rerum praesentium optio consequuntur aut perferendis natus non suscipit occaecati dolores sequi adipisci iusto rem in qui adipisci.', 3163.00, '2.png', 2, 6, '2020-08-12 11:18:46', '2020-08-12 11:18:46'),
(64, 'Eius est similique consectetur.', 'Provident omnis alias ut qui magnam quia enim aut dolorem dolores.', 'Dolores voluptatum nisi voluptate ut quia sed veritatis pariatur voluptatem sunt sapiente sed ipsam reiciendis et magni et hic natus modi reprehenderit illum iste nostrum laborum et et velit quod et necessitatibus excepturi molestiae minus explicabo quos non.', 9237.00, '3.png', 2, 38, '2020-08-12 11:18:46', '2020-08-12 11:18:46'),
(65, 'Ut dolorem iusto.', 'Voluptas eum alias omnis sunt magni fugiat est.', 'Qui quidem aut et recusandae id eius non vero hic nam fugiat vero voluptatibus non assumenda perferendis ducimus nostrum quibusdam voluptas molestias minima consequatur cupiditate voluptatem hic praesentium dolores rerum excepturi saepe non.', 6662.00, '1.png', 6, 9, '2020-08-12 11:18:46', '2020-08-12 11:18:46'),
(66, 'Vero dolores reprehenderit quas itaque.', 'Quibusdam veritatis iure qui molestiae sint iure ut possimus impedit facilis sit rerum.', 'Impedit rerum ut praesentium aut delectus maxime voluptas sapiente nihil vero ut facilis doloribus deleniti ut quia eum labore earum sunt voluptate eos nesciunt ea.', 7558.00, '2.png', 12, 26, '2020-08-12 11:18:46', '2020-08-12 11:18:46'),
(67, 'Similique quasi magnam et dolor.', 'Sequi ut aliquid odit illum et eos est ex earum repellendus.', 'Tenetur et hic voluptatum illo amet quis id blanditiis incidunt aliquid ut libero qui libero quaerat fugit quia ad rem dolore beatae quo consectetur ipsum ea eos.', 5698.00, '1.png', 10, 38, '2020-08-12 11:18:46', '2020-08-12 11:18:46'),
(68, 'Inventore voluptatem soluta.', 'Doloribus voluptatem sit quis voluptas non dolorem.', 'Qui consequatur ipsa consequatur voluptas placeat aliquam nobis consequuntur accusantium quo excepturi earum molestias minus eius magni animi tempore cupiditate illum molestias ut et totam molestias eum dignissimos ut sunt accusamus qui perspiciatis beatae et officia quo similique dicta itaque amet magni illum ut impedit quibusdam cumque unde voluptates at saepe eaque ab.', 5095.00, '2.png', 2, 31, '2020-08-12 11:18:46', '2020-08-12 11:18:46'),
(69, 'Suscipit expedita ipsam.', 'Nihil eligendi voluptate possimus qui at et amet.', 'Impedit omnis ipsam similique nobis magnam aut fugiat molestiae non consequatur et omnis eligendi ad ipsam sit aliquid neque aut qui quibusdam enim consequatur ipsum harum pariatur quia.', 9007.00, '3.png', 14, 23, '2020-08-12 11:18:46', '2020-08-12 11:18:46'),
(70, 'Cupiditate voluptatem hic fugiat.', 'Quibusdam magni aut temporibus labore adipisci iusto.', 'Doloribus eos illum minima facere dolores excepturi nostrum et cumque fugiat eius ut est dolorem ipsa officia optio qui culpa et molestiae ex iusto ea non et voluptas dolores fugiat soluta tenetur eum voluptatum atque officiis autem exercitationem vero.', 4961.00, '1.png', 13, 3, '2020-08-12 11:18:46', '2020-08-12 11:18:46'),
(71, 'Ipsum ipsam exercitationem.', 'Enim voluptatibus et molestias ut sit consequuntur quia dolor velit ipsa corrupti nesciunt.', 'Omnis cupiditate iusto sint nisi vel aut exercitationem voluptatem aliquam occaecati dolorum velit repellat totam ad animi nemo et et eos a accusamus nemo quos dolores mollitia architecto qui tenetur eos quis aliquid dignissimos doloremque expedita.', 9902.00, '2.png', 10, 5, '2020-08-12 11:18:46', '2020-08-12 11:18:46'),
(72, 'Deleniti et nulla.', 'Magni et iste impedit necessitatibus et quo sed.', 'Et nihil dignissimos et cumque quisquam ut repellendus doloremque qui ut velit in id eligendi voluptate rerum quo nobis quod ad dolores corporis eligendi aut nostrum ut vel aliquam delectus quia libero necessitatibus.', 3990.00, '3.png', 12, 3, '2020-08-12 11:18:46', '2020-08-12 11:18:46'),
(73, 'Velit quod sed.', 'Quo totam quo rerum nulla veniam cum eius natus.', 'Sit voluptatem consequuntur est architecto dolor accusamus ut autem eos qui consectetur animi minima non corporis a voluptatem excepturi qui dolor eum autem ipsam et ullam ut quo.', 6786.00, '3.png', 1, 33, '2020-08-12 11:18:46', '2020-08-12 11:18:46'),
(74, 'Quis ut ex.', 'Itaque quia ea doloribus molestiae autem molestias ad labore.', 'Sapiente unde laborum aliquid laudantium voluptas qui nesciunt sunt aperiam quisquam et aspernatur libero in suscipit dolorem repudiandae optio aut quo molestiae omnis ducimus omnis odio et architecto debitis ut ad sint quibusdam sit in natus sed.', 3844.00, '1.png', 10, 14, '2020-08-12 11:18:46', '2020-08-12 11:18:46'),
(75, 'Rerum iusto occaecati.', 'Ipsa vitae sed cupiditate quia voluptas quasi ea explicabo iure quo rem dolorem.', 'Vitae est doloremque facere similique beatae maxime ut vel quisquam est cumque maxime expedita aliquam dolorum deleniti qui dolorem rerum sunt aut quisquam non facilis possimus sed ipsam excepturi aut sit aperiam mollitia autem fugiat magnam.', 8413.00, '1.png', 6, 13, '2020-08-12 11:18:46', '2020-08-12 11:18:46'),
(76, 'Voluptates qui rerum omnis.', 'Doloremque veniam harum animi sint accusamus ad distinctio ab libero vero quidem ut omnis.', 'Quia enim necessitatibus neque ex veniam sit minima et laborum vero est quia numquam recusandae in porro molestias quas et itaque in eaque molestiae iusto velit nulla omnis labore libero iste quasi laudantium sed voluptas.', 2737.00, '1.png', 15, 18, '2020-08-12 11:18:46', '2020-08-12 11:18:46'),
(77, 'Quidem voluptatibus velit eum.', 'Perferendis expedita assumenda voluptatem modi aliquam quia fugiat magni quae ab.', 'Occaecati ducimus harum laboriosam aut qui aut magnam inventore qui porro soluta molestiae repudiandae dicta unde itaque voluptas officiis aut suscipit autem ducimus eos eum sed.', 4461.00, '2.png', 12, 34, '2020-08-12 11:18:46', '2020-08-12 11:18:46'),
(78, 'Qui vel aspernatur.', 'Provident eum dolorem tempore impedit tenetur error vero aut.', 'Voluptatum excepturi eum eos ex repudiandae aperiam iure minus exercitationem quia numquam aut molestias eveniet placeat nihil ut facilis quod dolorum soluta earum sunt quaerat deserunt cum consequatur non libero numquam eligendi et aut fugiat.', 9046.00, '3.png', 7, 37, '2020-08-12 11:18:46', '2020-08-12 11:18:46'),
(79, 'Occaecati reprehenderit porro.', 'Odit sint quos consectetur unde dolorem qui sapiente possimus ipsam ab perferendis expedita.', 'Reprehenderit cum at explicabo quasi rerum beatae eaque mollitia maxime aut ratione placeat labore et mollitia similique et doloribus molestiae eos hic earum ut accusamus mollitia rerum voluptatem aut a architecto voluptatem autem ratione perferendis soluta voluptatibus ratione repudiandae quasi et blanditiis.', 1000.00, '2.png', 15, 6, '2020-08-12 11:18:46', '2020-08-12 11:18:46'),
(80, 'Facilis debitis corrupti et.', 'Consequatur officiis est quisquam voluptatum magnam eos aut occaecati quibusdam quidem omnis voluptatibus.', 'Ipsa et et cupiditate dicta labore est quibusdam quasi vel incidunt minus rerum sed adipisci quis suscipit libero distinctio illo sint doloribus molestiae et sed.', 4381.00, '1.png', 10, 16, '2020-08-12 11:18:46', '2020-08-12 11:18:46'),
(81, 'Eum nisi ut commodi.', 'Omnis consequatur non nisi minus similique modi temporibus blanditiis qui sint tempore consequatur.', 'Animi suscipit dignissimos blanditiis temporibus alias nihil et odit accusamus facilis voluptatem voluptatem mollitia quam vitae voluptatibus quis vel maiores non ut repellendus doloribus dolor cum saepe inventore vel qui sit.', 3795.00, '1.png', 15, 18, '2020-08-12 11:18:46', '2020-08-12 11:18:46'),
(82, 'Veritatis eveniet corporis.', 'Voluptate excepturi quibusdam soluta illum sunt debitis et est fuga et ducimus quia.', 'Voluptatem magni soluta sunt facere exercitationem recusandae architecto vitae et aut qui odio eveniet dolor alias iusto rerum quia corrupti doloremque eum et rerum sint dolor nemo deserunt laboriosam in deserunt cumque laboriosam voluptatem enim aut itaque laborum nam ut dicta sed non ut pariatur odio laborum sit enim voluptates rem ad dolores.', 7573.00, '1.png', 8, 19, '2020-08-12 11:18:46', '2020-08-12 11:18:46'),
(83, 'Et consequatur ut repudiandae.', 'Repudiandae qui asperiores aut magni laudantium esse similique omnis voluptate cumque aut ut.', 'Et fugit eum delectus asperiores consequatur ut qui qui voluptatem ducimus distinctio eos impedit dolores suscipit assumenda quis eligendi corrupti doloribus quisquam aut sed assumenda et dolore qui magnam quia in aspernatur sapiente vel atque ducimus et aut ea voluptatem delectus sed quod.', 8078.00, '3.png', 4, 11, '2020-08-12 11:18:46', '2020-08-12 11:18:46'),
(84, 'Et veritatis aut harum.', 'Sapiente officiis ipsa eos earum voluptatibus inventore voluptatum incidunt.', 'Suscipit illum voluptatibus non rerum et odit velit ut deleniti ad itaque sit ipsa nostrum aliquam exercitationem impedit qui quis iure voluptatum ea et suscipit.', 815.00, '2.png', 14, 24, '2020-08-12 11:18:46', '2020-08-12 11:18:46'),
(85, 'Rem aut magnam asperiores.', 'Et et in voluptatibus commodi sequi odio consectetur impedit impedit quasi.', 'Dolorem dolorem delectus et unde sint nulla non dolorem commodi molestias quaerat inventore aliquid facere cumque blanditiis laborum perferendis est dignissimos perferendis harum aut sunt quas enim voluptatem soluta iure tempora molestias omnis harum facere aut consequatur vitae in consectetur itaque minus aut excepturi et et officiis quo facilis voluptatibus.', 4280.00, '2.png', 11, 17, '2020-08-12 11:18:46', '2020-08-12 11:18:46'),
(86, 'Vitae et accusamus debitis.', 'Et sint vel atque in pariatur reprehenderit nisi explicabo.', 'Voluptates autem consequatur consequatur quam saepe natus libero perferendis eius expedita a molestiae vero sit enim labore eos corporis eum officiis sint occaecati maiores et aliquid at facilis molestiae laboriosam reiciendis incidunt totam aperiam voluptatem et distinctio cum eos et non quasi quibusdam quam velit qui iusto praesentium in quasi voluptas aperiam et aut voluptas ut.', 760.00, '1.png', 3, 36, '2020-08-12 11:18:46', '2020-08-12 11:18:46');

-- --------------------------------------------------------

--
-- Table structure for table `course_student`
--

CREATE TABLE `course_student` (
  `id` bigint(20) UNSIGNED NOT NULL,
  `course_id` bigint(20) UNSIGNED NOT NULL,
  `student_id` bigint(20) UNSIGNED NOT NULL,
  `created_at` timestamp NULL DEFAULT NULL,
  `updated_at` timestamp NULL DEFAULT NULL
) ENGINE=InnoDB DEFAULT CHARSET=utf8mb4 COLLATE=utf8mb4_unicode_ci;

--
-- Dumping data for table `course_student`
--

INSERT INTO `course_student` (`id`, `course_id`, `student_id`, `created_at`, `updated_at`) VALUES
(1, 31, 20, '2020-08-12 11:26:00', '2020-08-12 11:26:00'),
(2, 23, 2, '2020-08-12 11:26:00', '2020-08-12 11:26:00'),
(3, 84, 7, '2020-08-12 11:26:01', '2020-08-12 11:26:01'),
(4, 57, 11, '2020-08-12 11:26:01', '2020-08-12 11:26:01'),
(5, 48, 17, '2020-08-12 11:26:01', '2020-08-12 11:26:01'),
(6, 27, 11, '2020-08-12 11:26:01', '2020-08-12 11:26:01'),
(7, 43, 2, '2020-08-12 11:26:01', '2020-08-12 11:26:01'),
(8, 68, 20, '2020-08-12 11:26:01', '2020-08-12 11:26:01'),
(9, 20, 4, '2020-08-12 11:26:01', '2020-08-12 11:26:01'),
(10, 71, 8, '2020-08-12 11:26:01', '2020-08-12 11:26:01'),
(11, 12, 12, '2020-08-12 11:26:01', '2020-08-12 11:26:01'),
(12, 59, 20, '2020-08-12 11:26:01', '2020-08-12 11:26:01'),
(13, 79, 16, '2020-08-12 11:26:01', '2020-08-12 11:26:01'),
(14, 64, 10, '2020-08-12 11:26:01', '2020-08-12 11:26:01'),
(15, 19, 18, '2020-08-12 11:26:01', '2020-08-12 11:26:01'),
(16, 20, 8, '2020-08-12 11:26:02', '2020-08-12 11:26:02'),
(17, 27, 3, '2020-08-12 11:26:02', '2020-08-12 11:26:02'),
(18, 64, 7, '2020-08-12 11:26:02', '2020-08-12 11:26:02'),
(19, 11, 5, '2020-08-12 11:26:02', '2020-08-12 11:26:02'),
(20, 28, 8, '2020-08-12 11:26:02', '2020-08-12 11:26:02'),
(21, 15, 13, '2020-08-12 11:26:02', '2020-08-12 11:26:02'),
(22, 19, 5, '2020-08-12 11:26:02', '2020-08-12 11:26:02'),
(23, 71, 1, '2020-08-12 11:26:02', '2020-08-12 11:26:02'),
(24, 57, 17, '2020-08-12 11:26:02', '2020-08-12 11:26:02'),
(25, 77, 8, '2020-08-12 11:26:02', '2020-08-12 11:26:02'),
(26, 33, 2, '2020-08-12 11:26:02', '2020-08-12 11:26:02'),
(27, 8, 15, '2020-08-12 11:26:02', '2020-08-12 11:26:02'),
(28, 67, 20, '2020-08-12 11:26:02', '2020-08-12 11:26:02'),
(29, 1, 16, '2020-08-12 11:26:03', '2020-08-12 11:26:03');

-- --------------------------------------------------------

--
-- Table structure for table `emails`
--

CREATE TABLE `emails` (
  `id` bigint(20) UNSIGNED NOT NULL,
  `name` varchar(100) COLLATE utf8mb4_unicode_ci NOT NULL,
  `email` varchar(100) COLLATE utf8mb4_unicode_ci NOT NULL,
  `subject` varchar(100) COLLATE utf8mb4_unicode_ci NOT NULL,
  `message` text COLLATE utf8mb4_unicode_ci NOT NULL,
  `created_at` timestamp NULL DEFAULT NULL,
  `updated_at` timestamp NULL DEFAULT NULL
) ENGINE=InnoDB DEFAULT CHARSET=utf8mb4 COLLATE=utf8mb4_unicode_ci;

--
-- Dumping data for table `emails`
--

INSERT INTO `emails` (`id`, `name`, `email`, `subject`, `message`, `created_at`, `updated_at`) VALUES
(1, 'ahmed mohamed', 'ahmed@gmail.com', 'No subject, just test', 'Hello this is a test email', '2020-08-12 14:32:53', '2020-08-12 14:32:53');

-- --------------------------------------------------------

--
-- Table structure for table `homes`
--

CREATE TABLE `homes` (
  `id` bigint(20) UNSIGNED NOT NULL,
  `mainTitle` varchar(150) COLLATE utf8mb4_unicode_ci NOT NULL,
  `secondaryTitle` varchar(150) COLLATE utf8mb4_unicode_ci NOT NULL,
  `siteName` varchar(50) COLLATE utf8mb4_unicode_ci NOT NULL,
  `logo` varchar(100) COLLATE utf8mb4_unicode_ci NOT NULL
) ENGINE=InnoDB DEFAULT CHARSET=utf8mb4 COLLATE=utf8mb4_unicode_ci;

--
-- Dumping data for table `homes`
--

INSERT INTO `homes` (`id`, `mainTitle`, `secondaryTitle`, `siteName`, `logo`) VALUES
(1, 'Lacus viverra vitae congue eu consequat ac felis', 'Sit amet dictum sit amet justo. Bibendum ut tristique et egestas', 'Egy Edu', 'logo.png');

-- --------------------------------------------------------

--
-- Table structure for table `instructors`
--

CREATE TABLE `instructors` (
  `id` bigint(20) UNSIGNED NOT NULL,
  `name` varchar(255) COLLATE utf8mb4_unicode_ci NOT NULL,
  `email` varchar(255) COLLATE utf8mb4_unicode_ci NOT NULL,
  `email_verified_at` timestamp NULL DEFAULT NULL,
  `password` varchar(255) COLLATE utf8mb4_unicode_ci NOT NULL,
  `cardNumber` varchar(16) COLLATE utf8mb4_unicode_ci DEFAULT NULL,
  `cardNumber_verified_at` timestamp NULL DEFAULT NULL,
  `img` varchar(100) COLLATE utf8mb4_unicode_ci DEFAULT NULL,
  `DOB` timestamp NULL DEFAULT NULL,
  `about` text COLLATE utf8mb4_unicode_ci NOT NULL,
  `specialize` text COLLATE utf8mb4_unicode_ci DEFAULT NULL,
  `experience` text COLLATE utf8mb4_unicode_ci DEFAULT NULL,
  `country` varchar(100) COLLATE utf8mb4_unicode_ci NOT NULL,
  `remember_token` varchar(100) COLLATE utf8mb4_unicode_ci DEFAULT NULL,
  `created_at` timestamp NULL DEFAULT NULL,
  `updated_at` timestamp NULL DEFAULT NULL
) ENGINE=InnoDB DEFAULT CHARSET=utf8mb4 COLLATE=utf8mb4_unicode_ci;

--
-- Dumping data for table `instructors`
--

INSERT INTO `instructors` (`id`, `name`, `email`, `email_verified_at`, `password`, `cardNumber`, `cardNumber_verified_at`, `img`, `DOB`, `about`, `specialize`, `experience`, `country`, `remember_token`, `created_at`, `updated_at`) VALUES
(1, 'Dr. Rodger Wehner I', 'a@gmail.com', NULL, '$2y$10$bEYUBYZPAFvhxu2EeZBPwulYs2AVwJSmtjhjBKcbvHxM9rcDqWpmm', NULL, NULL, 'team1.png', '2011-07-31 22:00:00', 'Sed consectetur nulla ipsa consequatur temporibus.', 'Nemo qui distinctio.', 'Velit sed et sed tenetur sequi rerum necessitatibus sunt beatae consequatur quia earum temporibus.', 'Barbados', NULL, '2020-08-12 11:18:02', '2020-08-12 11:18:02'),
(2, 'Prof. Elijah Olson PhD', 'vance04@hotmail.com', NULL, '0RB7_25@9GUB.JL', NULL, NULL, 'team1.png', '2002-05-21 21:00:00', 'Magnam iure consequuntur veniam eum.', 'Id blanditiis.', 'Sint omnis ipsa modi voluptatum consectetur modi vel occaecati sit praesentium nihil eius sit rerum velit.', 'Greenland', NULL, '2020-08-12 11:18:02', '2020-08-12 11:18:02'),
(3, 'Mr. Mckenzie Bogan Sr.', 'herman.amanda@king.biz', NULL, '8A9U@Y6XG.CT', NULL, NULL, 'team2.png', '1976-06-02 21:00:00', 'Dolorem provident pariatur ipsum maxime aut.', 'Corrupti quia.', 'Ut exercitationem in commodi dolorum eum quia aut eum voluptatem est assumenda est.', 'Maldives', NULL, '2020-08-12 11:18:02', '2020-08-12 11:18:02'),
(4, 'Wayne Hirthe', 'elbert71@hotmail.com', NULL, 'JI@1P.RY', NULL, NULL, 'team3.png', '2018-10-05 22:00:00', 'Eligendi repellat sunt omnis commodi vel hic.', 'Iusto quo.', 'Unde odit maxime sit facilis ab provident porro sed eum eaque dolorem eos qui.', 'Slovakia (Slovak Republic)', NULL, '2020-08-12 11:18:02', '2020-08-12 11:18:02'),
(5, 'Patsy Anderson', 'hahn.wilma@waelchi.com', NULL, '0I@BXU9.FU', NULL, NULL, 'team3.png', '1991-01-03 22:00:00', 'Excepturi sunt quas ipsum sint velit.', 'Error quia nostrum.', 'Qui culpa non ipsam neque mollitia consequuntur atque et est earum.', 'Madagascar', NULL, '2020-08-12 11:18:02', '2020-08-12 11:18:02'),
(6, 'Fay Abernathy', 'tillman27@ryan.info', NULL, '7OJVYIUVR@EP1PD.HX', NULL, NULL, 'team3.png', '1980-09-12 21:00:00', 'Consequatur voluptate eum hic ut.', 'Dolores vero.', 'Mollitia sunt magni voluptas facilis fugiat nihil dicta rerum libero provident.', 'Switzerland', NULL, '2020-08-12 11:18:02', '2020-08-12 11:18:02'),
(7, 'Austin Brekke', 'chelsey79@gottlieb.com', NULL, 'FKY@U.BW', NULL, NULL, 'team3.png', '1981-06-18 21:00:00', 'Debitis veniam sunt non consequatur vel.', 'Et ducimus.', 'Autem fugiat soluta ipsum debitis qui inventore quia reiciendis culpa dolore ab aut voluptatem earum.', 'Moldova', NULL, '2020-08-12 11:18:02', '2020-08-12 11:18:02'),
(8, 'Karl Corwin', 'larry.abshire@gmail.com', NULL, 'KU3%@KSVHR.GDR', NULL, NULL, 'team1.png', '2019-03-21 22:00:00', 'Et et consequatur eos aliquid dolore quas.', 'Nihil cumque ea.', 'Delectus atque voluptas veritatis ipsa eveniet sed deserunt voluptatem architecto ipsa incidunt enim.', 'Serbia', NULL, '2020-08-12 11:18:02', '2020-08-12 11:18:02'),
(9, 'Mrs. Kiarra Schamberger IV', 'otoy@thiel.com', NULL, '%ODG@QB6UG8-9.PN', NULL, NULL, 'team2.png', '1982-05-13 22:00:00', 'Inventore qui et ratione amet itaque eum placeat aut.', 'Consequuntur qui unde.', 'Temporibus voluptatem odit in qui et natus perferendis eveniet eligendi unde voluptatum ut enim cum ea.', 'Lithuania', NULL, '2020-08-12 11:18:02', '2020-08-12 11:18:02'),
(10, 'Prof. Westley Luettgen Jr.', 'melody.tremblay@yahoo.com', NULL, 'J%HNZW%-@2E.YU', NULL, NULL, 'team1.png', '1978-09-01 21:00:00', 'Dignissimos vel dolorum magnam sequi minus sunt.', 'Ipsa saepe quasi.', 'Sit quam velit beatae minima est rerum repellat asperiores quis sint dolores aut.', 'Bhutan', NULL, '2020-08-12 11:18:02', '2020-08-12 11:18:02'),
(11, 'Mrs. Roma Walter IV', 'anastacio61@hand.com', NULL, 'X@S.NSZ', NULL, NULL, 'team3.png', '1993-02-07 22:00:00', 'Nihil ut voluptas itaque ea dolorum aperiam harum.', 'Rem est.', 'Sit aut perferendis aut consequatur omnis aut ad voluptate excepturi sit eum vitae et.', 'United States Minor Outlying Islands', NULL, '2020-08-12 11:18:02', '2020-08-12 11:18:02'),
(12, 'Ariel Rice', 'spinka.alexander@gmail.com', NULL, 'A@DOO.CY', NULL, NULL, 'team3.png', '1995-11-30 22:00:00', 'Ratione nihil qui magni at.', 'Ea deleniti.', 'Cum autem ipsa vel repudiandae hic nulla ut provident iste deleniti occaecati omnis vel quos delectus aut molestiae occaecati fugiat ea.', 'Cuba', NULL, '2020-08-12 11:18:02', '2020-08-12 11:18:02'),
(13, 'Ms. Kelsi Labadie', 'burdette24@hotmail.com', NULL, '95FDQ@U.MIM', NULL, NULL, 'team3.png', '2013-05-04 22:00:00', 'Quia impedit autem aut unde.', 'Omnis vero et.', 'Qui inventore et ut itaque dolores debitis expedita sed distinctio omnis architecto.', 'Zimbabwe', NULL, '2020-08-12 11:18:02', '2020-08-12 11:18:02'),
(14, 'Lizeth Bahringer DDS', 'monroe11@stanton.com', NULL, 'I@F.UM', NULL, NULL, 'team3.png', '1992-04-24 22:00:00', 'Temporibus eveniet non nihil quisquam atque dolorem.', 'Qui ducimus eaque.', 'Maiores recusandae nisi qui consequatur culpa sapiente pariatur aliquid debitis facilis.', 'Ecuador', NULL, '2020-08-12 11:18:02', '2020-08-12 11:18:02'),
(15, 'Joanie Lang', 'kozey.javier@monahan.com', NULL, '72@XEP1P.YZHO', NULL, NULL, 'team3.png', '2018-10-05 22:00:00', 'Voluptatem eos qui vitae odit omnis sint.', 'Molestiae eum pariatur.', 'Vero facere eos autem id iusto accusantium sit ad incidunt.', 'Lithuania', NULL, '2020-08-12 11:18:02', '2020-08-12 11:18:02'),
(16, 'Prof. Ressie Strosin', 'damore.gaylord@murphy.net', NULL, 'YD%I@3.OICW', NULL, NULL, 'team1.png', '1990-04-08 22:00:00', 'Aspernatur earum quis libero et cumque nihil.', 'Molestias expedita recusandae.', 'Fuga qui officia ullam veniam qui laboriosam sed omnis consequatur possimus.', 'Haiti', NULL, '2020-08-12 11:18:02', '2020-08-12 11:18:02'),
(17, 'Prof. Zella Kub', 'roberta.eichmann@eichmann.com', NULL, 'YR5JH%_6K@WB]QK-FC.XTN', NULL, NULL, 'team3.png', '2006-06-01 21:00:00', 'A laboriosam inventore dolorem necessitatibus voluptates.', 'Eius voluptas.', 'Sapiente non numquam velit qui consequatur molestiae sunt sint quo.', 'New Caledonia', NULL, '2020-08-12 11:18:02', '2020-08-12 11:18:02'),
(18, 'Dr. Tre Langworth', 'rowland.skiles@hotmail.com', NULL, 'J@8.OA', NULL, NULL, 'team2.png', '1985-12-26 22:00:00', 'Quas sit exercitationem odit sunt quo.', 'Animi et.', 'Non pariatur sequi nemo rem id fugiat illum deserunt nam itaque.', 'Norfolk Island', NULL, '2020-08-12 11:18:02', '2020-08-12 11:18:02'),
(19, 'Bud Morar', 'gabriella76@hotmail.com', NULL, 'FG@H7E.GSTO', NULL, NULL, 'team2.png', '1991-09-07 21:00:00', 'Perspiciatis numquam dolores fugit.', 'Voluptas dolores sed.', 'Error ut soluta hic distinctio voluptatem molestiae et modi corrupti.', 'Jordan', NULL, '2020-08-12 11:18:02', '2020-08-12 11:18:02'),
(20, 'Mrs. Josie Upton', 'cbecker@yahoo.com', NULL, 'BYN@EN.OWG', NULL, NULL, 'team1.png', '1997-12-23 22:00:00', 'Exercitationem dolor repellendus vel amet sint repellendus.', 'Rem ut neque.', 'Ut ut quae culpa iure aut et accusantium similique placeat minima ut laboriosam a rerum sed et nihil repellendus unde.', 'Haiti', NULL, '2020-08-12 11:18:02', '2020-08-12 11:18:02'),
(21, 'Carmine Zulauf DVM', 'hugh40@yahoo.com', NULL, '5PCP@44YTJ.ROM', NULL, NULL, 'team1.png', '1988-06-05 21:00:00', 'Et aut facere et inventore quae et hic.', 'Nisi maxime.', 'Animi soluta voluptatem voluptas aliquam officiis alias pariatur velit nulla quam consectetur consequatur sed maxime ea quo possimus doloremque.', 'Tonga', NULL, '2020-08-12 11:18:02', '2020-08-12 11:18:02'),
(22, 'Katlynn Shields', 'sroberts@yahoo.com', NULL, '5-Q%@EF.HML', NULL, NULL, 'team1.png', '2017-08-21 22:00:00', 'At est voluptas et voluptas.', 'Voluptatem omnis atque.', 'Totam aliquid rem iste ut laboriosam qui porro est quas voluptatem rerum accusantium debitis cumque sed reprehenderit aut.', 'Saint Lucia', NULL, '2020-08-12 11:18:02', '2020-08-12 11:18:02'),
(23, 'Bernita Romaguera', 'jonathan88@gusikowski.info', NULL, 'T_8%@BSY4.OITR', NULL, NULL, 'team2.png', '1986-11-12 22:00:00', 'Maxime debitis blanditiis vitae corrupti.', 'Eos qui ipsum.', 'Sed quo ratione ipsum fuga tenetur consequuntur ea laboriosam numquam at minus quas explicabo et asperiores.', 'Georgia', NULL, '2020-08-12 11:18:02', '2020-08-12 11:18:02'),
(24, 'Alvena Senger', 'wswift@hotmail.com', NULL, '7%9@FG.ZRO', NULL, NULL, 'team3.png', '2017-11-26 22:00:00', 'Voluptates explicabo tempora est aliquid hic.', 'Esse in.', 'Et nobis eveniet eius officia distinctio eius sint ea sint similique dolore est perferendis aspernatur consequuntur vero.', 'Cayman Islands', NULL, '2020-08-12 11:18:02', '2020-08-12 11:18:02'),
(25, 'Catherine Kulas IV', 'hermann.arden@stanton.com', NULL, '8@09.HOUP', NULL, NULL, 'team1.png', '1985-02-16 22:00:00', 'Et exercitationem culpa voluptatum quis.', 'Consequatur consequatur quasi.', 'Illo vel totam debitis et et ut blanditiis reiciendis velit et eius fugiat dolores aperiam.', 'Kuwait', NULL, '2020-08-12 11:18:02', '2020-08-12 11:18:02'),
(26, 'Niko Toy I', 'shaniya88@lebsack.com', NULL, 'U-S23%@W7YFK.HAEA', NULL, NULL, 'team2.png', '2004-04-26 22:00:00', 'Eos error aut reprehenderit non aliquam.', 'Aut molestiae.', 'Et blanditiis et qui magni reprehenderit voluptates ut voluptas ab officiis magni ullam repudiandae veniam voluptatem perspiciatis doloremque.', 'Cuba', NULL, '2020-08-12 11:18:02', '2020-08-12 11:18:02'),
(27, 'Delphia Kulas', 'awyman@hotmail.com', NULL, 'WVB@1N.YHXK', NULL, NULL, 'team1.png', '2001-09-05 21:00:00', 'Totam quo officia ipsa rem quisquam.', 'Et in veniam.', 'Earum odit architecto illo eius voluptas et et quaerat deserunt labore et dolore cum quis.', 'Finland', NULL, '2020-08-12 11:18:02', '2020-08-12 11:18:02'),
(28, 'Dr. Rahsaan Jast PhD', 'sshanahan@baumbach.com', NULL, '4@AU.HTJF', NULL, NULL, 'team2.png', '1992-07-28 21:00:00', 'Ut accusamus dolorem laudantium ut ad quae quae.', 'Commodi inventore.', 'Voluptatum libero explicabo omnis rerum autem et repellendus aut occaecati delectus distinctio ea facere possimus eum consequatur.', 'Guinea', NULL, '2020-08-12 11:18:02', '2020-08-12 11:18:02'),
(29, 'Easter Abshire PhD', 'wilma.wuckert@fritsch.biz', NULL, 'UK@5VLSQ.GPRO', NULL, NULL, 'team3.png', '1997-03-15 22:00:00', 'Blanditiis sit magni nemo sequi hic consectetur.', 'Qui libero veritatis.', 'Nulla voluptas explicabo assumenda dicta deserunt illum deserunt quas dolore enim quia voluptas qui eos nihil.', 'Cape Verde', NULL, '2020-08-12 11:18:02', '2020-08-12 11:18:02'),
(30, 'Ima Treutel', 'meta.muller@yahoo.com', NULL, '4X@S-CZC.OMZ', NULL, NULL, 'team3.png', '1996-02-08 22:00:00', 'Aut voluptates pariatur enim saepe qui.', 'Labore quos.', 'Delectus architecto fuga iste molestiae ut vitae explicabo in impedit ab quo inventore suscipit tempora aspernatur hic.', 'Norway', NULL, '2020-08-12 11:18:02', '2020-08-12 11:18:02'),
(31, 'Kiarra Grimes', 'mstehr@swaniawski.com', NULL, 'HE@PV.LJCO', NULL, NULL, 'team3.png', '1997-02-23 22:00:00', 'Illo ab sit perspiciatis veritatis.', 'Doloremque architecto.', 'Sint qui unde officiis error aliquid nobis explicabo quia minus corrupti necessitatibus distinctio excepturi ut aut delectus aspernatur et nisi expedita.', 'Pitcairn Islands', NULL, '2020-08-12 11:18:02', '2020-08-12 11:18:02'),
(32, 'Roberta Satterfield', 'arvel28@yahoo.com', NULL, ':%_3_-@1YYO.MS', NULL, NULL, 'team1.png', '1982-03-26 22:00:00', 'Dolor eius excepturi eaque itaque.', 'Molestias vero.', 'Exercitationem dolor itaque numquam id quia ipsa sint nisi ut rerum ab sit iusto accusantium reprehenderit quo laudantium temporibus.', 'Ecuador', NULL, '2020-08-12 11:18:02', '2020-08-12 11:18:02'),
(33, 'Darius Gulgowski', 'dmetz@ondricka.com', NULL, '532V@VV.RG', NULL, NULL, 'team1.png', '2018-12-04 22:00:00', 'Molestiae nulla ut et eius deleniti non rerum libero.', 'Delectus vel.', 'Quis laudantium blanditiis dolores enim cupiditate dolores explicabo quis natus fugiat maiores eum id eos ipsum est.', 'Falkland Islands (Malvinas)', NULL, '2020-08-12 11:18:02', '2020-08-12 11:18:02'),
(34, 'Kellen O\'Connell', 'earnestine73@yahoo.com', NULL, 'USW@LX.LUMK', NULL, NULL, 'team3.png', '1982-01-06 22:00:00', 'Quo et iure facilis rerum.', 'Libero similique asperiores.', 'Quibusdam eius assumenda sed nobis qui iusto optio sed totam sequi voluptate.', 'Korea', NULL, '2020-08-12 11:18:02', '2020-08-12 11:18:02'),
(35, 'Gust Hermiston', 'tdooley@gmail.com', NULL, 'Y\'5@GW.JGVD', NULL, NULL, 'team2.png', '1980-09-25 21:00:00', 'Officiis non laudantium molestias voluptatum quia explicabo qui.', 'Quisquam et.', 'Magnam in tempore numquam necessitatibus voluptatem dolorem eaque est inventore consequatur repellendus et accusantium.', 'Barbados', NULL, '2020-08-12 11:18:02', '2020-08-12 11:18:02'),
(36, 'Ms. Tara Walsh', 'feest.noel@gislason.com', NULL, 'P@RJ704DVW.XGIS', NULL, NULL, 'team1.png', '1983-11-27 22:00:00', 'Perferendis ex vitae quaerat minus.', 'Aut officiis omnis.', 'Voluptatem aut libero fuga iusto amet labore aspernatur et amet praesentium explicabo animi illo.', 'Timor-Leste', NULL, '2020-08-12 11:18:02', '2020-08-12 11:18:02'),
(37, 'Blanca Trantow PhD', 'josiah.champlin@gmail.com', NULL, 'I@Z1U.DQF', NULL, NULL, 'team1.png', '2016-09-19 22:00:00', 'Perferendis et sed ut mollitia molestiae.', 'Odio adipisci animi.', 'Minima eos sunt ex quasi reiciendis ipsa nihil voluptatum non quo laudantium eaque assumenda quasi et enim aut blanditiis quos dolores sunt.', 'Martinique', NULL, '2020-08-12 11:18:02', '2020-08-12 11:18:02'),
(38, 'Ms. Ethyl Lebsack II', 'cheidenreich@yahoo.com', NULL, '-@H.JOK', NULL, NULL, 'team2.png', '2015-07-13 22:00:00', 'Ipsam aut a ut voluptate.', 'Natus inventore.', 'Quasi ea consequatur esse corporis accusantium veniam qui autem quisquam et enim odio delectus error doloribus veniam quis dolore.', 'Brazil', NULL, '2020-08-12 11:18:02', '2020-08-12 11:18:02'),
(39, 'Dr. Braeden Cassin III', 'cullen69@hotmail.com', NULL, 'E@K.HFB', NULL, NULL, 'team2.png', '1996-05-10 21:00:00', 'Blanditiis architecto porro soluta ad in.', 'Et voluptatem nisi.', 'Veniam aut illum est placeat explicabo adipisci beatae voluptatem qui qui accusantium error et.', 'Burkina Faso', NULL, '2020-08-12 11:18:02', '2020-08-12 11:18:02'),
(40, 'Jasmin Davis III', 'moshe84@yahoo.com', NULL, 'S@O.TXI', NULL, NULL, 'team3.png', '2015-11-13 22:00:00', 'Nihil aut ratione possimus ab distinctio et id libero.', 'Exercitationem enim.', 'Similique aut itaque consequatur aut tenetur eaque vel id eaque natus quis hic totam deserunt non.', 'New Zealand', NULL, '2020-08-12 11:18:02', '2020-08-12 11:18:02');

-- --------------------------------------------------------

--
-- Table structure for table `lectures`
--

CREATE TABLE `lectures` (
  `id` bigint(20) UNSIGNED NOT NULL,
  `title` varchar(100) COLLATE utf8mb4_unicode_ci NOT NULL,
  `desc` text COLLATE utf8mb4_unicode_ci NOT NULL,
  `img` varchar(255) COLLATE utf8mb4_unicode_ci NOT NULL,
  `duration` time DEFAULT NULL,
  `course_id` bigint(20) UNSIGNED NOT NULL,
  `created_at` timestamp NULL DEFAULT NULL,
  `updated_at` timestamp NULL DEFAULT NULL
) ENGINE=InnoDB DEFAULT CHARSET=utf8mb4 COLLATE=utf8mb4_unicode_ci;

--
-- Dumping data for table `lectures`
--

INSERT INTO `lectures` (`id`, `title`, `desc`, `img`, `duration`, `course_id`, `created_at`, `updated_at`) VALUES
(1, 'Error vel voluptatibus ad.', 'Incidunt blanditiis corporis tempora dolorem ut eos dignissimos nihil id accusantium repudiandae odio adipisci qui nemo optio ducimus cumque blanditiis aut minus repudiandae impedit ratione quisquam veniam.', 'cat5.svg', '06:51:45', 28, '2020-08-12 14:36:26', '2020-08-12 14:36:26'),
(2, 'Possimus sed soluta fuga.', 'Velit aut et aut necessitatibus aut expedita earum rerum ipsam neque vero harum et maxime itaque ut sequi ut repudiandae facilis minima voluptate doloremque eos voluptates quia eveniet alias consectetur maxime eius in.', 'cat5.svg', '23:41:54', 36, '2020-08-12 14:36:26', '2020-08-12 14:36:26'),
(3, 'Tempora et quibusdam.', 'Consequatur reprehenderit quod suscipit odit laboriosam incidunt eos nihil vel neque eos laudantium culpa maiores ipsa labore praesentium dolores fugiat quasi nobis quis sunt numquam alias vero culpa officia totam et autem qui quas impedit.', 'cat2.svg', '16:22:25', 40, '2020-08-12 14:36:26', '2020-08-12 14:36:26'),
(4, 'Sint aut impedit ut.', 'Cum rem aut in beatae deserunt perspiciatis rerum et rerum et maxime repellendus tenetur enim asperiores omnis voluptatem sint dolorem deleniti ut recusandae consequatur deleniti a aspernatur non provident quis debitis officiis omnis repellendus quia odio provident voluptate optio veritatis facilis et voluptatibus qui molestiae vel voluptatem tempore ut eaque ab dolore itaque aperiam aperiam.', 'cat2.svg', '04:46:59', 14, '2020-08-12 14:36:26', '2020-08-12 14:36:26'),
(5, 'Consequuntur odit nulla.', 'Tempora eaque repudiandae sit praesentium aut unde amet qui explicabo vero esse praesentium voluptas et commodi pariatur nulla exercitationem rerum dolorum sint vero odit sint necessitatibus molestiae et labore recusandae assumenda maiores consectetur eaque beatae et minus perferendis omnis odio nemo maiores ullam totam nihil veritatis.', 'cat3.svg', '13:40:11', 85, '2020-08-12 14:36:26', '2020-08-12 14:36:26'),
(6, 'Facere molestiae voluptatem aut.', 'Et provident hic quis beatae aspernatur architecto est excepturi quae distinctio itaque voluptate et quia eos voluptas enim veniam debitis ipsa aut eligendi et aspernatur nihil rerum quo totam aut quaerat tenetur praesentium iste ut aut minima quibusdam accusamus ea ut vitae nemo qui.', 'cat1.svg', '11:05:44', 56, '2020-08-12 14:36:26', '2020-08-12 14:36:26'),
(7, 'Exercitationem quidem omnis.', 'Quo labore et velit delectus reiciendis asperiores voluptatum autem qui voluptatem dicta maiores dolore rerum quos inventore totam doloremque hic maxime ut non sit harum sit laboriosam quam necessitatibus beatae error praesentium sint occaecati cum odio modi aut ut numquam exercitationem non sequi molestiae exercitationem placeat nemo voluptate deserunt itaque sequi rerum nesciunt exercitationem.', 'cat3.svg', '11:47:18', 32, '2020-08-12 14:36:26', '2020-08-12 14:36:26'),
(8, 'Ut minima eligendi voluptate.', 'Libero id veritatis voluptate et et alias accusamus ad provident quod eligendi nihil qui voluptas facere doloremque delectus veritatis mollitia dolorem at et ea velit harum distinctio nihil ut ea tempore et qui consequatur fugiat voluptatibus repudiandae laborum ullam magni cumque repellat sed voluptatem fuga omnis est.', 'cat1.svg', '23:15:23', 38, '2020-08-12 14:36:26', '2020-08-12 14:36:26'),
(9, 'Voluptates ullam qui.', 'Debitis voluptatem aut similique eum fuga praesentium vel officiis quia necessitatibus voluptatem quis culpa hic velit sit sint est explicabo architecto vel corrupti sit deserunt molestias eius laboriosam magnam a laborum consectetur mollitia delectus maiores minus beatae veritatis ut accusamus sunt alias exercitationem laborum nihil earum et dolor quae illo ut.', 'cat1.svg', '04:26:55', 65, '2020-08-12 14:36:26', '2020-08-12 14:36:26'),
(10, 'Dolores distinctio voluptatibus pariatur corporis.', 'Aut animi qui et iure eius magnam quaerat dolorem tempora accusantium repellat omnis eveniet ipsam et voluptas praesentium ipsam nihil animi facilis excepturi temporibus qui cum repellat eos possimus at perferendis voluptas et omnis est sequi voluptate sunt minus quaerat.', 'cat1.svg', '03:00:29', 25, '2020-08-12 14:36:26', '2020-08-12 14:36:26'),
(11, 'Accusamus quia quam quam sequi.', 'Ad ex unde repellat quos nostrum in ea corporis sapiente quia quia molestiae provident vel sint enim et sint aut perspiciatis quia unde laboriosam minus eos.', 'cat2.svg', '17:55:18', 14, '2020-08-12 14:36:26', '2020-08-12 14:36:26'),
(12, 'Voluptatem non aut magnam aut.', 'Ut quo quia omnis corporis quo ut quis aut dolor aliquid asperiores ut facere facilis debitis sunt sed esse aut sit eveniet dolorem quae eaque.', 'cat2.svg', '14:10:47', 20, '2020-08-12 14:36:26', '2020-08-12 14:36:26'),
(13, 'Saepe nihil voluptates.', 'Blanditiis pariatur consectetur eligendi ea et quia quisquam rerum eaque natus dolores voluptatem corporis quisquam natus ab consequatur et consequatur iusto dolor sint qui id natus numquam totam dolor et est voluptas reprehenderit voluptatibus earum molestias et illum odio reiciendis doloremque necessitatibus voluptatem.', 'cat4.svg', '13:45:02', 5, '2020-08-12 14:36:26', '2020-08-12 14:36:26'),
(14, 'Qui voluptates tempora.', 'Modi expedita quasi suscipit culpa qui sit odit unde rem sed at amet ab eos rerum velit quisquam qui omnis accusantium est sit sapiente corrupti distinctio ea et dolores quaerat inventore nam ipsa asperiores itaque quam quidem quidem nihil est cumque id sed.', 'cat2.svg', '22:54:41', 54, '2020-08-12 14:36:26', '2020-08-12 14:36:26'),
(15, 'Molestiae omnis.', 'Cumque nam corrupti sequi incidunt accusantium aliquam repudiandae autem ea eligendi dicta ut ipsum nulla fugit eius quo omnis modi sit itaque qui sit explicabo quia quod ea adipisci in deleniti veniam iure nulla ut ipsa aut enim exercitationem eveniet necessitatibus adipisci vero.', 'cat5.svg', '03:33:22', 44, '2020-08-12 14:36:26', '2020-08-12 14:36:26'),
(16, 'Ullam deserunt culpa expedita omnis.', 'Et ratione dolore nihil praesentium dolorem recusandae consectetur dolores ut ducimus quis sequi occaecati accusamus consequatur ducimus voluptatum voluptate veniam dolorem fugiat velit neque nostrum dolorem aut est consequatur iusto dolores qui voluptatem eum maiores deserunt ipsum tempora quis vero neque odit et cum unde odit enim.', 'cat1.svg', '06:16:17', 83, '2020-08-12 14:36:26', '2020-08-12 14:36:26'),
(17, 'Maxime asperiores deserunt.', 'Officiis aut aut fugit sit necessitatibus minima sint dolores et accusamus eligendi quisquam ex ad iste minima nihil iure corporis enim et ratione eos voluptas et veniam magni voluptas eum odit quos voluptate temporibus.', 'cat5.svg', '15:15:58', 37, '2020-08-12 14:36:26', '2020-08-12 14:36:26'),
(18, 'Nesciunt eligendi repellat.', 'In quaerat maiores doloremque quia corrupti blanditiis voluptates ex culpa aspernatur veniam ipsa rerum illo unde ipsum ipsum rerum qui voluptas tempore eveniet ea praesentium aliquam laboriosam cumque facere laboriosam rerum eligendi ut nemo non qui ipsum fuga et ipsa architecto non harum ipsum necessitatibus incidunt.', 'cat1.svg', '20:02:00', 50, '2020-08-12 14:36:26', '2020-08-12 14:36:26'),
(19, 'Ut cupiditate ut incidunt.', 'Quae quasi voluptatibus quis aut quos ut incidunt non qui dolores tenetur id unde dicta est nisi dolor dolore ipsa possimus id est quidem commodi sint et nobis facere soluta voluptatem voluptatem quibusdam ut alias voluptas alias facilis enim ut facere repellat ut in consequatur impedit sit iste cupiditate deserunt quasi eius at voluptatem et.', 'cat1.svg', '11:45:50', 12, '2020-08-12 14:36:26', '2020-08-12 14:36:26'),
(20, 'Ut sunt tempora.', 'Quod animi veniam rerum ut aliquid voluptatem laborum qui cum nihil qui quis sunt rerum quisquam aut ipsum quae itaque est eum et dolorem omnis quos est et illum sed explicabo sunt quas assumenda aut sed dolorem et fugiat reprehenderit tenetur temporibus expedita velit itaque veritatis iusto vero libero magni id et dignissimos veniam provident facere.', 'cat6.svg', '07:36:37', 85, '2020-08-12 14:36:26', '2020-08-12 14:36:26'),
(21, 'Vero tenetur vel eaque.', 'Aliquam ad laudantium esse repellat sapiente optio ea labore quas autem suscipit illo aut voluptates voluptates voluptas maiores est veniam optio laborum voluptates natus eligendi ex amet aperiam porro autem dolorum.', 'cat6.svg', '03:58:37', 76, '2020-08-12 14:36:26', '2020-08-12 14:36:26'),
(22, 'Ipsam iusto aut qui.', 'Eveniet tempore excepturi reiciendis occaecati beatae et sapiente velit necessitatibus quisquam sed eum accusantium consequatur laborum dolorem consequatur ea ut quo autem ut aut omnis quo amet sunt animi rerum sapiente qui et tenetur recusandae nulla ut sed illo ex.', 'cat5.svg', '08:50:57', 17, '2020-08-12 14:36:26', '2020-08-12 14:36:26'),
(23, 'Repudiandae at sed deserunt.', 'Debitis a error at laudantium provident amet sed ex repellat qui enim culpa quos ut vel doloremque voluptatibus fugit reprehenderit recusandae voluptatem officiis dolor hic.', 'cat5.svg', '03:07:24', 32, '2020-08-12 14:36:26', '2020-08-12 14:36:26'),
(24, 'Ut veniam consequuntur.', 'Esse eaque incidunt quisquam reiciendis nam vitae eos sequi blanditiis nam voluptatum nisi tempore accusantium et quaerat facere reiciendis numquam molestias qui in ullam vel quasi id nam aut quisquam voluptas magni.', 'cat5.svg', '07:36:49', 4, '2020-08-12 14:36:26', '2020-08-12 14:36:26'),
(25, 'Earum natus velit.', 'Non vel aut sed quia ad optio laboriosam et culpa temporibus aut nostrum molestiae sed dolor quod corrupti saepe voluptatem qui soluta voluptatem nihil perferendis voluptas molestias et.', 'cat2.svg', '22:07:17', 83, '2020-08-12 14:36:26', '2020-08-12 14:36:26'),
(26, 'Sed et omnis omnis.', 'Ipsum rerum quos dolor dolorem rem voluptatem tenetur similique molestiae dolor earum eveniet est hic non velit quas animi et id voluptatibus voluptatem quia eius consequatur voluptas quis nobis quaerat dicta et sint id voluptates consequatur placeat reprehenderit non aut ut eius praesentium qui ut vel.', 'cat1.svg', '04:06:26', 43, '2020-08-12 14:36:26', '2020-08-12 14:36:26'),
(27, 'Vel beatae ut sequi.', 'Qui quia ipsam ut ullam qui animi reprehenderit soluta temporibus optio voluptatem magni temporibus cumque labore ipsam officia illo inventore at quia eveniet explicabo fugiat deleniti voluptas iusto at quo iusto maxime sint distinctio iure laudantium totam.', 'cat6.svg', '21:25:41', 17, '2020-08-12 14:36:26', '2020-08-12 14:36:26'),
(28, 'Cumque vero ad.', 'Non vel dolores reprehenderit reprehenderit illo qui architecto et dolore quia minima et nisi sit consectetur at odit voluptatem porro beatae quo quos sunt qui eum consequuntur ut consectetur ut quam ducimus eaque saepe corrupti facilis quasi quaerat error sit non recusandae.', 'cat1.svg', '05:18:44', 70, '2020-08-12 14:36:26', '2020-08-12 14:36:26'),
(29, 'Quidem omnis dignissimos quia.', 'Repellendus sit soluta quam enim sequi quas ut non quia non sapiente ut aut molestias itaque dicta quas nesciunt laborum tempora aut cumque eveniet deleniti deleniti dignissimos ea dolor ducimus expedita in nostrum sit qui ipsa suscipit facere facilis quo enim odio sequi reiciendis repudiandae qui sint et et accusantium praesentium architecto.', 'cat2.svg', '22:14:44', 57, '2020-08-12 14:36:26', '2020-08-12 14:36:26'),
(30, 'Commodi nostrum.', 'Et dolores repellendus sint nemo dolorem suscipit doloribus necessitatibus soluta eum dolores et quasi consequatur reiciendis sunt quia eum omnis accusamus quas mollitia soluta aut reprehenderit qui sapiente quibusdam voluptas cum adipisci nemo vitae non soluta aut.', 'cat5.svg', '11:59:20', 22, '2020-08-12 14:36:26', '2020-08-12 14:36:26'),
(31, 'Ut incidunt qui eos voluptate.', 'Eaque et quae ut dolore eius est mollitia corporis consequatur quisquam quos dolores iusto qui quidem sed reprehenderit quod dolores quod eligendi ad omnis tenetur est modi consequatur qui hic ab nulla rerum qui ut labore possimus voluptas cupiditate magni quidem excepturi nam quia repellat iste quos dolorem sed quisquam laboriosam error qui.', 'cat6.svg', '18:41:56', 67, '2020-08-12 14:36:26', '2020-08-12 14:36:26'),
(32, 'Nulla consequatur fugiat debitis.', 'Fugit autem molestiae dolorum ut et quis corporis provident et temporibus in consequatur voluptatem aut omnis pariatur qui hic ut aut dolorem expedita velit sunt reprehenderit dignissimos nulla sed rerum accusantium corporis aut voluptates.', 'cat1.svg', '07:56:05', 58, '2020-08-12 14:36:26', '2020-08-12 14:36:26'),
(33, 'Est aut suscipit mollitia.', 'Eaque quisquam dolorum et adipisci temporibus quibusdam quis voluptatum ullam autem odio quo veritatis a ipsum ipsum reprehenderit deserunt quia temporibus in aut esse vel ex molestiae qui consequatur quo et sit et similique in perferendis mollitia occaecati et nam vel quo maxime sunt molestiae repudiandae quod cum qui ut ut qui quibusdam et eos.', 'cat5.svg', '16:07:20', 58, '2020-08-12 14:36:26', '2020-08-12 14:36:26'),
(34, 'Sapiente illo porro aliquid.', 'Explicabo hic dolor voluptatum temporibus omnis est expedita magnam deleniti deserunt necessitatibus amet ab possimus cupiditate consequatur natus consequuntur qui officiis vero dolor id perferendis quam quod accusamus dolore ad illo minus ut ducimus voluptatibus modi non autem maxime et quasi autem similique iste nulla autem labore sunt ullam tenetur cumque veniam.', 'cat4.svg', '20:54:18', 35, '2020-08-12 14:36:26', '2020-08-12 14:36:26'),
(35, 'Aut culpa tempora.', 'Est repudiandae sit atque incidunt debitis rerum aut voluptatibus est ut repudiandae impedit qui rerum eos tempore laudantium sit occaecati quo rerum perspiciatis officia possimus reprehenderit necessitatibus ut dolor alias consectetur nobis est at eos non velit qui autem sint numquam.', 'cat5.svg', '18:57:13', 64, '2020-08-12 14:36:26', '2020-08-12 14:36:26'),
(36, 'Iusto atque.', 'Pariatur magnam minus eius fugiat nisi aut id est est deleniti dolorum aut qui eaque beatae ipsum eum sequi quod qui commodi blanditiis doloremque ea sed ea consequatur nihil doloremque accusantium eaque tenetur consectetur velit et nihil repudiandae tenetur nihil a dolor similique quo quidem quidem aut ipsa est et consectetur molestiae consequatur.', 'cat4.svg', '15:16:41', 53, '2020-08-12 14:36:26', '2020-08-12 14:36:26'),
(37, 'Explicabo voluptatem rerum quis.', 'Est repudiandae quos delectus voluptatem quaerat tempora aut delectus numquam minus quos totam omnis provident consequatur autem dolorem quia fugit odit ut animi illo ducimus saepe sit reprehenderit eligendi perferendis rerum voluptatibus sit blanditiis mollitia iste eveniet quo et tempore minus aut reprehenderit voluptas occaecati quas consequatur sapiente est fugit voluptatem praesentium ut est voluptate.', 'cat1.svg', '02:35:28', 16, '2020-08-12 14:36:26', '2020-08-12 14:36:26'),
(38, 'Qui iste consectetur porro.', 'Quo beatae quo dolores repellendus occaecati molestias similique vero nostrum cumque aut porro et soluta veniam saepe quae animi omnis qui natus unde sit perspiciatis ut tenetur minus modi ad minus quo enim.', 'cat2.svg', '22:09:13', 31, '2020-08-12 14:36:26', '2020-08-12 14:36:26'),
(39, 'Sint numquam error id.', 'Neque reiciendis adipisci ipsum quis at laborum sapiente suscipit accusantium consectetur eligendi qui molestiae ut et tempora repellendus sed ab repellendus qui temporibus dicta non porro sunt sed animi est quam eos facere consequuntur recusandae omnis qui aut quidem aut dolores.', 'cat1.svg', '01:32:15', 64, '2020-08-12 14:36:26', '2020-08-12 14:36:26'),
(40, 'Nihil sint et.', 'Et ipsam optio repellat occaecati consequatur aliquam fugit et alias doloremque est voluptate cupiditate qui architecto ad blanditiis impedit recusandae doloribus voluptate quo nihil quia aut ut nobis perspiciatis et aut quos quia perspiciatis odio inventore delectus iste quia est eligendi facere.', 'cat5.svg', '15:37:54', 58, '2020-08-12 14:36:26', '2020-08-12 14:36:26'),
(41, 'Blanditiis voluptatem sapiente.', 'Quo accusantium animi quo dolor quae aut sapiente ipsa sapiente aliquam exercitationem quam qui eius repudiandae quo necessitatibus dolor maxime expedita asperiores qui atque ut non fugit et et in sapiente sit ut architecto ipsa omnis sequi eius suscipit quidem numquam et alias quisquam architecto rerum earum autem ea molestiae aut.', 'cat2.svg', '03:30:41', 43, '2020-08-12 14:36:26', '2020-08-12 14:36:26'),
(42, 'Itaque eveniet voluptas.', 'Earum omnis quae maxime eum cum autem commodi at perferendis sequi amet consequatur sed quis laudantium necessitatibus assumenda aut qui velit unde ab consequatur ut tempora esse cum error dolor magni molestias qui ut iste nulla veritatis.', 'cat4.svg', '07:07:39', 85, '2020-08-12 14:36:26', '2020-08-12 14:36:26'),
(43, 'Illo eum assumenda ipsa.', 'Quaerat officiis suscipit id soluta velit eum quae harum nemo quam repudiandae et omnis non iusto ex ex magni voluptatem officiis beatae ad libero eveniet nam placeat mollitia odio qui beatae corporis hic doloribus vel qui.', 'cat5.svg', '15:59:14', 63, '2020-08-12 14:36:26', '2020-08-12 14:36:26'),
(44, 'Omnis omnis.', 'Corrupti sed minima reiciendis possimus laborum aut architecto magnam quam et similique nobis consequatur modi sit nesciunt voluptatem accusamus sint voluptate voluptates animi commodi sit eos blanditiis quae et labore consequatur.', 'cat6.svg', '00:21:02', 63, '2020-08-12 14:36:26', '2020-08-12 14:36:26'),
(45, 'Ipsum iste ut.', 'Eius placeat eveniet veniam consequatur optio tempore expedita quae vero ullam natus maiores et excepturi enim dicta ab mollitia veritatis non aliquam et porro atque praesentium ratione optio eum et velit eum voluptatem perspiciatis ullam et facere illo qui nemo qui consequuntur minus dolorem dicta nisi eveniet et natus.', 'cat4.svg', '05:39:38', 65, '2020-08-12 14:36:26', '2020-08-12 14:36:26'),
(46, 'Ratione laudantium ad.', 'Consequatur error et rerum necessitatibus ut repudiandae provident nostrum qui hic corrupti ut est velit vero impedit eligendi blanditiis nihil ab accusamus quasi eveniet odit voluptatum et ducimus totam ea aut accusantium fuga natus molestias eligendi dolore quia doloribus ab.', 'cat1.svg', '10:24:52', 57, '2020-08-12 14:36:26', '2020-08-12 14:36:26'),
(47, 'Quia in delectus.', 'Et cum voluptatibus dolor qui earum sit tempore et doloribus harum aspernatur et quisquam neque est sunt ea voluptas sit sit sit delectus necessitatibus dolorem quia maxime nemo alias quia cupiditate aut rerum est architecto est totam ea est iusto sed.', 'cat6.svg', '15:23:52', 80, '2020-08-12 14:36:26', '2020-08-12 14:36:26'),
(48, 'Aut molestiae sed.', 'Et iste reiciendis exercitationem praesentium et iusto aut velit ducimus quo saepe harum iure quidem aut iste consequatur quia natus aut qui sint expedita non quidem nam distinctio aut maiores distinctio enim impedit animi in sunt illo fugit enim.', 'cat4.svg', '05:15:59', 52, '2020-08-12 14:36:26', '2020-08-12 14:36:26'),
(49, 'Iste iure quia.', 'Hic natus accusantium dolores mollitia illo reiciendis reiciendis corrupti vero repellendus culpa nemo nemo iste dolor voluptatibus dignissimos iusto minus exercitationem voluptatem perspiciatis accusantium quibusdam ut velit aliquid incidunt sint dicta dolore voluptates nobis natus sint dolore consectetur officiis ipsa quasi blanditiis optio vel culpa non voluptas quam aut iste neque qui et.', 'cat2.svg', '12:08:38', 24, '2020-08-12 14:36:26', '2020-08-12 14:36:26'),
(50, 'Ut nostrum ut sed.', 'Nam occaecati excepturi excepturi qui et occaecati amet et similique tempora nisi voluptas ipsum cumque sapiente explicabo veritatis dolorem odio exercitationem non et et optio rerum ut molestiae cumque est iure iusto eaque pariatur accusamus enim qui nesciunt assumenda assumenda.', 'cat5.svg', '03:59:17', 85, '2020-08-12 14:36:26', '2020-08-12 14:36:26'),
(51, 'Quia velit provident at.', 'Recusandae vitae animi aliquam ex vel perspiciatis omnis blanditiis nam quia incidunt ut ea qui rerum nostrum eligendi dolor quam perspiciatis est ut aut reiciendis eum iste hic.', 'cat4.svg', '21:49:47', 77, '2020-08-12 14:36:26', '2020-08-12 14:36:26'),
(52, 'Temporibus et est.', 'Eligendi sit molestiae ex quia sint quis ipsa est eius deleniti suscipit ut ea quam vitae et deleniti omnis id autem repudiandae et corrupti tenetur voluptatem fugit doloremque nam reprehenderit.', 'cat5.svg', '11:14:36', 18, '2020-08-12 14:36:26', '2020-08-12 14:36:26'),
(53, 'Tempore repellat possimus.', 'Et provident sequi pariatur reiciendis sequi et veritatis explicabo quis ut magnam aliquid asperiores vel consequatur consequatur error consequatur non dolorem dolorem reiciendis dolorem dolores nostrum ea natus nihil porro et nihil consequuntur deleniti asperiores aut assumenda enim deserunt voluptatem at voluptatem in qui quas nihil nihil minus quia occaecati.', 'cat5.svg', '11:59:54', 82, '2020-08-12 14:36:26', '2020-08-12 14:36:26'),
(54, 'Aut qui labore quis.', 'Excepturi sapiente aut inventore voluptatem et neque saepe ullam dolor distinctio possimus dolore at fuga iste laudantium excepturi dignissimos aut facilis ratione ea doloribus a aut commodi et fugit quidem vel et.', 'cat2.svg', '17:48:01', 26, '2020-08-12 14:36:26', '2020-08-12 14:36:26'),
(55, 'Assumenda laborum natus animi corrupti.', 'Numquam quia voluptatem omnis quo praesentium quae alias tempora tempore porro libero labore earum qui voluptas aut illo consectetur sapiente praesentium veritatis illum id voluptates velit quo nobis voluptatum voluptatibus deleniti asperiores perspiciatis.', 'cat6.svg', '02:00:28', 25, '2020-08-12 14:36:26', '2020-08-12 14:36:26'),
(56, 'Corporis consequatur corporis.', 'Minus et qui maxime dolores numquam et quas delectus id doloribus ut assumenda harum dolores natus est quo omnis officia autem aliquid vero vel ipsam corporis esse optio quam sit.', 'cat5.svg', '06:15:07', 46, '2020-08-12 14:36:26', '2020-08-12 14:36:26'),
(57, 'Esse natus voluptatem.', 'Voluptatem voluptatem et modi est iusto consequuntur iure earum vero earum quaerat consequuntur aliquid et quidem dolorem aut perspiciatis ullam incidunt itaque consequuntur quo ut amet in eveniet omnis officia maiores repellat enim voluptas eum id aspernatur incidunt vitae quos architecto ipsam amet quidem dolor quam enim.', 'cat3.svg', '21:59:02', 59, '2020-08-12 14:36:26', '2020-08-12 14:36:26'),
(58, 'Ullam ut nobis qui.', 'Reprehenderit ratione asperiores ipsam ut voluptatem exercitationem ullam et ut ab in quia quam molestias tempore repellat cupiditate blanditiis rerum assumenda minus reiciendis beatae et qui nisi nihil officiis culpa dolore cumque sequi.', 'cat1.svg', '12:05:37', 14, '2020-08-12 14:36:26', '2020-08-12 14:36:26'),
(59, 'Numquam ea non.', 'Quisquam non ipsa cupiditate sit et ratione animi ea omnis maxime odio nisi magnam corrupti quisquam vel ea aspernatur necessitatibus et excepturi quas quae ea quibusdam nostrum veniam sint aspernatur quibusdam sit numquam rerum modi placeat nesciunt et et quos sed sequi id sint non excepturi voluptatem doloremque et quis sint eligendi mollitia qui dolore.', 'cat2.svg', '10:39:44', 80, '2020-08-12 14:36:26', '2020-08-12 14:36:26'),
(60, 'Sed est ipsum.', 'Veritatis voluptatem iste ducimus tempora error eos ullam distinctio a a non nemo ut est impedit eligendi quas rerum voluptate recusandae dolor ea eum quasi quisquam cumque nulla veniam optio id et sint nemo.', 'cat3.svg', '20:28:11', 12, '2020-08-12 14:36:26', '2020-08-12 14:36:26'),
(61, 'Accusamus at eum.', 'Veniam dicta autem ut rem consequuntur maxime sint qui asperiores aspernatur non non eum recusandae et et quia earum est dolorem doloremque voluptas cumque dolores recusandae quaerat nihil ea est.', 'cat1.svg', '02:45:16', 21, '2020-08-12 14:36:26', '2020-08-12 14:36:26'),
(62, 'Voluptas autem.', 'Impedit laborum voluptas fugit aut ab at culpa quasi laboriosam maiores velit quisquam voluptatem amet qui voluptas nisi consequatur eos aut optio quia dolorem quae laborum sed sint occaecati enim error repellat tempore nulla harum iure placeat aut.', 'cat3.svg', '04:29:50', 55, '2020-08-12 14:36:26', '2020-08-12 14:36:26'),
(63, 'Reiciendis nesciunt id.', 'In et sed corporis assumenda sunt sunt eligendi hic voluptas voluptas quia assumenda vitae repellat eveniet molestias quo voluptatem ea dolorem dolores velit sint illo aut consequatur atque non ea architecto esse perspiciatis mollitia.', 'cat4.svg', '04:05:29', 23, '2020-08-12 14:36:26', '2020-08-12 14:36:26'),
(64, 'Aut enim praesentium.', 'Id rerum id placeat inventore aut voluptatem minus eveniet sed sit ad et neque tenetur nobis et voluptas illo eveniet consequatur ullam veritatis placeat sunt ullam id rerum esse et quam dolore quisquam qui laboriosam repellendus ut explicabo aut nihil dolores velit dolorum et consequuntur tempore sit ipsum eum blanditiis odit.', 'cat2.svg', '19:14:13', 9, '2020-08-12 14:36:26', '2020-08-12 14:36:26'),
(65, 'Iusto doloribus suscipit.', 'Deserunt reiciendis doloribus nemo minima occaecati ducimus ad et vitae voluptatem distinctio excepturi commodi consequatur non eligendi laudantium dolor cum voluptas omnis animi et ea similique sunt vel et aut beatae doloribus odit consequuntur consectetur tempore.', 'cat1.svg', '20:54:01', 67, '2020-08-12 14:36:26', '2020-08-12 14:36:26'),
(66, 'Quibusdam non.', 'Et minima nemo voluptatem incidunt culpa expedita ut consequuntur aut omnis nobis iure et iusto tempore dolores autem vitae quia animi magni corporis est iste impedit et aut et consequatur et vero ducimus aut consequatur quis quas et nostrum.', 'cat6.svg', '12:54:55', 69, '2020-08-12 14:36:26', '2020-08-12 14:36:26'),
(67, 'Molestiae voluptatum eos.', 'Blanditiis incidunt et odio enim placeat assumenda expedita odio eos eum et est ratione sed natus amet laboriosam nihil labore est vero et magnam et eos sit aliquid nam consequatur quia voluptatem voluptatem reiciendis mollitia vel ullam pariatur facere illo facere.', 'cat5.svg', '13:43:06', 75, '2020-08-12 14:36:26', '2020-08-12 14:36:26'),
(68, 'Id vitae ut.', 'Possimus quo aliquam occaecati recusandae occaecati ut sed aliquam inventore sapiente voluptate minima maxime velit rerum vel at rerum nobis natus aliquid sit tenetur iusto repudiandae dolorum rerum voluptas quae delectus et eum ut dolorem sint repellat odio necessitatibus impedit sit id rerum quia facere.', 'cat6.svg', '18:14:14', 23, '2020-08-12 14:36:26', '2020-08-12 14:36:26'),
(69, 'Necessitatibus ea.', 'Nemo error enim praesentium nisi possimus ullam est eos a et doloremque maxime iure qui sed harum numquam et sed deserunt fuga et eum ex.', 'cat6.svg', '09:59:26', 7, '2020-08-12 14:36:26', '2020-08-12 14:36:26'),
(70, 'Adipisci numquam.', 'Quos qui voluptatem perferendis et dolores sint facere est vel consectetur et sequi ducimus qui quidem ipsam sit voluptas fuga ut magnam architecto in omnis praesentium libero libero atque aperiam sint temporibus assumenda placeat voluptatibus maiores distinctio praesentium hic nesciunt et rerum esse quidem non libero ut repellat illum suscipit neque.', 'cat1.svg', '08:37:04', 85, '2020-08-12 14:36:26', '2020-08-12 14:36:26'),
(71, 'Tenetur corrupti sed est.', 'Voluptate excepturi sint sint sit in ea sed dolorem reprehenderit doloribus et praesentium et earum omnis dolorem dolores ut aut velit animi sed quia non et ducimus neque totam est rerum tenetur non qui est ipsum non deleniti odit iste.', 'cat3.svg', '19:06:08', 3, '2020-08-12 14:36:26', '2020-08-12 14:36:26'),
(72, 'Autem nulla.', 'Necessitatibus id inventore et soluta vitae et dignissimos dignissimos accusamus natus voluptatem commodi et quaerat ut minima perspiciatis omnis vitae magni iste et quasi dolores et maiores sit repudiandae veniam rem id sed ut dolores autem sit sit voluptate illo sint non sit officiis aperiam quibusdam.', 'cat4.svg', '14:18:23', 15, '2020-08-12 14:36:26', '2020-08-12 14:36:26'),
(73, 'Voluptatum voluptatum vel blanditiis.', 'Et in sunt possimus harum consequatur aut nam et fuga quos dolores libero vero incidunt sed molestiae delectus expedita ab et laboriosam ad non suscipit et possimus consequatur doloremque dignissimos mollitia ullam voluptas aut ad optio.', 'cat6.svg', '20:16:05', 79, '2020-08-12 14:36:26', '2020-08-12 14:36:26'),
(74, 'Doloremque sit totam.', 'Vel minus occaecati sapiente aliquid aut eius maxime mollitia velit sit incidunt rem earum ea ea et maiores voluptatem reiciendis quam porro sint tempora quas et adipisci occaecati eveniet pariatur eos aut modi omnis eveniet consequatur quibusdam vel recusandae blanditiis ab nostrum sunt earum ut et recusandae.', 'cat5.svg', '23:42:05', 66, '2020-08-12 14:36:26', '2020-08-12 14:36:26'),
(75, 'Sed culpa quos et.', 'Adipisci id et consequatur explicabo perspiciatis qui facilis velit illum voluptatem ea dolor possimus quia est molestiae dolor maiores praesentium sunt blanditiis et explicabo illo qui et amet repudiandae blanditiis ea in aspernatur.', 'cat5.svg', '17:53:24', 14, '2020-08-12 14:36:26', '2020-08-12 14:36:26'),
(76, 'Ipsa aliquam nulla.', 'Asperiores ut aut nam molestias iure officia qui in eius praesentium harum at minus aperiam enim odit cum accusantium eveniet totam libero inventore tempore delectus excepturi unde corporis repellendus aut porro consequatur impedit.', 'cat4.svg', '10:54:19', 36, '2020-08-12 14:36:26', '2020-08-12 14:36:26'),
(77, 'Dignissimos modi rerum.', 'Exercitationem iusto explicabo assumenda sit aut delectus assumenda sed cumque et facere nesciunt voluptatibus saepe ea et et perferendis possimus aliquam rem rerum sit labore similique quidem minus nulla quam placeat.', 'cat6.svg', '05:21:49', 79, '2020-08-12 14:36:26', '2020-08-12 14:36:26'),
(78, 'Voluptates distinctio autem corporis.', 'Est aliquam laborum deserunt earum sit ex consectetur numquam at modi voluptatum cumque fugiat deleniti laudantium est molestiae ipsa deserunt consequatur et corrupti pariatur dolorem voluptatum ut non in recusandae nihil nemo ut qui voluptatum minus quisquam dolorem ut officia at rerum maxime voluptatem nulla.', 'cat1.svg', '15:30:22', 83, '2020-08-12 14:36:26', '2020-08-12 14:36:26'),
(79, 'Repellat inventore qui exercitationem.', 'Sunt quos dolorem magni ea esse qui officia quos est aut quas accusamus sunt autem hic sequi qui in est ad voluptas itaque magnam fuga voluptates laboriosam et quidem.', 'cat2.svg', '19:33:52', 11, '2020-08-12 14:36:26', '2020-08-12 14:36:26'),
(80, 'Qui molestiae labore.', 'Dolorem laudantium voluptate ut voluptas est exercitationem illum sed a saepe dolor eum sed iste rerum aut omnis inventore aperiam aliquam explicabo ipsam necessitatibus molestiae ad aliquid dignissimos dolorem maiores totam ullam et ad sint odio sint cupiditate deleniti ut qui repellendus nisi dolores minus quis nobis rerum et.', 'cat4.svg', '19:38:35', 11, '2020-08-12 14:36:26', '2020-08-12 14:36:26'),
(81, 'Neque dolorum.', 'Natus atque asperiores aut odit itaque explicabo modi doloribus temporibus cum ut voluptatem pariatur eaque veniam voluptatum illum et aut nobis eius porro atque quo nam quia dolore.', 'cat4.svg', '10:07:14', 20, '2020-08-12 14:36:26', '2020-08-12 14:36:26'),
(82, 'Et odio fuga ut.', 'Occaecati sed harum est minus ut vero dolore voluptatem deleniti maxime repellendus omnis cupiditate eaque hic quas voluptatem molestiae aperiam quis consequatur cum aperiam dolorum id mollitia quidem est dicta dicta aut exercitationem sit blanditiis quia similique voluptatibus iusto rerum aliquid sunt.', 'cat1.svg', '03:08:13', 70, '2020-08-12 14:36:26', '2020-08-12 14:36:26'),
(83, 'Est in voluptatem quam.', 'Impedit quis repudiandae aspernatur dolorum quae voluptates et et qui autem qui enim voluptas quia non consequatur officia nihil modi ullam voluptates aut qui quia magnam minus sunt earum dicta accusamus eligendi qui dignissimos minima delectus impedit aut minima magni earum et vitae eaque veritatis.', 'cat3.svg', '23:24:09', 72, '2020-08-12 14:36:26', '2020-08-12 14:36:26'),
(84, 'Doloremque vel et illum.', 'Vero voluptas quo dolores dicta facilis doloremque magnam enim soluta libero dignissimos alias tempore corporis quos est ut hic nobis consequatur velit dolores dolor ex voluptas molestiae eum.', 'cat6.svg', '00:35:09', 56, '2020-08-12 14:36:26', '2020-08-12 14:36:26'),
(85, 'Voluptatem explicabo ea sit.', 'Illum animi libero delectus aut impedit et quia velit quidem est reprehenderit pariatur cumque et mollitia nemo amet qui qui dolorem perspiciatis sit minus eos unde cum ipsa impedit mollitia quis quis error dolores nostrum dignissimos a aspernatur placeat ut consequatur culpa velit explicabo voluptatum.', 'cat2.svg', '15:37:26', 46, '2020-08-12 14:36:26', '2020-08-12 14:36:26'),
(86, 'Consequatur ut quo aut.', 'Id et ea est in quasi sit at repudiandae dolorem eaque velit distinctio mollitia doloremque rerum itaque molestias aut optio quo deleniti sapiente consequatur ex culpa earum ipsam voluptas dolorem inventore et dolorum repellat numquam esse soluta doloribus accusamus officia nesciunt aut incidunt reprehenderit consequuntur qui id aut distinctio voluptatibus tenetur consectetur consequatur nulla exercitationem.', 'cat4.svg', '19:02:32', 80, '2020-08-12 14:36:26', '2020-08-12 14:36:26'),
(87, 'Voluptates distinctio voluptas nisi.', 'Magnam deserunt aut natus a pariatur accusamus nam consequatur quaerat nostrum ut enim doloremque eveniet quia officia autem amet eius velit quos ut sed soluta nulla corporis voluptatum omnis quis qui doloremque autem optio quia ea occaecati et sint dolore ut officiis magnam ut amet amet maiores possimus suscipit.', 'cat4.svg', '11:07:20', 49, '2020-08-12 14:36:26', '2020-08-12 14:36:26'),
(88, 'Ut incidunt labore est.', 'Unde dolorum possimus nulla quae ut et nemo sed cumque rerum tempora omnis quisquam sed aut molestiae tempore aspernatur libero voluptate voluptatum eum provident sapiente deserunt asperiores deserunt ipsa sed ea aut illum officia qui eos veritatis fugiat veniam.', 'cat5.svg', '16:40:04', 81, '2020-08-12 14:36:26', '2020-08-12 14:36:26'),
(89, 'Consequuntur dolor sequi quam non.', 'Vel iure molestiae at nihil non eligendi quia reiciendis sed quam asperiores sed impedit sed sequi et sapiente non aut aut necessitatibus quia quod necessitatibus recusandae nihil et incidunt.', 'cat1.svg', '08:11:25', 8, '2020-08-12 14:36:26', '2020-08-12 14:36:26'),
(90, 'Eum et et.', 'Officia odit in cum dolorem deserunt ut accusamus sapiente omnis nihil sed neque natus porro quia ut vel tempora placeat voluptatem esse facere in voluptatibus esse quidem aut eius blanditiis iste quis et eaque in atque ipsa eum facilis at iure aut deserunt rem voluptatum magni.', 'cat6.svg', '17:58:31', 51, '2020-08-12 14:36:26', '2020-08-12 14:36:26'),
(91, 'Rerum eaque velit.', 'Deleniti a qui est eaque dolorum autem et adipisci libero et velit sunt perspiciatis aut aut error aliquam sint aut provident illo rerum recusandae debitis dolorum porro eos nemo ad exercitationem numquam ullam qui ad nihil quia in earum animi nulla dignissimos cumque nisi voluptas placeat vitae voluptas molestias nobis.', 'cat2.svg', '07:26:00', 40, '2020-08-12 14:36:26', '2020-08-12 14:36:26'),
(92, 'Et eum ullam odit.', 'Voluptas animi maiores sed enim occaecati nulla laboriosam vel amet rerum omnis explicabo reiciendis laudantium sunt voluptatem ut aut suscipit omnis possimus suscipit quisquam incidunt ut et et qui tempore et tempora reiciendis non sequi voluptatibus et omnis inventore fuga dolor in sequi omnis nam modi nulla sapiente earum velit ab consequatur.', 'cat2.svg', '03:10:33', 66, '2020-08-12 14:36:26', '2020-08-12 14:36:26'),
(93, 'Iste exercitationem placeat.', 'Id non quo porro blanditiis ut ut earum perspiciatis libero aut voluptates cupiditate in dolorem aut voluptatem eveniet aut ullam quas mollitia ipsam veritatis aut pariatur eligendi ut modi voluptatem dolorem ullam labore velit aspernatur assumenda cumque aut aspernatur consequatur et dolor iusto nostrum excepturi id consequatur non fugiat unde suscipit.', 'cat1.svg', '02:32:45', 47, '2020-08-12 14:36:26', '2020-08-12 14:36:26'),
(94, 'Accusamus aut illum.', 'Et animi id ex iusto accusamus ut dolorum autem enim possimus nesciunt eum corporis asperiores quia tempora aut dolor totam quis voluptas ea aut ut temporibus molestias velit sapiente eligendi asperiores occaecati sed ab similique in nulla aut commodi.', 'cat1.svg', '02:43:36', 62, '2020-08-12 14:36:26', '2020-08-12 14:36:26'),
(95, 'Adipisci alias aut molestiae.', 'Omnis magnam odit nisi ea totam sed exercitationem aut iure consequuntur optio impedit quasi autem ullam expedita fugiat necessitatibus harum magnam molestiae nesciunt voluptas ad voluptatem culpa sed saepe reprehenderit et qui ipsam autem eum perspiciatis.', 'cat4.svg', '02:47:33', 67, '2020-08-12 14:36:26', '2020-08-12 14:36:26'),
(96, 'Tenetur velit tenetur qui.', 'Facilis adipisci non tempore quod reprehenderit omnis ipsum nesciunt animi sequi illo quae ea recusandae ea itaque sit quam recusandae culpa molestias itaque quo eaque.', 'cat6.svg', '11:04:44', 84, '2020-08-12 14:36:26', '2020-08-12 14:36:26'),
(97, 'Non veritatis qui similique.', 'Ut distinctio qui ut sint eum repudiandae commodi omnis quasi consequatur dolorem ut quas ut aut praesentium tenetur sunt ab quae rem maxime est ut quia est et est quia numquam et beatae sit ipsam iste aut explicabo.', 'cat1.svg', '04:24:41', 81, '2020-08-12 14:36:26', '2020-08-12 14:36:26'),
(98, 'Ullam molestiae praesentium.', 'Incidunt eius enim totam dolor pariatur veniam rem rerum et ipsa tenetur aperiam voluptatem dicta fuga voluptate commodi velit dolorem maxime amet quisquam maiores assumenda cupiditate expedita quia quisquam.', 'cat1.svg', '05:40:25', 62, '2020-08-12 14:36:26', '2020-08-12 14:36:26'),
(99, 'At earum rem.', 'Rerum in necessitatibus in recusandae qui exercitationem facilis perferendis voluptates sit repudiandae excepturi laudantium eligendi accusantium harum et iste voluptatem nisi in in ipsum optio tempore vel qui voluptates cum similique voluptatem officia sunt nostrum reiciendis porro error odit ut quod voluptas minima quam vel.', 'cat1.svg', '03:50:44', 44, '2020-08-12 14:36:26', '2020-08-12 14:36:26'),
(100, 'Qui voluptatem illo.', 'Laborum veniam non est deleniti quia nostrum laudantium perferendis quos a officia dolores omnis voluptas et quibusdam iure et ab consequuntur tenetur aut quibusdam eligendi assumenda molestiae rerum minima et asperiores voluptatem ipsum ut deserunt nisi porro molestiae id ut quisquam excepturi aliquid id consequatur et ab iste ipsum reiciendis a aut assumenda neque.', 'cat4.svg', '08:04:14', 30, '2020-08-12 14:36:26', '2020-08-12 14:36:26'),
(101, 'Illum minima voluptatem molestiae.', 'Est dolor molestias quis eum officia veniam corrupti consequatur et ipsa eum voluptatem accusantium est harum ut provident animi harum aut perferendis et nobis ut aut cumque non rem natus aut.', 'cat1.svg', '18:22:30', 2, '2020-08-12 14:36:26', '2020-08-12 14:36:26'),
(102, 'Sequi sit repellat molestias.', 'Voluptatem vero eum incidunt aut est officiis et nihil dolorem qui repellendus nihil nobis nobis accusamus illum quo provident eum nihil dolorem illo a asperiores id quas.', 'cat5.svg', '19:09:50', 62, '2020-08-12 14:36:26', '2020-08-12 14:36:26'),
(103, 'Dicta consequatur sed.', 'Et ut quis qui rerum dicta voluptatem culpa quia natus ullam at qui quos asperiores rerum ullam non dignissimos voluptatem quod incidunt exercitationem eum fuga nemo consequuntur consequatur reiciendis laborum alias at quibusdam dolorem id et doloribus magnam quod ut laboriosam repellendus quidem sed aut repellendus cupiditate provident asperiores.', 'cat5.svg', '19:30:21', 63, '2020-08-12 14:36:26', '2020-08-12 14:36:26'),
(104, 'Quo ipsum recusandae quidem.', 'Esse sed aut et doloremque sunt repudiandae temporibus aut ducimus sint quam et beatae omnis quis minus et aspernatur omnis et modi aut voluptates possimus dolorem eaque libero adipisci distinctio distinctio nam reprehenderit animi sit dolorum vitae illum ipsum dolor beatae in voluptatem omnis ut vero reiciendis velit sed.', 'cat3.svg', '06:20:45', 31, '2020-08-12 14:36:26', '2020-08-12 14:36:26'),
(105, 'Quo laudantium voluptatibus.', 'Saepe voluptatem consequatur molestiae perspiciatis quisquam sunt eius sit est molestiae qui voluptatibus mollitia cupiditate omnis id fugit quaerat amet dolorum possimus qui asperiores ea dignissimos quos adipisci iste itaque quia commodi est tempora quisquam reprehenderit saepe quo error.', 'cat4.svg', '22:39:23', 44, '2020-08-12 14:36:26', '2020-08-12 14:36:26'),
(106, 'Eligendi perspiciatis praesentium quisquam.', 'Impedit id ea deserunt et omnis nam autem quibusdam autem blanditiis omnis rerum consequatur iusto dolor voluptas est et rem id sapiente odio facilis exercitationem et natus rerum consequatur eos perferendis beatae aut nihil cupiditate similique voluptatem quia voluptas rem dicta perspiciatis quaerat dolor eaque quaerat enim.', 'cat6.svg', '17:48:33', 3, '2020-08-12 14:36:26', '2020-08-12 14:36:26'),
(107, 'Amet magni quia.', 'Excepturi reprehenderit fugiat expedita sint quia quo amet suscipit eum voluptatem dolores perspiciatis neque eaque quibusdam est rem culpa dolorem distinctio at repudiandae nulla temporibus saepe vero beatae natus soluta suscipit error id magni totam rem dolorem est occaecati et vero voluptas quia accusantium et sint expedita asperiores dolorem aut cumque quis accusantium.', 'cat1.svg', '22:11:59', 16, '2020-08-12 14:36:26', '2020-08-12 14:36:26'),
(108, 'Perspiciatis at harum repellendus.', 'Consequatur ea et incidunt architecto enim iste corporis quaerat ad reprehenderit sint dolorem harum et dolor et quo aut expedita at et sapiente recusandae accusantium eligendi consequatur est est expedita nihil omnis inventore magni necessitatibus nam qui facilis et molestiae ducimus voluptatem veritatis.', 'cat6.svg', '14:33:01', 50, '2020-08-12 14:36:26', '2020-08-12 14:36:26'),
(109, 'Et hic illo distinctio.', 'Nulla consequatur eos eligendi dignissimos nihil consequatur nam quisquam soluta ipsum debitis ut eos quaerat omnis vel recusandae nemo facilis tenetur ipsam quae ducimus nisi ducimus repudiandae praesentium et nihil placeat sit impedit illum debitis ea eum quibusdam unde quis voluptatem praesentium corrupti culpa.', 'cat6.svg', '08:53:50', 54, '2020-08-12 14:36:26', '2020-08-12 14:36:26'),
(110, 'Reiciendis nihil aut.', 'Ullam odit fugit cumque totam dolorem aliquid exercitationem ut eum qui architecto placeat fugiat perspiciatis veritatis ut voluptatem excepturi nihil qui dignissimos aut est recusandae et possimus non distinctio omnis eaque earum inventore error nam nulla consectetur nam in aspernatur perspiciatis voluptatem numquam quo sed autem sint ut vero tempora nostrum molestiae.', 'cat3.svg', '07:51:03', 66, '2020-08-12 14:36:26', '2020-08-12 14:36:26'),
(111, 'Ut quam facere.', 'Eligendi est laboriosam saepe voluptatum consequatur ea autem odit mollitia assumenda aliquid et ipsam sequi perferendis est id ut qui asperiores quas repellendus porro rerum est beatae.', 'cat6.svg', '15:57:14', 64, '2020-08-12 14:36:26', '2020-08-12 14:36:26'),
(112, 'Tempora adipisci quasi.', 'Qui repudiandae impedit consequuntur atque enim aut iusto quo temporibus asperiores temporibus non asperiores veniam velit ducimus voluptatem itaque nobis qui ut sint repellendus similique est praesentium recusandae iure et est dolor velit aliquam fugit officia.', 'cat3.svg', '18:09:37', 77, '2020-08-12 14:36:26', '2020-08-12 14:36:26'),
(113, 'Quibusdam soluta et.', 'Minus laudantium vitae voluptatum veniam cumque qui molestiae maiores nesciunt non minus sit unde voluptatum totam molestiae qui blanditiis cumque autem veritatis consequatur et saepe assumenda illum fugit excepturi ad fugiat mollitia id voluptatem velit molestiae et tenetur quasi inventore nihil laborum repellendus commodi explicabo ea quis earum ipsam vero ea.', 'cat4.svg', '19:41:02', 46, '2020-08-12 14:36:26', '2020-08-12 14:36:26'),
(114, 'Est aspernatur dicta.', 'At et et soluta quasi quaerat eum similique sit inventore praesentium cum magni ratione et provident nesciunt ut doloribus architecto nostrum consequatur non consequatur nam asperiores non aperiam dignissimos illum eius veritatis veniam voluptatem sit natus magnam.', 'cat4.svg', '19:01:44', 76, '2020-08-12 14:36:26', '2020-08-12 14:36:26'),
(115, 'Cum iure soluta culpa.', 'Cum ex nobis qui et cumque ut dicta omnis quia accusantium vero deleniti distinctio vel magni et tempora at illo nam eaque voluptas ut expedita quos voluptatem quae voluptatem tempora nihil et in earum voluptatem possimus voluptas eum rerum id aut voluptates dolor impedit mollitia expedita architecto ad quibusdam impedit optio qui maxime.', 'cat5.svg', '19:22:35', 69, '2020-08-12 14:36:26', '2020-08-12 14:36:26'),
(116, 'Eos molestiae sequi.', 'Et velit molestias fuga expedita voluptatibus voluptas doloribus optio accusamus nobis corporis sunt quas modi repellendus illo in quibusdam similique similique ipsum repudiandae dolores consequatur veniam adipisci et minima nostrum aperiam itaque veniam aliquam et quia debitis et blanditiis alias voluptatem autem voluptate explicabo quis ut facilis reiciendis.', 'cat4.svg', '20:57:06', 43, '2020-08-12 14:36:26', '2020-08-12 14:36:26'),
(117, 'Nesciunt ullam magni aspernatur.', 'Necessitatibus labore facilis et in odit quas maiores molestiae vitae delectus quam nihil voluptas qui enim et perferendis consequuntur maiores modi rem voluptas dolores deserunt a est ad molestiae eveniet rerum et perspiciatis ratione reprehenderit.', 'cat4.svg', '10:35:53', 73, '2020-08-12 14:36:26', '2020-08-12 14:36:26'),
(118, 'Et aspernatur quia eum.', 'Officia autem est id rem iusto veritatis officiis praesentium velit veritatis saepe tenetur minima sit at rem non eos ipsum possimus at voluptas laboriosam et tempore nobis quos quibusdam nisi voluptates qui dolor minima esse nobis debitis quae culpa et rerum voluptas.', 'cat3.svg', '18:44:03', 4, '2020-08-12 14:36:26', '2020-08-12 14:36:26'),
(119, 'Sint iusto placeat facilis.', 'Voluptatem aut error eveniet quia non distinctio totam nostrum labore necessitatibus molestias id et voluptatem expedita quae illo non atque fuga ea repudiandae qui eos veniam placeat sed non quia qui corrupti quia nihil consequatur ipsam consequatur earum itaque.', 'cat5.svg', '18:54:42', 7, '2020-08-12 14:36:26', '2020-08-12 14:36:26'),
(120, 'Qui eaque vero.', 'Omnis facilis iure et molestias asperiores dolor dignissimos impedit asperiores et animi ut ipsum nihil delectus at commodi eum dolorem odio occaecati repellat deleniti laboriosam ratione vel ut esse iure voluptatem quia unde.', 'cat2.svg', '00:23:05', 72, '2020-08-12 14:36:26', '2020-08-12 14:36:26'),
(121, 'Id fugit et consectetur vero.', 'Voluptate atque nemo modi molestiae maiores est et dolorem autem iure id sapiente fuga laborum natus ut dolore sint numquam culpa vel hic debitis odio cum vitae velit dignissimos enim saepe aliquam nobis sit ab quasi est commodi libero.', 'cat2.svg', '09:33:20', 78, '2020-08-12 14:36:26', '2020-08-12 14:36:26'),
(122, 'Necessitatibus voluptatem et.', 'Eaque assumenda rerum reprehenderit culpa beatae dicta dolorem delectus officia quidem cupiditate et nobis sunt voluptatem consequatur ipsam sunt quam nesciunt odio provident repellendus ullam debitis sit sequi magni numquam illum neque totam libero earum soluta est doloremque blanditiis id itaque qui quis neque est recusandae quod rerum aliquam officia nulla tempore.', 'cat6.svg', '10:53:08', 82, '2020-08-12 14:36:26', '2020-08-12 14:36:26'),
(123, 'Rem dolores et aut.', 'Accusantium perspiciatis quidem et non est cumque asperiores quis at voluptas vel qui blanditiis inventore doloremque sit mollitia animi libero nihil adipisci voluptas suscipit iste nulla excepturi consequatur nisi dolorem est sit recusandae enim voluptatibus pariatur corrupti sed ipsa consequatur adipisci iste ut ea necessitatibus nam nulla sit quae quasi tempore quis ipsum.', 'cat3.svg', '21:17:32', 38, '2020-08-12 14:36:26', '2020-08-12 14:36:26'),
(124, 'Saepe quisquam accusantium tenetur.', 'Provident voluptatem vitae dolor voluptas at suscipit alias rerum non sed aliquid ut qui sit voluptatibus earum placeat eum nulla est quod quibusdam mollitia iste aspernatur earum qui voluptates dolorem sequi voluptates magni quasi qui repellat laboriosam explicabo velit alias voluptas aut accusamus provident aliquam.', 'cat4.svg', '10:52:46', 54, '2020-08-12 14:36:26', '2020-08-12 14:36:26'),
(125, 'Officia modi inventore.', 'Excepturi numquam alias et tenetur nulla ducimus quae eum sed laborum nostrum nemo nemo laboriosam a aut sint consequatur a non nisi explicabo quod dicta aut et provident minus tenetur vel et quisquam et veritatis dolores nisi quasi voluptatem ea.', 'cat3.svg', '12:53:52', 62, '2020-08-12 14:36:26', '2020-08-12 14:36:26'),
(126, 'Earum eaque est maiores.', 'Sit sequi neque a quisquam aut provident non veritatis esse ut aut ut qui non blanditiis nesciunt cupiditate et placeat exercitationem dolorem est voluptas molestiae dolor sed dolor quaerat dignissimos aut ut asperiores autem ut in ea fugiat incidunt minima.', 'cat4.svg', '05:12:11', 45, '2020-08-12 14:36:26', '2020-08-12 14:36:26'),
(127, 'Consequatur libero exercitationem.', 'Dolorem sit quis explicabo provident modi sapiente eos cupiditate maiores ipsam dolores qui ratione nulla provident officiis velit tempora atque quibusdam consequuntur tempore quas animi rerum rerum nisi vel itaque ut.', 'cat1.svg', '11:27:43', 51, '2020-08-12 14:36:26', '2020-08-12 14:36:26'),
(128, 'Quidem necessitatibus.', 'Et ut iste omnis sed consequatur omnis eius velit in eius non saepe doloribus alias et laborum alias voluptas beatae voluptates est ipsam minima cum error similique rerum sapiente velit vitae officiis modi soluta eos quibusdam eveniet in amet sed amet quia eos ex necessitatibus aut.', 'cat6.svg', '08:19:57', 71, '2020-08-12 14:36:26', '2020-08-12 14:36:26');
INSERT INTO `lectures` (`id`, `title`, `desc`, `img`, `duration`, `course_id`, `created_at`, `updated_at`) VALUES
(129, 'Molestias tenetur ut.', 'Ea maxime quis labore aut soluta et tempora rerum dolores blanditiis consequatur illum necessitatibus mollitia quidem atque dolores pariatur aut commodi odit et id est ea enim non rerum doloribus recusandae sequi id deleniti ipsum qui nihil vero maiores dolor doloribus voluptatum.', 'cat1.svg', '17:33:25', 38, '2020-08-12 14:36:26', '2020-08-12 14:36:26'),
(130, 'Nam et consectetur.', 'Nulla quasi aut provident quidem eaque provident et sed ullam molestias est tempore est nemo enim illum maxime labore consectetur quisquam velit voluptatem labore est sint deserunt minima iure provident neque commodi fugiat nemo perferendis et est exercitationem eligendi maxime quas aliquam laudantium sunt optio tempore provident ut magnam veritatis culpa.', 'cat5.svg', '11:27:51', 36, '2020-08-12 14:36:26', '2020-08-12 14:36:26'),
(131, 'Omnis quasi quia fugit.', 'Illo occaecati et sapiente aliquam quas nisi autem amet dolor delectus et ab nobis et aperiam suscipit occaecati accusamus illo et cum id at et ducimus ut repellat distinctio ipsa sit iusto itaque dignissimos corrupti sit nihil hic sed occaecati omnis illum harum aut inventore aspernatur autem iusto iure dignissimos voluptatum aliquam.', 'cat1.svg', '11:23:16', 24, '2020-08-12 14:36:26', '2020-08-12 14:36:26'),
(132, 'Et tempore quis.', 'Nisi omnis et aliquam suscipit ut eum et et a ipsum officiis dignissimos sapiente et natus eius architecto autem sit rerum nihil maiores laborum esse qui perspiciatis et voluptatum sunt eum sint debitis repellendus ea officia sunt minima natus consequatur facilis laudantium eum a et aliquam.', 'cat6.svg', '07:29:10', 71, '2020-08-12 14:36:26', '2020-08-12 14:36:26'),
(133, 'Explicabo eum esse.', 'Dolor aperiam aliquid adipisci doloremque pariatur reiciendis assumenda voluptatem sequi autem facilis consequatur et saepe et laboriosam omnis amet aut ipsum doloribus optio corrupti enim maxime culpa quia consectetur omnis nihil magnam mollitia voluptas cupiditate consequatur rerum earum quo sint ut inventore quas at quia natus non aut dolore adipisci exercitationem minima unde.', 'cat6.svg', '16:42:46', 47, '2020-08-12 14:36:26', '2020-08-12 14:36:26'),
(134, 'Nisi ullam.', 'Possimus officia odit praesentium modi laboriosam iure aut occaecati id et aut iusto incidunt nihil sunt tempore molestias voluptate beatae sit autem qui possimus similique iure est error aut repellat tempore molestiae quia illum eaque aperiam itaque vitae fuga illum repellat.', 'cat6.svg', '04:23:56', 45, '2020-08-12 14:36:26', '2020-08-12 14:36:26'),
(135, 'Beatae ipsa officia vitae.', 'Ex magni sed expedita qui exercitationem quia sunt ad id facilis rerum nostrum est non omnis hic exercitationem deleniti recusandae dolorem enim sint dolorem perferendis est mollitia minus nostrum vitae in velit earum non praesentium soluta porro vero illo.', 'cat1.svg', '10:47:33', 29, '2020-08-12 14:36:26', '2020-08-12 14:36:26'),
(136, 'Nulla harum.', 'Est modi dolor vel aut aspernatur nemo voluptatem minus praesentium quas sequi harum ab est omnis eveniet et incidunt iusto nam ea tenetur ut exercitationem tempora magni quod at id aliquam aspernatur excepturi sunt voluptates ex occaecati vero vel dolor excepturi reprehenderit error libero rerum id voluptate.', 'cat2.svg', '18:58:27', 72, '2020-08-12 14:36:26', '2020-08-12 14:36:26'),
(137, 'Inventore eveniet quidem molestiae.', 'Repellendus ut est at totam ipsa perferendis et illo ut ut et eos recusandae aut voluptate earum eos nam earum et ut et ullam amet quia laboriosam iste sit adipisci omnis cumque.', 'cat6.svg', '05:40:51', 44, '2020-08-12 14:36:26', '2020-08-12 14:36:26'),
(138, 'Aut omnis deserunt blanditiis.', 'At quia dolorem est deleniti cupiditate sed suscipit quia est impedit blanditiis mollitia consequatur dolor doloremque debitis alias et quia praesentium incidunt voluptatum velit a porro soluta facere fugiat nulla et et soluta laborum labore quam expedita amet sit aut perferendis nisi facilis itaque saepe assumenda dolorem tempore facilis labore repudiandae corrupti cum nihil debitis.', 'cat4.svg', '17:29:00', 4, '2020-08-12 14:36:26', '2020-08-12 14:36:26'),
(139, 'Soluta aliquid quia consectetur.', 'Illum enim molestiae aut laudantium repellendus aspernatur assumenda et illum facilis similique tempore sit qui voluptatem culpa nihil pariatur totam laboriosam sed veniam animi optio dolorum minus est voluptas quaerat unde voluptatibus sapiente sapiente eius rerum neque et et fugiat pariatur quam et modi in corrupti maiores expedita ut laboriosam.', 'cat2.svg', '14:56:37', 30, '2020-08-12 14:36:26', '2020-08-12 14:36:26'),
(140, 'Beatae necessitatibus dolorem harum.', 'Impedit sit sint et illum temporibus quia eaque impedit neque magnam sunt maxime saepe voluptatibus rerum vel libero quos corporis illo tempora aut dolores consequuntur ut commodi explicabo aspernatur nobis neque voluptate nulla velit quibusdam voluptatum blanditiis non aliquid autem nobis labore totam beatae enim est unde saepe et ratione fugiat.', 'cat2.svg', '03:56:47', 7, '2020-08-12 14:36:26', '2020-08-12 14:36:26'),
(141, 'Vero doloremque qui dolorem.', 'Minus adipisci dolorem blanditiis possimus est eos quis possimus sint accusantium omnis quam porro exercitationem aut quis culpa rerum consequatur ipsa voluptas amet impedit eaque rerum repellat laborum eos magni doloremque nihil quia vel vel iste in.', 'cat4.svg', '01:36:45', 22, '2020-08-12 14:36:26', '2020-08-12 14:36:26'),
(142, 'Est fugiat exercitationem voluptatem praesentium.', 'Quasi aut ut voluptatem ut ea iste odit ut omnis corporis esse maiores quos vero quaerat et cumque quod et dolor iusto necessitatibus voluptatem eligendi non enim quo nobis.', 'cat2.svg', '04:45:18', 75, '2020-08-12 14:36:26', '2020-08-12 14:36:26'),
(143, 'Laborum voluptas quia qui.', 'Autem iusto odio ratione quod ut omnis ut atque aperiam qui a odit aut et alias omnis numquam numquam placeat accusantium ut animi quas quae dolorum porro consequatur tempore enim et iusto quod atque beatae aut provident quos tempore nihil.', 'cat2.svg', '09:38:05', 14, '2020-08-12 14:36:26', '2020-08-12 14:36:26'),
(144, 'Et ratione ad deserunt.', 'Sit optio officiis officia impedit aut quo aliquam nihil consequuntur laborum quia dolor atque dolorum odit voluptates ea sed odio asperiores dolorem adipisci provident aspernatur ut vel illum blanditiis provident quia delectus.', 'cat5.svg', '04:33:23', 5, '2020-08-12 14:36:26', '2020-08-12 14:36:26'),
(145, 'Consequatur itaque sed qui.', 'Autem minima beatae consequatur modi nihil nisi et ut adipisci amet aspernatur modi ut ducimus odio sed accusamus fugit cupiditate error eum architecto quibusdam amet neque corporis fuga dolores voluptates nulla ducimus nam voluptatem et et numquam quam suscipit ab fuga non omnis est enim ratione ut ea similique incidunt fugit quisquam veritatis dolores.', 'cat3.svg', '21:06:30', 5, '2020-08-12 14:36:26', '2020-08-12 14:36:26'),
(146, 'Necessitatibus alias tempore asperiores.', 'Laborum quas et iste ut ex minus vel ipsum quas animi optio perferendis aut culpa maxime aut nesciunt quis voluptates odit quaerat natus saepe cumque quia fugiat voluptatum sed consectetur necessitatibus possimus est voluptatem quisquam qui omnis sed perferendis accusantium odit officiis in sint at nesciunt placeat eligendi.', 'cat1.svg', '01:34:43', 45, '2020-08-12 14:36:26', '2020-08-12 14:36:26'),
(147, 'Et corporis sit sunt.', 'Ab iure numquam dolore ut voluptatem autem sit est est voluptatum ut velit et porro quasi atque velit officiis iusto deleniti ipsam occaecati dolorum nulla sit labore rerum aliquid repudiandae modi similique et veniam natus soluta minima doloremque voluptatem doloremque esse illum tempora excepturi molestias sed et esse.', 'cat3.svg', '11:30:34', 76, '2020-08-12 14:36:26', '2020-08-12 14:36:26'),
(148, 'Quasi aut occaecati.', 'Qui praesentium non dignissimos nihil sit qui perferendis sed fugiat optio maiores nobis maxime voluptate reprehenderit sequi ullam voluptas et deserunt omnis quia explicabo facere nesciunt consequatur voluptatem qui illum dolorem.', 'cat5.svg', '12:14:18', 73, '2020-08-12 14:36:26', '2020-08-12 14:36:26'),
(149, 'Omnis maxime vitae porro.', 'Ullam illum at porro modi animi et quasi ipsa culpa laudantium minus voluptatibus voluptatem sequi vitae dolores porro dolorem explicabo non quos accusantium reiciendis assumenda sed nihil soluta reiciendis aut doloribus dignissimos eligendi est aut quo eius quod dolor aut eum aspernatur ut minus sit eveniet dolor minus culpa error doloribus voluptatem dolores voluptate atque.', 'cat2.svg', '15:56:33', 49, '2020-08-12 14:36:26', '2020-08-12 14:36:26'),
(150, 'Suscipit expedita mollitia culpa quasi.', 'Deleniti quia non itaque qui voluptatibus iste est ut deleniti autem in commodi et itaque vitae molestiae repudiandae quis voluptatem aliquid maiores quod id harum doloribus consequatur soluta provident cumque impedit tempore ipsam consectetur et.', 'cat4.svg', '17:16:36', 78, '2020-08-12 14:36:26', '2020-08-12 14:36:26'),
(151, 'Sunt sint suscipit blanditiis.', 'Neque soluta at quo qui quia incidunt eum qui omnis consequatur sed eligendi a quae ad ut et est sed atque officiis laboriosam omnis tempore perspiciatis maxime quam sit.', 'cat3.svg', '17:59:47', 31, '2020-08-12 14:36:26', '2020-08-12 14:36:26'),
(152, 'Sunt magni quod ut.', 'Error molestiae assumenda quasi est magni quo et quos nam eaque quia doloribus consequuntur eum exercitationem mollitia ullam quam dolore sapiente dolore recusandae voluptas fugit labore necessitatibus vitae vel sint nulla ut harum est accusantium eligendi porro est quia perferendis rerum et quidem labore ut doloremque eveniet aut rerum illum amet quo ipsa et corrupti possimus ab.', 'cat4.svg', '03:08:45', 67, '2020-08-12 14:36:26', '2020-08-12 14:36:26'),
(153, 'Illo ab similique sequi.', 'Quos molestiae voluptatem aperiam esse veniam et est consequuntur magnam in sequi fuga laboriosam et consequuntur iste cumque quos sed facilis ab culpa atque molestias aut fugiat nisi debitis et et delectus natus sint beatae at.', 'cat1.svg', '04:27:17', 10, '2020-08-12 14:36:26', '2020-08-12 14:36:26'),
(154, 'Alias voluptates et dolorem.', 'Quasi iste deserunt vero quia ipsam nisi expedita aperiam aut voluptatem quia qui alias fugiat debitis incidunt doloremque cumque ab voluptatem vero molestiae error eligendi est veritatis amet rem nobis sed sapiente quia fugit aliquam libero a molestiae ullam tempora nostrum qui rerum ullam hic corrupti qui ea corrupti hic maxime iure sint sunt deleniti repellat et.', 'cat2.svg', '01:19:49', 86, '2020-08-12 14:36:26', '2020-08-12 14:36:26'),
(155, 'Sit consectetur quia.', 'Vel sed odio temporibus et officia voluptatem et accusamus placeat quia distinctio omnis laboriosam doloribus dignissimos dolor magnam dolor eligendi ea vel quis est non vitae reprehenderit enim aliquid omnis mollitia veritatis aut et ipsam at voluptate voluptatem molestias.', 'cat5.svg', '16:02:08', 77, '2020-08-12 14:36:26', '2020-08-12 14:36:26'),
(156, 'Eum consequatur ullam.', 'Ea et exercitationem excepturi enim non sunt aut vel ducimus sunt magni omnis vero aut odio expedita enim suscipit vitae sunt aut exercitationem sunt minus sapiente non voluptatum consequuntur vel blanditiis cupiditate vero.', 'cat6.svg', '09:18:53', 7, '2020-08-12 14:36:26', '2020-08-12 14:36:26'),
(157, 'Est totam aut est.', 'Accusamus ea quia quam omnis alias nesciunt temporibus tempora eum hic id adipisci commodi et temporibus vel aut voluptatem expedita sit doloribus quo optio temporibus reprehenderit sed aut est asperiores id cum modi modi.', 'cat3.svg', '03:57:02', 13, '2020-08-12 14:36:26', '2020-08-12 14:36:26'),
(158, 'Harum commodi esse.', 'Nisi et cumque expedita architecto voluptas error maxime sed rerum consequatur et et iusto enim voluptatibus vitae ratione rem recusandae voluptas omnis dignissimos sed modi quasi tenetur.', 'cat3.svg', '22:05:22', 45, '2020-08-12 14:36:26', '2020-08-12 14:36:26'),
(159, 'Et saepe molestiae.', 'Cupiditate at accusamus cupiditate ut debitis et eos et a et quae culpa iste facilis voluptatibus iure error aliquid ipsa vel in quos et doloremque incidunt voluptatibus impedit dolor repellat dolores numquam doloribus inventore ut error molestias.', 'cat4.svg', '17:59:52', 62, '2020-08-12 14:36:26', '2020-08-12 14:36:26'),
(160, 'Occaecati rerum eius.', 'Et dolorum rerum dolor fugiat officiis facere nam aperiam accusamus iusto beatae aspernatur impedit facilis pariatur et corrupti non quibusdam corporis fugit impedit quisquam voluptatem quae dolorem laudantium officia est maiores aliquid illo veritatis quae aut sunt suscipit vel ut ea omnis quia nesciunt architecto doloremque reprehenderit voluptates qui cupiditate dolor dolores voluptatum fugit laudantium suscipit culpa.', 'cat5.svg', '16:36:14', 22, '2020-08-12 14:36:26', '2020-08-12 14:36:26'),
(161, 'Saepe ducimus accusamus.', 'Debitis aut eos corrupti aperiam quis quidem rem distinctio dolorum aut id illo error dicta illo aut autem qui dolores velit autem deserunt cumque reprehenderit placeat et et in commodi occaecati consequatur quidem omnis voluptatem nulla optio inventore architecto aliquid autem eos minima culpa et est nihil possimus dolores et qui omnis.', 'cat3.svg', '21:53:48', 36, '2020-08-12 14:36:26', '2020-08-12 14:36:26'),
(162, 'Nobis nisi asperiores.', 'Excepturi ullam vero aut et accusantium nostrum pariatur voluptatem vel nesciunt blanditiis vero qui veniam ut harum ipsum enim labore labore sunt sint qui minus non autem consequatur molestiae eum aut at quia consequatur ipsam iusto eos et voluptatem velit velit aut ipsa ipsam tenetur sint animi debitis ut voluptate dolor praesentium.', 'cat1.svg', '10:52:18', 35, '2020-08-12 14:36:26', '2020-08-12 14:36:26'),
(163, 'Provident voluptatem.', 'Voluptates sit quis atque soluta odit vitae dolorem repellat delectus nam ad ipsa cupiditate inventore fugit fugit est enim quo eaque ipsa corporis quisquam aut reprehenderit modi libero alias et quia esse qui.', 'cat4.svg', '16:22:08', 27, '2020-08-12 14:36:26', '2020-08-12 14:36:26'),
(164, 'Tempora sequi.', 'Et eius distinctio officia quia quia quo similique nobis et labore ut delectus aspernatur dolorum aut voluptas explicabo accusantium quo dolorem rerum aliquid placeat expedita saepe ut numquam sunt sunt odit sed iure ut nostrum asperiores delectus vitae modi accusamus dolore accusamus ut error ea est sunt cupiditate quibusdam.', 'cat4.svg', '09:27:59', 46, '2020-08-12 14:36:26', '2020-08-12 14:36:26'),
(165, 'Voluptatem consectetur omnis et vero.', 'Nihil perspiciatis dolores eum molestiae ullam commodi sed est aperiam omnis at hic et ab optio excepturi asperiores delectus sequi provident quaerat voluptates non velit ut iste animi repudiandae saepe labore officiis non ab animi nihil perferendis quibusdam ab voluptas animi placeat qui.', 'cat1.svg', '03:42:48', 36, '2020-08-12 14:36:26', '2020-08-12 14:36:26'),
(166, 'Molestiae et unde distinctio.', 'Neque error enim perspiciatis quam quia minus ipsum quas corporis iusto beatae odit laboriosam repellat voluptatem earum ea commodi quibusdam architecto et quia voluptate molestiae quasi omnis accusamus enim aut libero cupiditate et repellendus ad ut ab et molestiae velit repellendus sed rerum voluptatem mollitia nihil aut earum odit eaque excepturi et qui.', 'cat1.svg', '22:31:30', 12, '2020-08-12 14:36:26', '2020-08-12 14:36:26'),
(167, 'Pariatur est.', 'Eveniet itaque dolores quae quia fugit omnis eos illum in omnis ad placeat est expedita doloribus explicabo magni expedita perferendis non quidem reprehenderit rerum voluptatem delectus quia voluptatem similique qui non similique porro.', 'cat4.svg', '05:19:16', 12, '2020-08-12 14:36:26', '2020-08-12 14:36:26'),
(168, 'Voluptas nostrum commodi ipsam.', 'At et et doloremque vel perspiciatis vitae rerum voluptas quia et ex deleniti maxime sunt nesciunt reiciendis vitae pariatur cumque dolores praesentium repellat unde molestiae est soluta eos cupiditate ut pariatur nihil dolores dolorum velit expedita nihil non similique et qui voluptas unde velit impedit sed.', 'cat2.svg', '20:27:05', 11, '2020-08-12 14:36:26', '2020-08-12 14:36:26'),
(169, 'Magni eos rerum.', 'Illum molestiae aut quos voluptas doloribus hic iste unde reiciendis omnis ipsam minus ut eum corrupti animi sit omnis quis molestias quia praesentium sed quia ab odio omnis atque officiis veritatis voluptatem laboriosam vitae dignissimos culpa quia laudantium et quibusdam consectetur cum a quos sapiente quod illum quos ipsam ducimus et voluptatum ipsa sed.', 'cat1.svg', '17:38:08', 31, '2020-08-12 14:36:26', '2020-08-12 14:36:26'),
(170, 'Sequi reiciendis dolore suscipit.', 'Qui est beatae ratione magni voluptatem ut est quibusdam perferendis molestiae nulla aut voluptatem et consequatur aliquam quis placeat animi quam ut tempora aut quibusdam voluptate.', 'cat6.svg', '12:20:57', 5, '2020-08-12 14:36:26', '2020-08-12 14:36:26'),
(171, 'Nihil cumque recusandae qui quidem.', 'Corporis porro repellendus voluptatum debitis adipisci at doloremque tempora ut culpa occaecati eligendi nam aliquam laudantium magnam in laudantium quod ut autem et ab consequatur autem dignissimos velit nihil temporibus ab quia dignissimos non molestiae omnis quidem perspiciatis aspernatur architecto alias iste eius debitis a sequi ipsum qui voluptatum.', 'cat2.svg', '11:49:34', 68, '2020-08-12 14:36:26', '2020-08-12 14:36:26'),
(172, 'Quia tempora consequatur nihil.', 'Maiores qui dolorem explicabo ea omnis neque qui vel et aliquam commodi aut quidem cupiditate quasi est quis quo sit deserunt atque laudantium rerum consequatur neque aspernatur dicta officiis dolore odio deleniti reiciendis blanditiis incidunt eligendi quam sed aut architecto molestiae est quia perferendis optio omnis quos architecto qui.', 'cat2.svg', '15:03:55', 70, '2020-08-12 14:36:26', '2020-08-12 14:36:26'),
(173, 'Occaecati sequi quos quia nihil.', 'Qui id libero molestias voluptatem facere iste sint officia doloremque aut sapiente sit maiores odit occaecati dolorem quasi sapiente et natus occaecati quisquam atque quos inventore placeat consequatur maxime omnis qui et.', 'cat1.svg', '10:13:54', 38, '2020-08-12 14:36:26', '2020-08-12 14:36:26'),
(174, 'Ut quia.', 'Neque ut enim fugiat cum voluptatibus aut unde laudantium accusantium earum nam voluptatem sit itaque ipsum quae rem odit nemo placeat doloremque eligendi perspiciatis cumque perspiciatis repellat laborum perferendis molestiae officiis repellendus neque sequi exercitationem.', 'cat3.svg', '03:11:37', 1, '2020-08-12 14:36:26', '2020-08-12 14:36:26'),
(175, 'Possimus quidem saepe rerum.', 'Quia eum expedita est nisi nulla in est repudiandae porro quae nulla voluptatem reprehenderit iusto dolores magni sit qui architecto iusto aperiam debitis non id dolorem architecto in qui accusamus distinctio iusto rerum maxime et soluta quis mollitia sit consequatur.', 'cat2.svg', '01:41:43', 3, '2020-08-12 14:36:26', '2020-08-12 14:36:26'),
(176, 'Neque nobis magni et.', 'Voluptate sit est sint amet fugiat quidem explicabo est praesentium adipisci quia saepe consequuntur necessitatibus explicabo ipsum voluptatem ipsam maiores et commodi velit expedita omnis dolor in ut saepe facere molestiae dolores qui et non ullam.', 'cat2.svg', '10:43:41', 37, '2020-08-12 14:36:26', '2020-08-12 14:36:26'),
(177, 'Earum consequatur nulla.', 'Neque corrupti non unde voluptas quasi porro repudiandae est vel velit fugiat aut vel officia qui quas quis qui in qui voluptatem et quo molestiae ut ut alias voluptates dolorem sint facilis dolore delectus aut ipsa consequuntur ut soluta accusantium odit sapiente et error accusamus labore ut consequatur totam.', 'cat6.svg', '23:41:09', 28, '2020-08-12 14:36:26', '2020-08-12 14:36:26'),
(178, 'Quis officia molestias quis.', 'Ipsum reiciendis repellat tenetur perspiciatis molestiae nihil in officia ut deleniti commodi nam at est est et corrupti veniam illo facilis aut vitae ut ipsum magnam eligendi nihil est vel aut rerum iste quos quia in voluptas sunt quo doloribus voluptatem sit possimus cumque maiores et ut ullam.', 'cat4.svg', '06:13:59', 18, '2020-08-12 14:36:26', '2020-08-12 14:36:26'),
(179, 'Earum ut quibusdam sint.', 'Quas nihil accusantium mollitia est consectetur ut quas perferendis optio veniam est explicabo dolorem iure est sequi voluptas fuga aliquam qui similique voluptatem optio consequatur aut soluta cupiditate culpa necessitatibus dignissimos ab voluptas voluptatem quia qui facilis dolor omnis ullam qui sint provident ea qui commodi dolores.', 'cat6.svg', '02:05:53', 31, '2020-08-12 14:36:26', '2020-08-12 14:36:26'),
(180, 'Cupiditate quae et commodi.', 'Natus natus quae qui a maiores fuga et quam veritatis ex sit delectus quibusdam quia sint ut ut inventore totam odit quam corporis odit autem perspiciatis voluptas earum corporis est libero fugit ullam voluptas sunt harum nobis non ratione.', 'cat2.svg', '14:35:49', 60, '2020-08-12 14:36:26', '2020-08-12 14:36:26'),
(181, 'Animi cupiditate exercitationem.', 'Libero officia architecto qui sed doloremque et fugiat ad quis fugiat iure accusamus sint eligendi vitae molestiae optio distinctio voluptates illum nulla inventore ipsa voluptatem praesentium et voluptatibus suscipit sed culpa recusandae.', 'cat4.svg', '00:39:57', 24, '2020-08-12 14:36:26', '2020-08-12 14:36:26'),
(182, 'Beatae quia debitis.', 'Et sed sint excepturi reprehenderit cum sint id eos doloremque quo et officiis et ut tempore rerum qui voluptatem omnis ducimus et dolorem asperiores eos animi nulla aliquam minima autem ut dolores necessitatibus corrupti iusto vitae id dicta repellendus vel natus molestiae ad voluptatem et rem ea rerum tenetur rerum inventore voluptatibus.', 'cat6.svg', '01:42:13', 65, '2020-08-12 14:36:26', '2020-08-12 14:36:26'),
(183, 'Odio labore.', 'Deserunt incidunt et quod autem neque natus qui blanditiis quis laborum vero necessitatibus esse non ea sed iure aut hic maxime ipsam dicta sed non ea voluptate itaque explicabo neque culpa laboriosam enim perferendis voluptatem ad aut fugiat et voluptas quos dolorem eius illum expedita.', 'cat1.svg', '02:48:41', 74, '2020-08-12 14:36:26', '2020-08-12 14:36:26'),
(184, 'Ratione nulla facere eaque.', 'Harum repellendus aut sed itaque nihil blanditiis qui officiis molestiae consectetur aliquam ipsa quas nihil repellat laboriosam ut nihil non deserunt adipisci nisi consequatur in placeat velit illo enim impedit at dolore ullam distinctio enim quis aut consequatur atque molestiae animi impedit explicabo.', 'cat2.svg', '04:38:31', 40, '2020-08-12 14:36:26', '2020-08-12 14:36:26'),
(185, 'Possimus tempore aut veritatis dicta.', 'Tempora quia sunt sint ut voluptatum dolorem excepturi minus qui et sint eligendi nemo aliquam quisquam id at maxime est id a repellendus voluptatem ipsa voluptatem non voluptatum ipsum repudiandae.', 'cat6.svg', '11:12:38', 34, '2020-08-12 14:36:26', '2020-08-12 14:36:26'),
(186, 'Voluptatem error beatae.', 'Dignissimos quia iure laborum repudiandae non corporis odit dignissimos tempore quam repudiandae deleniti sunt est provident voluptatem qui molestias nulla aut error reprehenderit deserunt esse dolor et debitis ratione enim et omnis atque et porro nobis cum delectus tempora eaque molestiae suscipit velit explicabo aut esse ab placeat numquam fuga recusandae sed culpa et autem.', 'cat5.svg', '15:30:13', 2, '2020-08-12 14:36:26', '2020-08-12 14:36:26'),
(187, 'Consequuntur recusandae et.', 'Deserunt ex molestias possimus quis ut est consectetur asperiores magni dolor quisquam beatae iusto et magnam itaque corporis ipsa est ut aut saepe animi ipsa.', 'cat4.svg', '04:41:28', 84, '2020-08-12 14:36:26', '2020-08-12 14:36:26'),
(188, 'Autem velit.', 'Dolorem repudiandae voluptatum vitae et voluptas nam sit soluta culpa in placeat quae quos vero dolores fugiat laborum est enim maiores ut nisi eligendi non ea et libero dolores.', 'cat1.svg', '14:38:11', 27, '2020-08-12 14:36:26', '2020-08-12 14:36:26'),
(189, 'Praesentium reiciendis minus eveniet.', 'Dolor molestias voluptas doloribus explicabo rem laudantium ipsa ea cum eum quasi excepturi neque suscipit dolores non ex ut aut aliquam dolores incidunt autem numquam eos quo facere est.', 'cat1.svg', '23:00:01', 19, '2020-08-12 14:36:26', '2020-08-12 14:36:26'),
(190, 'Qui velit.', 'Ipsam officiis dolore vitae unde totam fugiat dignissimos autem saepe impedit vel qui earum vitae a quo animi incidunt quas nemo sit sapiente sed minima magnam distinctio illo vitae similique voluptatem cupiditate eos et veniam sapiente rerum minima et qui maiores repudiandae voluptatem expedita rerum.', 'cat2.svg', '12:12:45', 73, '2020-08-12 14:36:26', '2020-08-12 14:36:26'),
(191, 'Id voluptates consequatur provident.', 'Esse et delectus fugit ut dolores sed qui autem aut est exercitationem nisi porro aut mollitia et debitis rerum sunt dolor dolor necessitatibus et animi consectetur veniam eum assumenda recusandae amet et rerum qui facere exercitationem consequatur et.', 'cat4.svg', '16:28:49', 10, '2020-08-12 14:36:26', '2020-08-12 14:36:26'),
(192, 'Laborum fugit cum nam.', 'In voluptate cum id quas ducimus in quis voluptatum doloremque id similique explicabo ea sequi enim repellat nihil facere alias voluptas suscipit voluptatem eius cumque sed quibusdam velit aliquid quas in debitis vitae est consequatur doloribus omnis accusantium et aut quibusdam et perferendis et optio minima nesciunt qui similique assumenda labore voluptas laboriosam culpa.', 'cat2.svg', '06:19:15', 19, '2020-08-12 14:36:26', '2020-08-12 14:36:26'),
(193, 'Deleniti minus consequatur.', 'Voluptas nostrum dignissimos cum non quia similique aut tempora aut quia ut saepe aut dolorem dolorem vero natus delectus praesentium quod provident et veniam expedita sed est dolorem voluptatem alias nam voluptatem qui reprehenderit nemo sint at.', 'cat5.svg', '14:22:18', 11, '2020-08-12 14:36:26', '2020-08-12 14:36:26'),
(194, 'Aut ut beatae.', 'Ratione vero et culpa nesciunt porro ad debitis dolorem hic culpa repellendus laboriosam repellendus temporibus laboriosam ut omnis aut voluptatem rerum accusantium tempore laboriosam laborum voluptatem et et quas itaque aliquam veniam voluptate reprehenderit vel et laboriosam aspernatur qui rem quidem aut fugit numquam corporis fugiat quibusdam eos voluptatem sit.', 'cat1.svg', '19:46:13', 15, '2020-08-12 14:36:26', '2020-08-12 14:36:26'),
(195, 'Est veniam in et.', 'Dolorem rem distinctio tempora atque quo doloremque atque in rem tenetur aspernatur molestiae dignissimos et dolor ex repellendus esse fugit officiis voluptatum debitis et dolor quam id dignissimos ipsam.', 'cat3.svg', '11:22:17', 2, '2020-08-12 14:36:26', '2020-08-12 14:36:26'),
(196, 'Ipsa voluptate ea ratione.', 'Dolores asperiores asperiores quidem sed a fugit omnis enim aliquam at sunt et ipsum sed dolores neque voluptatum sed aut dignissimos perferendis voluptatem optio ex nulla iste magnam consequatur itaque velit sint minus ut esse et eum facilis ab dolores tempora iure.', 'cat4.svg', '17:22:53', 8, '2020-08-12 14:36:26', '2020-08-12 14:36:26'),
(197, 'Dolor ullam labore.', 'Aut fugiat nobis aut fugiat corrupti nihil quo voluptates quo quos et aperiam perspiciatis occaecati totam a sed voluptates non dolor ratione accusantium voluptatem totam maiores neque ut illum magnam laudantium qui et suscipit facere et vero tempora eum aut ut eius animi quia aperiam sint incidunt ex sed tenetur velit sed pariatur eos et.', 'cat2.svg', '16:24:29', 18, '2020-08-12 14:36:26', '2020-08-12 14:36:26'),
(198, 'Quo sit nulla voluptatem.', 'Et et commodi omnis est soluta mollitia quam voluptas fugit tenetur autem et explicabo facilis quas veritatis porro harum dicta harum repudiandae dolorum tempore rerum non et animi quisquam ipsa impedit est qui iste et commodi officiis molestiae ex repudiandae modi dolore non et itaque ullam earum atque sequi pariatur laboriosam autem quo distinctio dolore.', 'cat2.svg', '15:54:01', 68, '2020-08-12 14:36:26', '2020-08-12 14:36:26'),
(199, 'Veniam reiciendis vel aut sint.', 'Rerum et ullam assumenda voluptas voluptatem voluptates optio consequatur dignissimos porro omnis quia pariatur et ut accusantium quis in aspernatur temporibus quam vel molestiae in voluptatem ipsum quos ad voluptatem eum cum qui et.', 'cat4.svg', '13:22:57', 19, '2020-08-12 14:36:26', '2020-08-12 14:36:26'),
(200, 'Consectetur soluta facere eum.', 'Qui et quia est et perspiciatis vel accusantium sequi nisi accusamus quas deleniti doloribus ipsum asperiores deserunt ipsam nobis voluptas molestias accusantium quas corporis eos accusamus omnis et culpa suscipit repellat quia laborum et impedit ratione asperiores dolorem cum recusandae ut rerum ut enim voluptatem modi similique aliquid provident.', 'cat6.svg', '03:54:40', 7, '2020-08-12 14:36:26', '2020-08-12 14:36:26'),
(201, 'Dolor dignissimos iusto sunt.', 'Et odit voluptate consequatur dolorem aut occaecati aliquid ipsum eum aut quo eos inventore ea esse quod dolorem cumque tempora quo molestiae quo nemo velit quis reiciendis omnis eaque aperiam et ut consectetur omnis nihil excepturi dolorem pariatur labore odio excepturi dolorem aut dolor ut fugit corrupti ea facere culpa amet.', 'cat4.svg', '20:15:09', 20, '2020-08-12 14:36:26', '2020-08-12 14:36:26'),
(202, 'Quasi sed et beatae voluptas.', 'Esse odit natus et aut temporibus est maxime commodi ut et suscipit molestiae totam illum maiores qui quos doloribus debitis corporis illo accusamus assumenda atque quam ducimus architecto porro qui pariatur voluptatem et.', 'cat1.svg', '10:31:46', 50, '2020-08-12 14:36:26', '2020-08-12 14:36:26'),
(203, 'Vel ut cum.', 'Minima omnis sint est molestiae molestiae qui distinctio quia ducimus in id eaque eum adipisci sapiente tenetur qui pariatur a natus et voluptas facere minus est molestiae temporibus aut ipsum quo dolorem et sed.', 'cat2.svg', '10:10:48', 76, '2020-08-12 14:36:26', '2020-08-12 14:36:26'),
(204, 'Vel libero fuga quisquam.', 'Sint adipisci id id qui vel consequatur qui atque assumenda voluptatum dolore dolorum officia soluta eum iste dolorem facilis suscipit quia tempora sunt quo et et distinctio.', 'cat6.svg', '21:25:32', 18, '2020-08-12 14:36:26', '2020-08-12 14:36:26'),
(205, 'Consequatur et voluptatem.', 'Ea ea delectus dolore rerum quasi minima ratione repellendus sint rerum ab laboriosam animi aliquam sunt non autem quaerat officiis doloribus nobis eos explicabo architecto et eos culpa suscipit debitis et cumque laboriosam beatae et amet et dicta ut.', 'cat1.svg', '12:17:20', 42, '2020-08-12 14:36:26', '2020-08-12 14:36:26'),
(206, 'Odio aut ut.', 'Voluptatem voluptatem tenetur corporis qui perspiciatis ad aspernatur iure voluptate doloribus laboriosam numquam quia beatae id nulla aut in perspiciatis mollitia est aut officiis et voluptatem blanditiis est occaecati eveniet consequatur beatae labore iure eius sint est aperiam et.', 'cat2.svg', '11:29:20', 39, '2020-08-12 14:36:26', '2020-08-12 14:36:26'),
(207, 'Sed temporibus consectetur est.', 'Enim vel consequatur tempore unde quaerat illum natus sit eum aut qui fuga ex id nihil quis eligendi quos est quaerat perspiciatis quia dolorem eos corporis voluptatem asperiores incidunt eos eligendi est quia sed placeat ut adipisci nisi eligendi sunt quam qui neque placeat dignissimos minus enim dolor saepe.', 'cat6.svg', '18:30:04', 66, '2020-08-12 14:36:26', '2020-08-12 14:36:26'),
(208, 'Rerum ullam occaecati.', 'Atque officia dicta praesentium laboriosam corporis quaerat laudantium aperiam et ut expedita tempore eius id deserunt quas qui molestiae numquam et cum delectus dolorum magni dolor distinctio et expedita cum sed est quae eligendi beatae ut voluptate commodi quis rem consequatur neque quia consequatur dolores quisquam nam illum veritatis vitae enim rerum.', 'cat4.svg', '10:12:30', 70, '2020-08-12 14:36:26', '2020-08-12 14:36:26'),
(209, 'Unde nulla fugiat.', 'Ut et sint qui dignissimos aut neque eum dolor itaque quae aut molestias ea qui est quis dolorem provident et fugit unde modi et cum sunt quas eos aut et qui enim mollitia et vel ipsam ut ipsam voluptas ut occaecati ex qui quasi eos tempore.', 'cat1.svg', '17:24:04', 52, '2020-08-12 14:36:26', '2020-08-12 14:36:26'),
(210, 'Cupiditate sed officiis minus.', 'Itaque ipsum et sit incidunt molestiae magnam sit quisquam harum quod repellat sapiente sint laboriosam sequi aperiam id et aut repudiandae perspiciatis ducimus repellendus dignissimos enim officiis doloribus.', 'cat5.svg', '02:55:36', 24, '2020-08-12 14:36:26', '2020-08-12 14:36:26'),
(211, 'Odio aspernatur fugiat.', 'Ut minima maiores earum incidunt est itaque est et enim omnis aut inventore cum architecto sed eaque facilis omnis et eveniet dolorem et nihil qui sequi animi earum aut vitae placeat aut dolores aut et sequi totam ut molestias debitis tempora voluptates voluptates possimus culpa odit consectetur eveniet vel animi voluptas porro sint magni et enim.', 'cat6.svg', '09:32:06', 6, '2020-08-12 14:36:26', '2020-08-12 14:36:26'),
(212, 'Laboriosam consequuntur occaecati atque.', 'Qui dolor sapiente officiis labore voluptas expedita aspernatur tenetur similique sunt aperiam adipisci dolorum in qui adipisci quae officiis rerum sint illum enim modi rerum quae eos doloremque deserunt esse fugit labore et reprehenderit sapiente laboriosam deleniti et nihil dolor sed officia cupiditate nesciunt nisi optio praesentium voluptatum atque at temporibus vel deserunt.', 'cat2.svg', '15:42:26', 73, '2020-08-12 14:36:26', '2020-08-12 14:36:26'),
(213, 'Aut voluptas aut.', 'Voluptatum sequi voluptatum quo maiores ex doloribus vel eos iure voluptatibus repudiandae sit eum voluptas delectus ut laborum totam aut provident ducimus ad aut impedit ab distinctio tempore repellendus dolor est quis doloribus expedita officiis magni architecto veniam laboriosam odit eveniet dolores et magnam.', 'cat4.svg', '18:36:14', 75, '2020-08-12 14:36:26', '2020-08-12 14:36:26'),
(214, 'Ipsum dolorum quia.', 'Totam sint esse dolorem in repudiandae optio dolor sed temporibus aut atque eveniet modi odio vero ut alias mollitia nulla dolores vitae rem nesciunt illum accusantium eius optio perspiciatis autem aut sapiente voluptas perspiciatis qui omnis qui aliquam laudantium autem officiis quos eius cupiditate.', 'cat2.svg', '20:44:26', 19, '2020-08-12 14:36:26', '2020-08-12 14:36:26'),
(215, 'Vitae dolorum libero cum.', 'Perspiciatis quia distinctio molestias voluptas sit laboriosam ea sint sit est maiores maiores facilis repudiandae id voluptate praesentium quas saepe est inventore sint molestiae vitae debitis dolor temporibus vero est quo aperiam autem.', 'cat2.svg', '07:21:00', 75, '2020-08-12 14:36:26', '2020-08-12 14:36:26'),
(216, 'Quia minus quas porro.', 'Natus est officia est sint ipsa aut ipsa est quibusdam nam blanditiis similique molestias illo dicta labore non ullam earum doloribus culpa nisi quibusdam enim consequuntur architecto qui ducimus fugit velit ipsum sunt.', 'cat4.svg', '01:07:12', 58, '2020-08-12 14:36:26', '2020-08-12 14:36:26'),
(217, 'Et sapiente nesciunt sapiente.', 'Illum et deleniti in quia assumenda ipsa nostrum dicta voluptatibus iste laudantium dolore ipsa quaerat itaque autem autem vel a aperiam et provident earum cum non fugiat dolores facere nam animi eveniet omnis laboriosam explicabo blanditiis nihil id ea ut et officia non et voluptatem eligendi voluptatem unde asperiores quisquam architecto itaque temporibus voluptatibus libero.', 'cat6.svg', '01:21:56', 7, '2020-08-12 14:36:26', '2020-08-12 14:36:26'),
(218, 'Quia nam odit.', 'Ea explicabo rem ullam eaque quae molestiae adipisci cum iure unde molestiae tempore quos magni vero impedit voluptatem vitae et suscipit aut sint quo provident animi nisi odio qui voluptas mollitia asperiores eos incidunt omnis ipsa quia sint praesentium numquam rerum consequuntur voluptatem cum eos dolorum quis et.', 'cat6.svg', '23:19:12', 5, '2020-08-12 14:36:26', '2020-08-12 14:36:26'),
(219, 'Excepturi sed excepturi.', 'Doloremque voluptatem quisquam impedit omnis distinctio sint consequatur eum id deserunt ut sint quasi qui quo excepturi nesciunt et commodi ut doloribus reprehenderit autem facilis nostrum et aut quasi corporis.', 'cat4.svg', '21:14:41', 44, '2020-08-12 14:36:26', '2020-08-12 14:36:26'),
(220, 'Sunt quo velit.', 'Quia iusto labore ipsam est odit error qui unde ducimus et ad possimus molestiae officiis enim qui enim dolorem quidem quis et totam placeat natus expedita ex in atque eius assumenda et libero repudiandae omnis molestias eos autem nihil illo nobis nam commodi omnis qui ut molestias.', 'cat3.svg', '14:27:36', 43, '2020-08-12 14:36:26', '2020-08-12 14:36:26'),
(221, 'Nesciunt veniam est.', 'Dolores corporis quo voluptatum ut omnis odit quisquam suscipit velit et est libero enim rerum blanditiis sunt tempora error dolorum quae sed aspernatur magnam suscipit quia voluptatem dolore reprehenderit corporis eum molestias est voluptas assumenda accusamus et rerum harum velit.', 'cat1.svg', '07:34:21', 77, '2020-08-12 14:36:26', '2020-08-12 14:36:26'),
(222, 'Ut quia quos.', 'Et id voluptas harum enim voluptatem voluptates error et sunt quaerat et dolorum suscipit impedit ut illum rerum reiciendis voluptatem sed rem non et consequuntur aperiam rem.', 'cat5.svg', '05:42:53', 40, '2020-08-12 14:36:26', '2020-08-12 14:36:26'),
(223, 'Quisquam iure non.', 'Ipsum provident mollitia id cum inventore voluptatem repudiandae recusandae aut adipisci dolorem ut accusamus dolores impedit voluptatem non consequuntur qui commodi ullam id cumque eligendi rerum dolorem reiciendis neque explicabo vero qui occaecati aut ea dolor id necessitatibus animi dicta consequatur voluptatem temporibus voluptatem quia quos distinctio perferendis est cum illo.', 'cat1.svg', '17:08:10', 42, '2020-08-12 14:36:26', '2020-08-12 14:36:26'),
(224, 'Ex id id consectetur.', 'Quam voluptatem incidunt modi fuga dolore quaerat dolorem sint omnis quae laborum ratione voluptatem molestiae voluptatem nihil in totam unde laudantium consequatur voluptatem ut vero aperiam id odit corrupti reiciendis est eos rerum quae perspiciatis expedita molestias et earum dolor labore aperiam libero non.', 'cat1.svg', '20:34:36', 54, '2020-08-12 14:36:26', '2020-08-12 14:36:26'),
(225, 'Perspiciatis hic necessitatibus sit.', 'Blanditiis quia necessitatibus consectetur eum optio eaque dolor deleniti aut alias nemo est quia dolor et voluptatem sint et id est quaerat nesciunt cum magnam nihil rem eum laboriosam quo dolorum voluptatum consectetur quia consequuntur deserunt cum necessitatibus beatae harum et molestias sunt rerum quisquam.', 'cat4.svg', '06:06:01', 79, '2020-08-12 14:36:26', '2020-08-12 14:36:26'),
(226, 'Aut natus ullam.', 'Aut earum asperiores culpa facere quos neque in quis dolor nostrum recusandae officia in nesciunt dicta alias iste rerum enim tempore omnis fuga laboriosam dolores illo quibusdam vel laboriosam et ut minus aut odio earum animi vero debitis veniam fugit ea.', 'cat5.svg', '16:16:16', 25, '2020-08-12 14:36:26', '2020-08-12 14:36:26'),
(227, 'Et iusto.', 'Qui nobis et quos est et beatae illum eum optio totam quae nobis velit architecto sed in accusantium vel et fugiat ad id ut reprehenderit voluptatem.', 'cat5.svg', '22:42:32', 5, '2020-08-12 14:36:26', '2020-08-12 14:36:26'),
(228, 'Itaque laboriosam voluptas.', 'Iste deserunt nemo dicta incidunt mollitia est voluptas accusantium sunt cumque ut omnis omnis non vitae alias est occaecati magnam quam inventore qui qui sed aut explicabo eos vitae assumenda reprehenderit distinctio voluptas totam et qui ratione dolores et et dolor et voluptas ex voluptas sunt quia quibusdam in natus et ducimus quidem possimus consectetur voluptates perferendis.', 'cat3.svg', '18:26:37', 20, '2020-08-12 14:36:26', '2020-08-12 14:36:26'),
(229, 'Harum quo qui.', 'Ipsa explicabo architecto voluptatibus iure aut quisquam iusto aut esse dolorum laboriosam necessitatibus aut sed voluptas molestiae voluptas nihil et delectus asperiores id odio et officia.', 'cat6.svg', '22:00:22', 84, '2020-08-12 14:36:26', '2020-08-12 14:36:26'),
(230, 'Et enim unde quia.', 'In eligendi dolor et ut excepturi sint aut quia excepturi quaerat commodi rem necessitatibus ratione voluptas qui totam aspernatur non maiores neque vel suscipit nobis consequuntur exercitationem non molestias sequi quia error dicta adipisci iusto enim itaque corporis molestiae deserunt vero accusantium sint quae est.', 'cat2.svg', '00:38:49', 5, '2020-08-12 14:36:26', '2020-08-12 14:36:26'),
(231, 'Est porro consectetur voluptatem.', 'Aperiam inventore vero ut id placeat cumque quia error illum eos accusamus est aliquam nesciunt consequuntur nulla pariatur et est eligendi quod maxime et tempore ullam.', 'cat1.svg', '09:27:05', 56, '2020-08-12 14:36:26', '2020-08-12 14:36:26'),
(232, 'Ab accusantium harum.', 'Dicta rem excepturi amet non aut autem qui quasi et facilis magni mollitia autem sint voluptates necessitatibus voluptates ut asperiores aut ad doloribus error perferendis est illum nesciunt nobis ut tempora recusandae repellendus tenetur eum sit neque consequatur totam.', 'cat4.svg', '11:55:40', 21, '2020-08-12 14:36:26', '2020-08-12 14:36:26'),
(233, 'Neque ratione natus error.', 'Voluptas dolorum harum cupiditate maxime nulla ab unde quia natus maiores sint incidunt dolorem illum voluptates eum et quas illum beatae autem voluptatem neque veniam reiciendis perferendis voluptatibus a aut voluptate ut et fuga consequatur rem magni consequatur vel voluptas porro ratione ut.', 'cat1.svg', '10:16:30', 27, '2020-08-12 14:36:26', '2020-08-12 14:36:26'),
(234, 'Autem quia consequatur rerum.', 'Quia magni blanditiis nam qui ea velit non quaerat est amet consequuntur qui eaque quam omnis officia error beatae perferendis ea voluptas nisi voluptatem ea ullam temporibus non vel aut illum sequi tenetur quia consequatur quis ex totam illum a corrupti possimus.', 'cat1.svg', '06:19:22', 35, '2020-08-12 14:36:26', '2020-08-12 14:36:26'),
(235, 'Repellendus voluptatibus aut consequuntur.', 'Quo accusamus qui ducimus deleniti assumenda iste deserunt non qui accusamus nesciunt dolore aut ut minus facere in sit quod id velit incidunt ipsum qui et molestiae incidunt sit repellendus porro eum laboriosam vitae expedita magni.', 'cat2.svg', '05:55:34', 77, '2020-08-12 14:36:26', '2020-08-12 14:36:26'),
(236, 'Maiores explicabo et.', 'Sapiente asperiores odio impedit est quaerat velit qui tenetur sapiente sint id id aut quaerat vero unde ea necessitatibus possimus necessitatibus voluptas alias quo sit quidem earum ullam et nihil occaecati aliquam aliquid magni officia esse est perferendis fugit ex tempore omnis aut.', 'cat4.svg', '08:09:30', 36, '2020-08-12 14:36:26', '2020-08-12 14:36:26'),
(237, 'Quae dolorum laboriosam.', 'Voluptatum cum a sed quis nihil non eum facere mollitia quidem quas reiciendis sunt similique quo natus officia nesciunt aut aut vitae numquam dolor ipsum ducimus voluptatibus corrupti qui dignissimos illo sed facilis dolorem delectus tempore voluptas possimus labore laboriosam ut.', 'cat4.svg', '07:44:09', 69, '2020-08-12 14:36:26', '2020-08-12 14:36:26'),
(238, 'Ducimus qui laborum.', 'Vel aut sit eligendi ab ipsum sit qui voluptatem tempore exercitationem et culpa est ratione necessitatibus ex et reiciendis omnis iure optio deserunt quasi itaque temporibus distinctio qui odit illo omnis voluptatem tempore animi sunt ut nulla dolorem qui omnis facilis quisquam alias a aut voluptatum ipsum consequatur rerum sequi quia similique inventore ut ex.', 'cat3.svg', '18:53:06', 85, '2020-08-12 14:36:26', '2020-08-12 14:36:26'),
(239, 'Est neque in magni.', 'Consequatur et ut fuga quae aperiam ab molestiae sed at voluptatem non sed vel molestiae non ex id exercitationem reprehenderit omnis amet consequatur aspernatur quia atque aliquid.', 'cat1.svg', '21:29:00', 19, '2020-08-12 14:36:26', '2020-08-12 14:36:26'),
(240, 'Expedita dolorem fugiat.', 'Quis quod qui et voluptatum aut minima dolores eligendi dolores mollitia qui et facere ipsum omnis doloribus eius quia nemo voluptatum consequatur rerum quaerat nostrum voluptatem rerum velit omnis rerum quia asperiores autem dolores in cum facilis.', 'cat4.svg', '04:22:10', 5, '2020-08-12 14:36:26', '2020-08-12 14:36:26'),
(241, 'Ut est temporibus nihil quia.', 'Aut eos est amet blanditiis voluptate voluptas ut rerum mollitia autem ut ut rerum sit voluptatem delectus sed aut aliquid atque sit et et illo et architecto illo quo quos facere ab.', 'cat3.svg', '20:30:40', 51, '2020-08-12 14:36:26', '2020-08-12 14:36:26'),
(242, 'Non ut sed dignissimos.', 'Est ut illum excepturi ut praesentium sint quia consectetur atque occaecati quia et doloremque rem et et itaque vitae aut velit dolorum doloremque unde quidem sit eos aut est nisi ad minima qui est dolorem omnis nemo eos voluptatem nemo voluptas unde pariatur possimus ullam modi sequi.', 'cat5.svg', '22:06:38', 15, '2020-08-12 14:36:26', '2020-08-12 14:36:26'),
(243, 'Temporibus velit quo.', 'In qui itaque autem deleniti ut voluptatum quia tenetur maxime sequi nostrum id veritatis ea dolorem qui est non non voluptatem rem ut dolor repellendus odit.', 'cat4.svg', '06:31:34', 24, '2020-08-12 14:36:26', '2020-08-12 14:36:26'),
(244, 'Voluptatem et ex.', 'Cupiditate est optio et neque architecto quia debitis quia iure nemo eos autem animi ea aut qui labore debitis ut repellat ab tenetur et pariatur maxime qui quaerat laudantium corporis at voluptatibus vel rerum est error inventore aut omnis atque et dolorem voluptatem.', 'cat6.svg', '02:22:26', 11, '2020-08-12 14:36:26', '2020-08-12 14:36:26'),
(245, 'Sunt accusantium tempora eum.', 'Non totam officiis laudantium voluptatem dolores laborum tempora ex corporis voluptatibus accusantium dolorem blanditiis harum quia nihil est aspernatur repellat adipisci est modi nobis non vitae dolorem blanditiis voluptatem est qui enim perferendis sunt et id dolorem sunt sed maiores nemo dicta et dicta eos quo laudantium sint reprehenderit voluptatem sint aut harum dignissimos.', 'cat3.svg', '12:54:10', 36, '2020-08-12 14:36:26', '2020-08-12 14:36:26'),
(246, 'Itaque autem labore ut quis.', 'Consequuntur quae deleniti doloremque quo autem magni ut consectetur aut veniam ut beatae eius qui qui similique provident in harum voluptate assumenda est et modi velit quaerat et quia beatae quisquam quaerat praesentium.', 'cat2.svg', '11:10:26', 16, '2020-08-12 14:36:26', '2020-08-12 14:36:26'),
(247, 'Tempora adipisci maiores.', 'Laboriosam rerum modi maiores autem ea reprehenderit eius ea enim et nihil in repellendus eligendi atque et sapiente qui sint beatae quis rerum aliquam incidunt dolorem sit ipsa provident at.', 'cat1.svg', '20:52:59', 60, '2020-08-12 14:36:26', '2020-08-12 14:36:26'),
(248, 'Debitis eos dolor voluptas.', 'Laudantium amet quia sint architecto voluptatem vitae ut non voluptatem et rerum explicabo voluptatem hic ab vitae nobis ipsum consequatur facere dolore autem voluptatum porro deleniti quaerat error quas et magni voluptates ipsam incidunt recusandae veniam aperiam.', 'cat4.svg', '19:04:46', 79, '2020-08-12 14:36:26', '2020-08-12 14:36:26'),
(249, 'Labore molestias sit.', 'Earum id odio et ipsum eligendi harum sed veniam quisquam eius numquam assumenda est consequatur veritatis quia dolorum tenetur et qui beatae pariatur non temporibus aspernatur praesentium possimus quibusdam praesentium ipsa odio voluptate vel vel excepturi minima sint accusamus porro alias praesentium est officia est quo facilis a rem praesentium alias sint ad sit tempore qui ea.', 'cat4.svg', '18:11:30', 43, '2020-08-12 14:36:26', '2020-08-12 14:36:26'),
(250, 'Eos repellendus id voluptates.', 'Delectus sit incidunt unde eaque quia distinctio ratione temporibus recusandae et ab ut porro non impedit dolor voluptatem repudiandae enim dolor ut ullam distinctio est sunt rem dicta recusandae vel asperiores voluptatem quo.', 'cat4.svg', '11:06:49', 52, '2020-08-12 14:36:26', '2020-08-12 14:36:26'),
(251, 'Sunt in illo aut.', 'Consequuntur nihil tempore unde totam provident ad in aut nulla laborum eveniet aut repellat molestiae voluptatem omnis rerum molestias earum quia adipisci ut incidunt accusamus quam est dolor nobis quis enim tempora sunt aut adipisci consectetur delectus quos id neque quis vel dolorum.', 'cat5.svg', '01:52:52', 8, '2020-08-12 14:36:26', '2020-08-12 14:36:26'),
(252, 'Numquam sint est quia.', 'Vel modi eum ducimus facere magnam perspiciatis amet eveniet velit eveniet consequatur modi deleniti omnis sunt neque eum voluptatem qui voluptas voluptatem dolorum consequuntur aut asperiores veniam tenetur cum odio quos et et sed autem provident facilis repellendus porro voluptas et maxime et ea ab quae dignissimos sapiente totam repudiandae deleniti exercitationem dolores temporibus aut eum quo.', 'cat4.svg', '21:21:52', 57, '2020-08-12 14:36:26', '2020-08-12 14:36:26'),
(253, 'Et et sint perferendis.', 'Iure libero sed ducimus excepturi aliquam nisi suscipit nulla eligendi magnam ut voluptas impedit vel sed enim unde vero aut natus consequatur et qui perferendis iure ea eius repudiandae minus vel earum iusto laborum dicta.', 'cat2.svg', '23:40:21', 46, '2020-08-12 14:36:26', '2020-08-12 14:36:26'),
(254, 'Dolorem numquam est molestias.', 'Velit soluta rerum praesentium error dolorem autem molestiae incidunt et eius voluptatibus quidem voluptatem delectus nisi dignissimos blanditiis tempora harum aut hic rerum et illum inventore iste autem et quisquam est pariatur sed.', 'cat4.svg', '14:09:59', 62, '2020-08-12 14:36:26', '2020-08-12 14:36:26'),
(255, 'Consequuntur placeat maxime doloremque.', 'Quis fugiat rerum inventore cupiditate temporibus architecto doloribus alias voluptatibus iusto pariatur sed voluptas et itaque dolor qui pariatur provident soluta dolores omnis voluptatem ea qui laudantium sed velit perferendis tempore porro beatae quia et provident alias.', 'cat2.svg', '22:35:13', 72, '2020-08-12 14:36:26', '2020-08-12 14:36:26');
INSERT INTO `lectures` (`id`, `title`, `desc`, `img`, `duration`, `course_id`, `created_at`, `updated_at`) VALUES
(256, 'Dignissimos autem qui tempore.', 'Doloremque ex sit sapiente ipsum reprehenderit mollitia praesentium non velit perspiciatis et sequi voluptatem suscipit omnis aut qui aut magnam occaecati asperiores rerum voluptatem a aut quibusdam aut totam incidunt accusantium consectetur non quae impedit quaerat velit voluptatem incidunt adipisci accusamus repellat amet.', 'cat2.svg', '14:08:58', 56, '2020-08-12 14:36:26', '2020-08-12 14:36:26'),
(257, 'Laboriosam facere et.', 'Id vel deserunt ea sit minus quod repellendus quaerat at consequatur quo aut consequatur autem et et expedita et veritatis voluptas qui iste tempore eligendi libero repudiandae in fugit vero.', 'cat2.svg', '17:21:56', 30, '2020-08-12 14:36:26', '2020-08-12 14:36:26'),
(258, 'Et nihil ut.', 'Voluptates minus in in est eum ut et vero ducimus dolor rem eveniet voluptate non rerum nam nulla a tempore accusantium quia ut et voluptatem molestiae sit facere id odit ut sint tenetur magni mollitia ipsa explicabo.', 'cat3.svg', '10:27:20', 83, '2020-08-12 14:36:26', '2020-08-12 14:36:26'),
(259, 'Sit ipsam nulla accusamus.', 'Officia dolorum voluptates excepturi ut illo dicta debitis mollitia unde quam eos aliquam iure iure minima facilis culpa maxime debitis nulla aut delectus asperiores sint sunt eaque repellendus ea reprehenderit eligendi laboriosam quia et aperiam rerum ut voluptas cum culpa dolore consectetur vel blanditiis porro et et harum quia excepturi quasi sit molestiae incidunt omnis.', 'cat2.svg', '04:48:17', 39, '2020-08-12 14:36:26', '2020-08-12 14:36:26'),
(260, 'Dolores pariatur est.', 'In voluptas laudantium nulla id dolor dolor nesciunt aut placeat nostrum dolorum sit nulla dolorum dicta doloremque corporis aut accusamus qui consequuntur fugiat eum id maiores est aut dolor et consequatur hic autem debitis est a voluptatibus ut nisi sequi ut doloremque dolor reiciendis quia ratione ut fugit et enim odit magnam sapiente.', 'cat6.svg', '04:25:23', 16, '2020-08-12 14:36:26', '2020-08-12 14:36:26'),
(261, 'Eos repellat aliquam.', 'Tempore nisi ut doloremque et illum voluptatem id debitis ipsum est et sunt est et dolorem quasi beatae eveniet dignissimos nisi omnis sed voluptatibus voluptas in eos natus cumque ea consequatur numquam eum perspiciatis nihil quis ut maiores voluptate ad fugiat a est animi voluptas laborum.', 'cat4.svg', '10:52:45', 65, '2020-08-12 14:36:26', '2020-08-12 14:36:26'),
(262, 'Iure sit non.', 'Dolorem quaerat rem voluptatum totam nihil et incidunt explicabo ratione recusandae quia ut libero odio dolores nulla est nostrum inventore qui illo inventore aliquam cum est est voluptatem commodi quisquam eligendi iure est vel sunt tempora iure rem vitae sit voluptas commodi culpa officiis sit sit laboriosam ex vel.', 'cat3.svg', '10:01:13', 22, '2020-08-12 14:36:26', '2020-08-12 14:36:26'),
(263, 'Rem similique.', 'Sunt quaerat sint eaque veniam voluptas suscipit quibusdam et eius doloremque ut perspiciatis ipsa possimus deleniti voluptatibus omnis ex aspernatur sequi possimus harum est fuga ipsum ipsam facilis libero dolorum aspernatur molestiae placeat in sapiente molestias ut earum magni et est sed beatae eaque.', 'cat5.svg', '19:53:16', 28, '2020-08-12 14:36:26', '2020-08-12 14:36:26'),
(264, 'Dolore itaque velit qui.', 'Maxime non non quasi consequatur in cupiditate qui non est corporis rerum fuga adipisci ea excepturi earum optio excepturi autem enim placeat sit nostrum maxime vero qui et omnis aut quo.', 'cat2.svg', '16:05:26', 84, '2020-08-12 14:36:26', '2020-08-12 14:36:26'),
(265, 'Repudiandae impedit non eos.', 'Magnam rerum sed pariatur voluptatibus cupiditate velit laboriosam itaque ut ex porro a dolorum ut voluptatem cumque dolorem et accusantium et molestiae quia corporis amet commodi sit at fuga eveniet voluptas temporibus doloremque et labore ut veritatis optio exercitationem ut laudantium eos voluptas est vel aut quia esse eveniet dolores unde omnis laboriosam aut.', 'cat4.svg', '04:45:05', 2, '2020-08-12 14:36:26', '2020-08-12 14:36:26'),
(266, 'Ipsa architecto non magnam.', 'Sit temporibus error modi excepturi quaerat libero aliquid eos nesciunt dolorem sint autem dolores quae laboriosam ut esse est aliquam dolorem velit et repellendus omnis sit minima sed et ut et.', 'cat3.svg', '06:21:45', 67, '2020-08-12 14:36:26', '2020-08-12 14:36:26'),
(267, 'Sed quo non natus.', 'Aut accusantium est repellat beatae veniam sapiente quis vel debitis error ducimus magnam totam ipsa molestiae nulla vel aut repellendus sit occaecati nesciunt commodi illo et repellendus at architecto molestias nostrum consequatur quisquam pariatur ipsum ipsum molestias rem itaque eum doloribus necessitatibus iste nostrum quaerat quo repellendus nisi porro rerum.', 'cat2.svg', '20:06:37', 54, '2020-08-12 14:36:26', '2020-08-12 14:36:26'),
(268, 'Ad deleniti aut.', 'Esse aliquam cumque officiis porro inventore quaerat perferendis dolores adipisci eveniet fuga error inventore mollitia magnam perspiciatis id facilis dignissimos numquam facere ut aut magni.', 'cat2.svg', '12:12:28', 39, '2020-08-12 14:36:26', '2020-08-12 14:36:26'),
(269, 'Totam porro et.', 'A amet consequuntur aut ipsum eos enim minima dolor dolores voluptas ut omnis quia est velit hic est dolores enim error et pariatur temporibus consequatur explicabo ex est.', 'cat3.svg', '09:59:42', 60, '2020-08-12 14:36:26', '2020-08-12 14:36:26'),
(270, 'Non non doloremque ea.', 'Est recusandae veritatis temporibus quia et illum et molestiae nihil eveniet sit incidunt maxime qui minus nam ut adipisci dolor nam aspernatur officiis quasi sunt est provident assumenda esse molestiae autem.', 'cat2.svg', '22:51:28', 69, '2020-08-12 14:36:26', '2020-08-12 14:36:26'),
(271, 'Animi amet hic.', 'Occaecati mollitia autem veritatis earum in quia architecto dolorem deserunt quia velit similique minus aut voluptatem tempora ratione qui cumque cumque officiis occaecati dolor porro corporis quasi suscipit accusantium quia veritatis voluptatem qui qui velit repellat eum voluptatem nihil et porro voluptatem impedit veritatis nesciunt et rerum nihil ipsum rerum veniam voluptatibus.', 'cat5.svg', '04:02:51', 57, '2020-08-12 14:36:26', '2020-08-12 14:36:26'),
(272, 'Ut laboriosam iusto eligendi.', 'Rerum dolores est a eos dolor blanditiis hic voluptatem odio eligendi odio autem et autem optio laboriosam nesciunt ea id culpa ut pariatur dolorum labore omnis sit ipsa consequuntur ut rerum fuga est maxime nam eveniet qui eius quis omnis autem earum accusamus sit beatae consectetur voluptatem repellat vero hic corporis dolores nesciunt doloribus aut sit quas.', 'cat6.svg', '13:12:38', 60, '2020-08-12 14:36:26', '2020-08-12 14:36:26'),
(273, 'Laborum distinctio tempora.', 'Voluptas eum molestiae in numquam ducimus illum tempora voluptatem corrupti recusandae ut qui aut ut autem sunt sapiente occaecati suscipit odio minima laudantium et in dolore dolor id et hic odio voluptatem ut dolorum ea voluptas illum quis.', 'cat2.svg', '21:36:09', 73, '2020-08-12 14:36:26', '2020-08-12 14:36:26'),
(274, 'Id nemo sint dolorem.', 'Minus vel autem sunt aut ad molestias reprehenderit est aut nihil ipsum blanditiis odit ab blanditiis id iure delectus qui voluptatibus velit odio rerum illum hic molestiae et inventore inventore natus quidem eaque et consequatur quas odit accusantium temporibus voluptatem molestiae enim aspernatur.', 'cat4.svg', '17:32:13', 63, '2020-08-12 14:36:26', '2020-08-12 14:36:26'),
(275, 'Aut ullam sapiente quis.', 'Enim minima nam ut aut accusamus minus atque aut quasi laboriosam ipsum animi soluta quam sunt voluptatibus deserunt harum pariatur repellat esse illo debitis quidem laborum veritatis sapiente adipisci voluptatem iusto accusamus adipisci eos velit totam reiciendis ut corrupti inventore impedit.', 'cat1.svg', '19:49:09', 70, '2020-08-12 14:36:26', '2020-08-12 14:36:26'),
(276, 'Corrupti ea quaerat.', 'Minima ut laudantium corporis odio inventore in excepturi magnam eum recusandae deserunt voluptas aut minima doloremque dolorum vitae nulla velit voluptatem cupiditate illo rerum nesciunt praesentium architecto minima debitis et reiciendis reiciendis dolore enim voluptatem qui enim omnis aut velit ad voluptas ratione dicta voluptatem expedita dolore et sint magni rerum culpa.', 'cat6.svg', '13:43:20', 40, '2020-08-12 14:36:26', '2020-08-12 14:36:26'),
(277, 'Adipisci ex provident.', 'At totam molestias ad in perferendis sint sint odio quia nesciunt qui corrupti autem repellendus provident velit in quia voluptas excepturi nam id ut quisquam quos at qui facere molestiae unde enim vel officia voluptatum quia aut voluptatibus dolores quia magnam id rerum iste fuga quia voluptatibus qui nihil perspiciatis quia a quis fugiat in quis.', 'cat1.svg', '12:44:28', 15, '2020-08-12 14:36:26', '2020-08-12 14:36:26'),
(278, 'At dignissimos qui.', 'Eaque sequi et tenetur id est et reprehenderit sint quam voluptates recusandae ea iure molestiae vitae harum aut dolor quia numquam itaque et sit repellat qui iste rerum ea voluptatem impedit eveniet perferendis veniam temporibus hic qui perferendis atque animi soluta voluptatibus et nihil inventore officiis est omnis et dolor.', 'cat6.svg', '01:52:04', 78, '2020-08-12 14:36:26', '2020-08-12 14:36:26'),
(279, 'Repudiandae natus possimus incidunt.', 'Quia quam voluptas illum sed qui autem error sequi quibusdam harum eos placeat et eum voluptas quaerat saepe facilis placeat veniam sit voluptatem nesciunt molestias numquam porro ipsam eaque et sapiente hic fuga voluptas dolorem dignissimos dolore voluptatem autem pariatur qui quaerat voluptatem numquam blanditiis recusandae laborum quod minima eaque et quam facere ratione eos.', 'cat4.svg', '17:29:01', 3, '2020-08-12 14:36:26', '2020-08-12 14:36:26'),
(280, 'Aperiam iusto aut fugiat.', 'Placeat et eum illo aut ut sed dicta voluptas consequatur beatae qui quaerat quisquam perspiciatis in hic vel omnis nisi eius tenetur placeat occaecati eligendi animi ea non commodi iste perferendis quaerat error autem suscipit quia et sed provident ut ut delectus sint dolores.', 'cat6.svg', '17:15:03', 85, '2020-08-12 14:36:26', '2020-08-12 14:36:26'),
(281, 'Dolorem fuga fugit.', 'Consequatur et vero minima sint beatae doloremque voluptatem sit reiciendis itaque tempore dolorem dolor eos minus minima laborum blanditiis delectus aspernatur in nostrum et enim non delectus recusandae assumenda ex eveniet eligendi ab occaecati aperiam et modi aperiam sunt rerum assumenda doloribus qui tempora.', 'cat5.svg', '03:51:38', 73, '2020-08-12 14:36:26', '2020-08-12 14:36:26'),
(282, 'Quasi dolores magnam ipsam.', 'Sed ipsum sint perferendis numquam saepe molestiae quo et quia amet reprehenderit dolore voluptatem distinctio minus odit velit et minima dicta error aut consectetur in cupiditate perferendis consequuntur dolore sit accusamus illo dolorum labore eos unde ducimus nobis dolores reiciendis impedit.', 'cat1.svg', '22:27:47', 57, '2020-08-12 14:36:26', '2020-08-12 14:36:26'),
(283, 'Unde voluptatum.', 'Sapiente quidem aut ducimus et placeat aliquam harum et quis cupiditate iure provident veritatis omnis qui dignissimos officiis qui itaque iste id aut recusandae nisi numquam rerum qui consequatur porro et facere fuga omnis totam repellendus id veritatis nihil nobis natus nesciunt sint illum dolorum libero ullam officiis voluptatibus dignissimos et facere ab eaque.', 'cat5.svg', '20:22:02', 84, '2020-08-12 14:36:26', '2020-08-12 14:36:26'),
(284, 'Quae aut ea ut.', 'Accusamus sapiente vitae commodi in minus voluptas enim occaecati earum asperiores id sed vitae asperiores iure inventore totam voluptatem soluta aut magni qui est asperiores assumenda quasi explicabo rerum aut reiciendis voluptatem ea nam iste deleniti voluptatibus dolorem praesentium quasi aut aut dolores natus placeat assumenda natus voluptatem quo in excepturi omnis dignissimos.', 'cat6.svg', '00:58:15', 61, '2020-08-12 14:36:26', '2020-08-12 14:36:26'),
(285, 'Ipsa sed atque tempore.', 'Non optio ut et sint ut cumque velit dolores delectus accusantium quisquam est dolor numquam asperiores ut perspiciatis aliquam et sapiente neque architecto voluptatem aspernatur molestiae minus voluptatem quod quisquam saepe doloremque temporibus repudiandae quos neque ratione aut mollitia sed magnam assumenda quis ea temporibus velit omnis deleniti doloribus.', 'cat4.svg', '00:55:55', 67, '2020-08-12 14:36:26', '2020-08-12 14:36:26'),
(286, 'Blanditiis consequatur nam.', 'Ut veritatis libero voluptates aut qui magni occaecati deserunt dolores est cupiditate maxime officia quos culpa praesentium eos ea velit voluptas optio consequatur incidunt vel minus blanditiis consequuntur voluptas ipsum est hic.', 'cat2.svg', '19:01:49', 4, '2020-08-12 14:36:26', '2020-08-12 14:36:26'),
(287, 'Est at quia ut.', 'Molestiae asperiores alias quo sunt debitis tempora ipsum ex et natus laudantium officia id et laborum et nemo et aut vitae dolores eius asperiores corrupti distinctio autem perspiciatis assumenda voluptas non et iste ipsum eum quibusdam nam nobis architecto rerum neque at est aperiam.', 'cat3.svg', '14:58:56', 61, '2020-08-12 14:36:26', '2020-08-12 14:36:26'),
(288, 'Vel perspiciatis.', 'Molestiae sapiente excepturi aut et eos excepturi velit illo pariatur voluptatum nam hic ut doloremque nisi sunt doloribus doloribus eos est nostrum voluptate veniam et in necessitatibus at quia.', 'cat5.svg', '08:35:01', 8, '2020-08-12 14:36:26', '2020-08-12 14:36:26'),
(289, 'Ut impedit autem itaque.', 'Exercitationem nemo aperiam nihil sint totam voluptatem voluptas tempora vero qui numquam ex officia ab eligendi aut maxime sunt ducimus nemo ad sequi vitae eaque blanditiis non laboriosam quis et molestiae quis sit suscipit sed id nihil qui quasi et voluptatem alias ut et nihil cumque labore officiis odit delectus sunt dolorem tenetur modi.', 'cat4.svg', '04:55:38', 67, '2020-08-12 14:36:26', '2020-08-12 14:36:26'),
(290, 'Quis non omnis exercitationem.', 'Voluptatem repellat aut eveniet maxime aut autem dolorum quia quo alias nam ipsa et libero et aperiam est suscipit accusantium nulla sed officiis possimus iure dolorum suscipit nulla fugiat reiciendis iure earum harum rerum fugiat similique ea est cupiditate quisquam repudiandae optio voluptas quae et quidem ipsum consequuntur vel laboriosam.', 'cat5.svg', '12:40:02', 17, '2020-08-12 14:36:26', '2020-08-12 14:36:26'),
(291, 'Iusto qui quidem quo.', 'Aut et deserunt deleniti temporibus cumque omnis rerum doloremque deleniti dolores harum repellendus numquam aut rerum quia repellat reprehenderit dolor pariatur molestias quo blanditiis facilis nihil ullam est deleniti non ipsum dolorem nobis necessitatibus sunt consequuntur hic omnis dolor velit delectus laudantium.', 'cat3.svg', '14:41:01', 18, '2020-08-12 14:36:26', '2020-08-12 14:36:26'),
(292, 'Quibusdam sed ducimus corrupti.', 'Quasi cumque atque cupiditate alias quasi voluptatibus possimus unde voluptatem repellendus nobis et reiciendis neque dolor voluptas atque esse dolor dolores omnis commodi sit itaque et nobis porro repudiandae.', 'cat6.svg', '02:03:23', 21, '2020-08-12 14:36:26', '2020-08-12 14:36:26'),
(293, 'Iure dicta architecto non.', 'Possimus rerum voluptatibus aut voluptas omnis dicta adipisci autem illo quidem voluptatem deserunt sint quis reprehenderit ipsa dolorem quibusdam eius et repudiandae voluptatem numquam itaque natus accusantium est deleniti ducimus officia necessitatibus vel similique autem voluptatum asperiores similique ratione.', 'cat3.svg', '15:03:56', 10, '2020-08-12 14:36:26', '2020-08-12 14:36:26'),
(294, 'Qui ipsam sunt.', 'Facere et voluptatem a vitae ipsum adipisci cupiditate aut aut sapiente officiis sed aut saepe praesentium laboriosam non quisquam et perspiciatis numquam inventore qui in ut fugiat quia est nulla unde tenetur molestias tempore iusto voluptatem aspernatur sed at rerum odit sequi rerum laboriosam sequi facilis ullam sunt corrupti explicabo dolorum.', 'cat5.svg', '23:16:38', 82, '2020-08-12 14:36:26', '2020-08-12 14:36:26'),
(295, 'Excepturi in rerum iusto ut.', 'Qui consequuntur corporis aliquid aut id repellat aliquam unde molestias aut voluptas mollitia et consequatur earum quia alias ut alias iure quam impedit minima placeat.', 'cat3.svg', '10:38:07', 19, '2020-08-12 14:36:26', '2020-08-12 14:36:26'),
(296, 'Velit asperiores porro.', 'Porro totam ut tempore qui nisi occaecati esse deleniti error repellat doloribus aut non facere labore similique tenetur assumenda eum maxime sed asperiores minus enim dolor modi maxime.', 'cat5.svg', '02:26:10', 38, '2020-08-12 14:36:26', '2020-08-12 14:36:26'),
(297, 'Rem rerum voluptas.', 'Dolor debitis iusto iste quo sint odit voluptatum quasi accusantium maxime consequuntur ducimus nam in perspiciatis rem est consequatur ad et quis assumenda perferendis magni commodi quibusdam fuga harum assumenda aut tempore optio corporis reiciendis vel dolor repellendus dolor voluptas repellat quas molestias cum minima non quo nesciunt esse esse voluptatem animi similique voluptatem.', 'cat2.svg', '02:14:35', 53, '2020-08-12 14:36:26', '2020-08-12 14:36:26'),
(298, 'Labore est quaerat omnis.', 'Doloremque qui autem dignissimos quas labore adipisci quia enim aspernatur aut voluptatem architecto quia est aspernatur nesciunt quia omnis minima ut et et reiciendis iusto id animi repellat nostrum quia voluptatem est similique nihil enim.', 'cat3.svg', '00:16:15', 46, '2020-08-12 14:36:26', '2020-08-12 14:36:26'),
(299, 'Velit nostrum.', 'Maiores natus aperiam exercitationem aspernatur dolores ducimus iste asperiores repellendus sit alias odio aut est maiores explicabo qui nulla molestiae eos similique ipsa nostrum reprehenderit praesentium reiciendis recusandae voluptatibus sed eos provident perferendis fuga dolor consequatur eum quia et voluptas qui sit eos maxime magni veritatis eaque laboriosam optio facilis quia quis officia animi aperiam.', 'cat4.svg', '13:52:32', 35, '2020-08-12 14:36:26', '2020-08-12 14:36:26'),
(300, 'Aut nihil autem.', 'Nulla repellendus cum eos distinctio odio numquam culpa deleniti rerum dolore repellendus earum voluptatem iusto modi aut accusamus quos sit et distinctio veniam nemo provident molestias est voluptatem error voluptatem cum deleniti quidem.', 'cat1.svg', '04:24:01', 52, '2020-08-12 14:36:26', '2020-08-12 14:36:26'),
(301, 'Adipisci maiores excepturi.', 'Dolorem odit quisquam est dolor beatae nihil assumenda iusto odit quasi ab consequatur error ipsum veritatis facilis aspernatur veritatis omnis dolorum ea eum laboriosam quis consequatur neque mollitia similique soluta nihil vero voluptatum possimus dolor ipsa dolores voluptas assumenda delectus harum voluptas ut repellendus doloribus perferendis sit laboriosam ullam dolores voluptatum et.', 'cat3.svg', '03:49:13', 10, '2020-08-12 14:36:26', '2020-08-12 14:36:26'),
(302, 'Animi est dignissimos eaque blanditiis.', 'Repudiandae accusamus reprehenderit vero iusto consequatur eum aspernatur veritatis qui eaque est in vitae et est veniam dicta consequatur ab explicabo dolores unde quae eius voluptas repellat est quo asperiores tempora itaque illum impedit iure maxime repellendus id et laborum sint.', 'cat6.svg', '19:25:09', 20, '2020-08-12 14:36:26', '2020-08-12 14:36:26'),
(303, 'Corporis earum itaque.', 'Eaque incidunt qui sed et nobis ipsum consectetur iste veniam dicta aliquam explicabo et tempora atque eum harum soluta quidem eius aut iste numquam sed optio.', 'cat3.svg', '23:24:30', 69, '2020-08-12 14:36:26', '2020-08-12 14:36:26'),
(304, 'Asperiores numquam pariatur qui.', 'Sint facilis aut sit magni iusto facere voluptatibus quasi illum et illo enim vel aperiam molestiae architecto maiores praesentium incidunt distinctio velit voluptatum esse nam.', 'cat1.svg', '03:04:26', 42, '2020-08-12 14:36:26', '2020-08-12 14:36:26'),
(305, 'In ullam dolorum.', 'Magnam quas rerum aliquam molestias dolore qui fugiat reprehenderit nostrum autem in quod odit voluptatem libero quia quo voluptas totam eaque explicabo assumenda ipsam voluptatem voluptatem animi repudiandae consectetur dolore nemo praesentium qui quidem sapiente temporibus totam sequi quo nam natus.', 'cat3.svg', '14:31:12', 17, '2020-08-12 14:36:26', '2020-08-12 14:36:26'),
(306, 'Qui qui necessitatibus.', 'Deserunt consequatur ipsum non atque est est architecto a animi est nisi placeat illo sequi quam ea autem quis sint debitis non veritatis quis laborum iure accusamus mollitia quis et quae enim aut blanditiis similique molestiae eum ut qui et et ex ut debitis aut perferendis eligendi sint veniam qui nisi.', 'cat2.svg', '22:52:57', 32, '2020-08-12 14:36:26', '2020-08-12 14:36:26'),
(307, 'Sed eaque ut quia.', 'Voluptatem et dolorem iure voluptas ducimus impedit aut voluptatem qui voluptas rerum velit sapiente voluptatem quasi consectetur rem facere pariatur consequatur iure impedit quos ea aut alias nihil omnis sit et autem saepe illo recusandae et voluptatibus labore.', 'cat5.svg', '14:45:43', 79, '2020-08-12 14:36:26', '2020-08-12 14:36:26'),
(308, 'Ut sunt debitis delectus.', 'Sunt voluptatum praesentium consequuntur sit in quasi consequatur tenetur eius laboriosam corrupti aut reprehenderit quis pariatur dolorem qui fugiat mollitia officiis est placeat qui rerum et rerum expedita ut sed ut quia vitae a id delectus.', 'cat3.svg', '09:43:26', 36, '2020-08-12 14:36:26', '2020-08-12 14:36:26'),
(309, 'At sed dolorum.', 'Et quis accusantium sit non ipsum soluta inventore aut earum commodi debitis non explicabo odit incidunt necessitatibus laboriosam quia aut optio vel tempora et asperiores ullam sed eius laudantium sint sit alias delectus id officia quidem voluptatem aut laborum facere voluptatum minus molestias non incidunt fugiat numquam temporibus.', 'cat6.svg', '04:54:30', 1, '2020-08-12 14:36:26', '2020-08-12 14:36:26'),
(310, 'Est eum quidem est.', 'At sit ea voluptatem iste delectus at soluta quia sit fugiat ipsum voluptatem neque ea dolorem alias iure voluptatum qui quibusdam quis qui rerum perferendis sunt molestias facilis quia doloribus maiores commodi nam quidem aut eveniet ducimus ipsum eum a quo animi non omnis qui atque nihil explicabo hic nulla aspernatur enim ab omnis.', 'cat2.svg', '03:32:42', 76, '2020-08-12 14:36:26', '2020-08-12 14:36:26'),
(311, 'Vel voluptas dolores quidem.', 'Dolorem quo deserunt expedita sequi sunt nobis perferendis et nisi sint totam dolorem at maxime aut eligendi id consequuntur illum ut recusandae deleniti corrupti ea facere delectus enim quia.', 'cat3.svg', '14:25:16', 78, '2020-08-12 14:36:26', '2020-08-12 14:36:26'),
(312, 'Libero quidem facere et.', 'Perspiciatis voluptatem provident et tempore quia non soluta non sit officiis delectus in sint eveniet occaecati sunt eius omnis expedita qui qui inventore nisi iste ipsam libero vel est et culpa consectetur non dolore laudantium repellendus at in.', 'cat3.svg', '15:12:38', 1, '2020-08-12 14:36:26', '2020-08-12 14:36:26'),
(313, 'Eum enim odit dolorum.', 'A harum quam sit vitae suscipit neque incidunt exercitationem et dicta in amet quidem provident vel quod et odio voluptatem non quos asperiores occaecati accusamus praesentium veniam dicta sit ipsum voluptatem magnam maiores molestiae dignissimos aut aut qui recusandae dolores aut omnis minima et sint dolores beatae distinctio.', 'cat3.svg', '06:42:42', 67, '2020-08-12 14:36:26', '2020-08-12 14:36:26'),
(314, 'Tenetur quo quia.', 'Vel et suscipit ad sint possimus maiores et explicabo facere dolorem sed quas veniam molestias enim est dolor maxime ut repellat excepturi cupiditate asperiores neque fuga sint laudantium minima tenetur dolorum et ipsum assumenda consequatur reiciendis velit incidunt et dolorum harum laborum odit.', 'cat2.svg', '20:49:45', 46, '2020-08-12 14:36:26', '2020-08-12 14:36:26'),
(315, 'Quia ratione officia iusto.', 'Quo sint optio omnis ea dolor atque odio est repudiandae rerum sit voluptatem est vero ratione quisquam quas fugiat et esse impedit praesentium ea eum tempore ut quisquam ut necessitatibus ipsam amet ullam quas rem eos facilis eligendi iure ut amet velit totam quos animi repellat nulla.', 'cat4.svg', '08:05:05', 51, '2020-08-12 14:36:26', '2020-08-12 14:36:26'),
(316, 'Et amet modi eveniet.', 'Voluptatibus eos ut ipsam suscipit quos aliquid ipsum qui commodi quia sit ab ab voluptas corrupti omnis blanditiis rerum laborum nam beatae non vel eveniet facere minima eum voluptatem quam animi sunt et et aut officiis et debitis aut consectetur magni qui voluptates.', 'cat1.svg', '12:31:38', 28, '2020-08-12 14:36:26', '2020-08-12 14:36:26'),
(317, 'Est quod quis.', 'Sequi omnis labore et eum maiores et odio recusandae sed atque fugit doloremque quae vel aut beatae nesciunt aliquid rerum quasi sit molestiae ipsum eum cupiditate veritatis dolor accusamus dolores magnam officiis dolore qui explicabo officia eligendi distinctio velit similique quas.', 'cat1.svg', '02:46:25', 66, '2020-08-12 14:36:26', '2020-08-12 14:36:26'),
(318, 'Sed voluptatem et.', 'Dolores dolores eius aliquid qui reiciendis accusamus est quaerat voluptatem molestiae corporis molestiae id saepe recusandae eum qui facilis consequuntur dolor officiis perferendis nobis laudantium aliquid quasi ab quis modi cum modi veritatis itaque repellendus architecto odio non ipsam perferendis velit.', 'cat4.svg', '17:32:55', 24, '2020-08-12 14:36:26', '2020-08-12 14:36:26'),
(319, 'Porro magni nostrum ullam.', 'Fugit recusandae eaque non saepe qui ipsum dolores blanditiis provident fugiat voluptatem qui vitae et omnis ea repellat consectetur rerum maiores incidunt recusandae iure ut.', 'cat3.svg', '03:26:30', 13, '2020-08-12 14:36:26', '2020-08-12 14:36:26'),
(320, 'Nemo veritatis voluptas quisquam.', 'Quae tempora sed at ut perferendis fugit sed sed ea rem vitae dolor quisquam amet nostrum sit qui asperiores eum expedita provident nisi labore nisi aperiam earum.', 'cat4.svg', '19:41:59', 10, '2020-08-12 14:36:26', '2020-08-12 14:36:26'),
(321, 'Cumque sed quia voluptas.', 'Iusto eaque nulla amet est et sed aliquam incidunt odit numquam voluptatem odio autem sed maiores deleniti dolore soluta sed iure voluptas quidem optio dolorem beatae officia aperiam qui et aut enim aliquam.', 'cat6.svg', '09:06:41', 85, '2020-08-12 14:36:26', '2020-08-12 14:36:26'),
(322, 'Tempore dolore quo.', 'Natus dignissimos cumque quasi dolores consectetur magni ex eos minima et ut quia dolorem ipsum asperiores illo exercitationem eum unde repellat suscipit in quos aut nihil id expedita nobis accusantium suscipit et commodi eos et occaecati ab deleniti possimus voluptatem et velit voluptates consequatur quas qui qui perferendis error minus perferendis sit ea aliquam voluptatem debitis ratione.', 'cat4.svg', '22:34:24', 60, '2020-08-12 14:36:26', '2020-08-12 14:36:26'),
(323, 'Aut ab est rerum.', 'Maiores ut voluptatem numquam saepe ea quisquam praesentium cum tempora cum dolorem dolor rerum quia esse corrupti commodi est qui voluptas dicta aperiam est vel quidem omnis sit quis rerum nisi quis fuga enim facere vel accusantium est voluptatum maxime quis non illo a vero et sit omnis dolorem ut nesciunt.', 'cat5.svg', '02:42:08', 52, '2020-08-12 14:36:26', '2020-08-12 14:36:26'),
(324, 'Eveniet qui aliquid quasi.', 'Aperiam dolorum pariatur architecto esse ipsum sed error inventore eum enim voluptas et tempora autem modi nihil quo eaque in magnam quam unde quod dolores veritatis nisi sit ea eius ipsa debitis necessitatibus ratione et aut odit nihil officiis in laudantium reprehenderit molestiae.', 'cat1.svg', '17:06:55', 55, '2020-08-12 14:36:26', '2020-08-12 14:36:26'),
(325, 'Reiciendis eius nobis est.', 'Excepturi voluptatem quia animi impedit et impedit dolores voluptatem et magni quam officiis reprehenderit porro et perspiciatis quo ut minus eum eos ullam velit deleniti laboriosam minima ipsa nihil a aut voluptates.', 'cat5.svg', '09:07:37', 50, '2020-08-12 14:36:26', '2020-08-12 14:36:26'),
(326, 'Explicabo sed quis.', 'Rerum quos soluta autem voluptatem est omnis quia repellendus incidunt quas tempora numquam ad dolores animi sit aliquid voluptates nam qui fugiat quae quis consectetur non fugiat sunt aut ducimus rerum consequatur sit harum nesciunt totam aliquid nam perspiciatis iusto et excepturi.', 'cat2.svg', '03:25:30', 17, '2020-08-12 14:36:26', '2020-08-12 14:36:26'),
(327, 'Non beatae non sint qui.', 'Porro reiciendis quis eligendi laboriosam ea laboriosam laudantium qui earum sed dicta officia sunt saepe aut recusandae molestiae vel veniam et eaque corporis officia consequatur sit quasi vel quae vel suscipit enim doloremque.', 'cat2.svg', '17:41:07', 15, '2020-08-12 14:36:26', '2020-08-12 14:36:26'),
(328, 'Iusto nostrum voluptatem beatae.', 'Optio soluta vel sit corrupti consequuntur aut non laboriosam eaque magni laboriosam aut commodi hic quo consequatur non ratione consequatur sapiente perspiciatis officia et corporis nesciunt mollitia qui sint sequi.', 'cat1.svg', '17:44:32', 82, '2020-08-12 14:36:26', '2020-08-12 14:36:26'),
(329, 'Quia esse eos fugiat tempora.', 'Ea maxime asperiores neque est suscipit soluta sed provident repellat veritatis iure vero porro incidunt fuga labore quibusdam similique quia sit perspiciatis provident quia eaque nam eum alias veniam tempora culpa omnis nobis doloribus consequatur velit officia et sunt cum et omnis consequatur mollitia minus rerum in odit doloremque.', 'cat1.svg', '08:22:45', 49, '2020-08-12 14:36:26', '2020-08-12 14:36:26'),
(330, 'Non aliquid officiis.', 'Minima illo modi laudantium odio vero saepe et sed eius excepturi est quo facilis quia quasi in voluptatem eaque dolorem quidem velit fugiat occaecati commodi distinctio nisi deleniti occaecati rerum provident sint quia dicta.', 'cat5.svg', '11:41:11', 61, '2020-08-12 14:36:26', '2020-08-12 14:36:26'),
(331, 'Esse hic.', 'Cum eos ratione sed et numquam sint eius quisquam cumque enim saepe earum laborum vel et ullam aperiam qui vitae eaque beatae voluptas libero eum ea in et explicabo sed ab officia ullam non quae voluptatem ratione et qui dolorem quisquam ad exercitationem placeat veniam voluptatem.', 'cat6.svg', '07:22:06', 23, '2020-08-12 14:36:26', '2020-08-12 14:36:26'),
(332, 'Architecto sequi nisi fugiat.', 'Cumque qui porro quaerat architecto cumque delectus qui et temporibus tenetur harum ab cum quo quis laborum libero vel qui consectetur delectus modi est ducimus labore sunt rerum non inventore doloremque odio quia voluptate aut ex vel occaecati exercitationem est optio qui est.', 'cat6.svg', '03:42:39', 7, '2020-08-12 14:36:26', '2020-08-12 14:36:26'),
(333, 'Eaque non omnis et.', 'Qui officia quisquam ratione facilis omnis dicta non facilis optio nihil adipisci minus beatae quo sequi quisquam dolores maiores accusantium rerum eum et pariatur neque et nemo omnis sed delectus autem laudantium sapiente molestiae enim labore qui libero hic aut sint amet incidunt nesciunt aut delectus quo et hic magni saepe modi.', 'cat6.svg', '20:15:11', 41, '2020-08-12 14:36:26', '2020-08-12 14:36:26'),
(334, 'A nihil soluta dolores ut.', 'Molestias molestiae cupiditate molestiae excepturi odio minus voluptates sit quia officia sed consequuntur ea maxime vitae enim quaerat ut voluptatem libero quidem fugiat alias sunt et asperiores et iusto quidem ad quia ut.', 'cat2.svg', '13:27:32', 82, '2020-08-12 14:36:26', '2020-08-12 14:36:26'),
(335, 'Adipisci deleniti et.', 'Qui quos nemo fugit inventore culpa facilis aut est facilis modi inventore natus ea harum perspiciatis porro minus non consequatur sit voluptas enim incidunt distinctio.', 'cat2.svg', '03:01:56', 74, '2020-08-12 14:36:26', '2020-08-12 14:36:26'),
(336, 'Voluptatem velit illum.', 'Non et non illum est vero qui eveniet occaecati ut eius nam voluptatem ab dolor corrupti magnam eius repellat quis tempore aspernatur alias nesciunt vel laborum deserunt sapiente expedita in aut adipisci qui sit quia illo maxime ut.', 'cat3.svg', '13:56:53', 16, '2020-08-12 14:36:26', '2020-08-12 14:36:26'),
(337, 'Amet molestiae consequatur.', 'Consequatur voluptas qui aliquam soluta aut necessitatibus impedit et similique porro repellendus quis esse ullam cum rem sed aspernatur possimus alias sit maiores laboriosam ut nemo aut est iure quo sint et quae ea tempora vel soluta ipsum rerum vel ullam consequuntur ipsa dignissimos.', 'cat3.svg', '04:56:33', 3, '2020-08-12 14:36:26', '2020-08-12 14:36:26'),
(338, 'Omnis voluptas quasi.', 'Delectus impedit repellat rerum modi dolores ullam officiis non accusantium recusandae magnam sunt non ut voluptas excepturi fuga ut quasi excepturi molestias et id reiciendis aut reiciendis necessitatibus dicta dolor impedit dolor numquam maiores deserunt accusamus molestiae id tempore voluptas unde et dolores voluptas ut unde id.', 'cat5.svg', '22:47:20', 26, '2020-08-12 14:36:26', '2020-08-12 14:36:26'),
(339, 'Quasi sunt reprehenderit illum.', 'Amet facere pariatur omnis officia minima dolor magnam voluptatem corporis alias fuga nostrum voluptas veritatis in ea ipsum et eum modi id voluptatem a adipisci eos veritatis delectus temporibus voluptatem quia saepe dolore sed doloremque dicta est sit explicabo eum aut quasi et quae et est eum exercitationem voluptas est animi qui amet.', 'cat1.svg', '08:26:01', 8, '2020-08-12 14:36:26', '2020-08-12 14:36:26'),
(340, 'Doloribus quasi eum ut.', 'Quod aut est autem amet eius voluptatum quas dolorem odio voluptates est debitis dolor quas est qui accusantium repudiandae dicta dolor odio quos in quia incidunt amet quia perferendis incidunt omnis neque dolores eum atque illo eveniet neque similique voluptas iste eaque saepe voluptatem in error quam quas ullam quam dolorem deserunt et et vitae vel.', 'cat3.svg', '02:53:16', 22, '2020-08-12 14:36:26', '2020-08-12 14:36:26'),
(341, 'Exercitationem omnis voluptatem.', 'Voluptas at non quia possimus ut voluptates quo consequatur distinctio consequatur ea ipsum quaerat inventore voluptates consequatur quae vel minus omnis consectetur ut et recusandae quo non reiciendis quae quas qui et molestiae et quam at quia quam modi sed laudantium debitis adipisci minima hic adipisci reiciendis libero incidunt assumenda id distinctio asperiores.', 'cat6.svg', '20:15:50', 74, '2020-08-12 14:36:26', '2020-08-12 14:36:26'),
(342, 'Quaerat dolores corporis enim ipsum.', 'Ea deserunt quis voluptatem qui est eveniet delectus enim tenetur nisi et iste quis enim iusto voluptatem quae enim et fuga cumque occaecati quia voluptatem nihil in aspernatur quod quas ut et.', 'cat4.svg', '00:53:48', 21, '2020-08-12 14:36:26', '2020-08-12 14:36:26'),
(343, 'Facere necessitatibus.', 'Cumque voluptatibus molestias voluptatem asperiores et enim ut delectus sequi nulla tempore necessitatibus nam quis odio fugit quo rem voluptatum illo adipisci consequatur necessitatibus eum rerum et aliquid deleniti quia ad doloremque temporibus non pariatur possimus dolorem alias harum.', 'cat2.svg', '02:44:05', 61, '2020-08-12 14:36:26', '2020-08-12 14:36:26'),
(344, 'Quibusdam voluptas qui.', 'Et corrupti voluptate dolores aperiam aut voluptate sequi consequatur eum tempora consectetur est magni perferendis ut voluptate quibusdam qui magni consequatur maiores aut iure nobis qui et quae veniam et ad perspiciatis ea dolorem maiores culpa id culpa tempore et labore maiores ex rerum tempora ut et placeat et eaque et eos.', 'cat6.svg', '02:13:41', 18, '2020-08-12 14:36:26', '2020-08-12 14:36:26'),
(345, 'Atque non qui dicta.', 'Soluta sint qui aut sit eius aut quidem repellat aliquid nostrum qui et beatae mollitia ut corrupti saepe ab placeat unde voluptatem voluptatem doloremque maiores in provident excepturi pariatur nemo omnis quia et voluptatum minima provident aspernatur laborum ad recusandae qui non iure id ut.', 'cat4.svg', '15:52:20', 20, '2020-08-12 14:36:26', '2020-08-12 14:36:26'),
(346, 'Debitis officiis dignissimos.', 'Dolor sapiente expedita ullam molestias magni nemo voluptatem et ut autem porro architecto est non aliquam placeat eius cum consectetur eius voluptatem odit saepe et laborum illum maiores non repellat sit at ut explicabo adipisci consequatur placeat blanditiis quae nostrum vel.', 'cat4.svg', '01:27:10', 69, '2020-08-12 14:36:26', '2020-08-12 14:36:26'),
(347, 'Laudantium distinctio culpa quae.', 'Sed voluptatibus doloremque repellat eum reiciendis cumque quis et quia sit quas ex at aut possimus repudiandae cupiditate eos nihil incidunt iure sit et temporibus aspernatur praesentium vel neque suscipit repudiandae deserunt qui commodi facere culpa voluptatem.', 'cat1.svg', '13:08:17', 50, '2020-08-12 14:36:26', '2020-08-12 14:36:26'),
(348, 'Qui laudantium pariatur.', 'Nesciunt quis consectetur quo doloribus ut autem tenetur molestias at unde deserunt eos ducimus repellendus et alias nesciunt minima ut nemo odit qui quas magnam fugit labore perferendis facilis eos aut enim ratione et voluptatem voluptas velit consequatur quam alias ut blanditiis enim.', 'cat3.svg', '16:19:43', 33, '2020-08-12 14:36:26', '2020-08-12 14:36:26'),
(349, 'A vero voluptatem officia eligendi.', 'Tempore molestias officiis labore sit et voluptatem alias id temporibus culpa hic aliquid minima recusandae quos rerum error ut ut iure perferendis eos ipsa aperiam officiis voluptatem sint omnis sit odit est alias veritatis soluta officia voluptate odit consequuntur optio illum doloremque quis in aut omnis ex eveniet est dolorem nam voluptatem sed assumenda quia.', 'cat5.svg', '03:55:53', 17, '2020-08-12 14:36:26', '2020-08-12 14:36:26'),
(350, 'Est consectetur.', 'Asperiores odio qui laboriosam cupiditate aut dolorum animi et quisquam voluptas beatae veniam saepe rem sed soluta ad est dolorem asperiores esse eum accusantium ut impedit illum quia nam natus atque nostrum dolores magni.', 'cat2.svg', '14:49:53', 31, '2020-08-12 14:36:26', '2020-08-12 14:36:26'),
(351, 'Ut adipisci dolore quia.', 'Numquam placeat iusto officiis quia tempora explicabo ducimus assumenda dolorum sint inventore sint rerum est alias sit dolor qui facere est voluptates sunt ab voluptatum.', 'cat6.svg', '12:07:13', 40, '2020-08-12 14:36:26', '2020-08-12 14:36:26'),
(352, 'Et esse expedita.', 'Inventore quia dolorem omnis cupiditate quam autem facere eveniet dolor magni suscipit iure distinctio voluptatem qui omnis hic aliquid error maxime incidunt sed aut voluptatibus minus sunt ut eum.', 'cat5.svg', '13:16:57', 66, '2020-08-12 14:36:26', '2020-08-12 14:36:26'),
(353, 'Incidunt sequi itaque aut.', 'Quisquam illum et rerum possimus earum repellat eius dicta qui doloremque voluptatum sapiente adipisci velit labore qui iusto amet nesciunt accusamus sapiente ab voluptate labore illo est incidunt et ratione at consequuntur eius provident consectetur ut veritatis excepturi dolorem eos ducimus eius sit ut eveniet omnis sit pariatur animi ut porro.', 'cat5.svg', '08:37:27', 17, '2020-08-12 14:36:26', '2020-08-12 14:36:26'),
(354, 'Esse consequuntur.', 'Deleniti expedita et earum omnis sit in omnis exercitationem exercitationem quaerat aut excepturi dolor enim consequatur minus quia non sunt ut ut perferendis laboriosam aperiam molestias minima voluptate dolor quia sint rem quo nisi at autem veniam velit doloribus omnis omnis expedita unde vitae.', 'cat4.svg', '05:41:42', 5, '2020-08-12 14:36:26', '2020-08-12 14:36:26'),
(355, 'Qui ad in assumenda.', 'Qui quo voluptas eveniet laudantium consequatur exercitationem molestiae quod quidem itaque quae placeat nihil officia soluta fugit doloribus pariatur illo est ut aut totam minus illum molestias et a vel aut voluptatem quasi.', 'cat4.svg', '20:43:45', 59, '2020-08-12 14:36:26', '2020-08-12 14:36:26'),
(356, 'Eaque beatae nesciunt omnis.', 'Aliquam consectetur dolore quisquam dolor perspiciatis rerum veritatis cum maiores sapiente qui hic sit molestiae vero et dolor pariatur aut voluptatem neque accusamus esse earum est saepe nihil optio et enim ipsa rerum eos consectetur nostrum ut hic et dolorem inventore aut ut distinctio aspernatur aperiam et eaque eius.', 'cat4.svg', '08:10:46', 56, '2020-08-12 14:36:26', '2020-08-12 14:36:26'),
(357, 'Quod quia fugit occaecati.', 'Nisi repellat quis cum minima quas qui veritatis corrupti vitae sint non repellat delectus aut quo at ut non occaecati aut id quo voluptas ut repudiandae dolore numquam quia soluta culpa sit quos est fuga dicta quibusdam ut velit incidunt aut vero velit dolore dolores repellendus accusantium illo.', 'cat3.svg', '16:39:23', 46, '2020-08-12 14:36:26', '2020-08-12 14:36:26'),
(358, 'Non impedit commodi.', 'Dolor quibusdam tempore laborum quae aliquam recusandae porro quidem quidem est occaecati dolor expedita voluptate maiores ullam ut velit totam quia odio doloribus dicta vitae est autem exercitationem sint sit similique eius fugit nihil asperiores minus est hic repudiandae soluta fuga qui rerum labore quia natus vel quasi suscipit aut ut et aliquid cupiditate explicabo.', 'cat2.svg', '23:22:08', 37, '2020-08-12 14:36:26', '2020-08-12 14:36:26'),
(359, 'Similique dolorem exercitationem.', 'In ea nobis voluptatem corrupti voluptas illo incidunt quam et sint saepe delectus fugit ipsum fugit tempore ut quod voluptatibus perferendis neque iusto consequatur quasi quo eius qui atque deleniti iure est iusto dignissimos repellat nihil error rerum repellendus ipsum et voluptas facere molestias dolorum iste aut.', 'cat4.svg', '01:11:14', 60, '2020-08-12 14:36:26', '2020-08-12 14:36:26'),
(360, 'Voluptas veritatis asperiores.', 'Placeat eos officiis laudantium aut autem aut ut sint deserunt quod dolor accusamus est quasi corrupti ullam enim omnis cupiditate praesentium nostrum aspernatur in in fuga.', 'cat4.svg', '14:01:18', 77, '2020-08-12 14:36:26', '2020-08-12 14:36:26'),
(361, 'Ea laborum consequatur.', 'Sed tempora aut commodi illum accusantium tenetur at accusamus molestiae et quia saepe nihil culpa qui pariatur quod quibusdam qui rerum ut et rerum ut id aliquam ut et dolore quis quis voluptatem molestias natus et quis tenetur.', 'cat6.svg', '15:35:20', 23, '2020-08-12 14:36:26', '2020-08-12 14:36:26'),
(362, 'Iste ex quia.', 'Nam accusamus dolores iure ut ea ab dolore impedit nihil minus et est eos reiciendis et exercitationem ut incidunt veritatis atque repellat sit earum velit recusandae ipsum dolores error eos consequatur sapiente maxime provident aut distinctio sit itaque corporis sequi.', 'cat6.svg', '04:06:41', 56, '2020-08-12 14:36:26', '2020-08-12 14:36:26'),
(363, 'Voluptas laborum et itaque.', 'Dolorum eaque nesciunt quidem dolor non repellat similique est quis voluptate ipsam eos totam tempore laboriosam explicabo reiciendis possimus odit corrupti mollitia eaque laudantium quod nulla sed.', 'cat5.svg', '15:00:57', 72, '2020-08-12 14:36:26', '2020-08-12 14:36:26'),
(364, 'Sed aut magnam veritatis.', 'Ut itaque nam est quidem officia rerum beatae modi beatae saepe qui dignissimos vero incidunt sed quaerat non fugit sed sit autem quia molestiae et magni nihil cupiditate saepe accusantium expedita et adipisci aut qui ut modi hic repellat id molestiae et nihil vel omnis nobis quia excepturi recusandae expedita qui accusantium nihil harum pariatur dolores.', 'cat2.svg', '09:36:36', 57, '2020-08-12 14:36:26', '2020-08-12 14:36:26'),
(365, 'Fugiat mollitia debitis.', 'Ut tenetur vel eveniet ipsum et velit molestiae iure amet a perspiciatis exercitationem quia a ipsum vel est est deserunt consequatur et alias quae voluptatem laborum ut necessitatibus nobis neque illo non tenetur totam dolorum vel illo et quo minima consequatur quidem sint est ut cupiditate consequatur.', 'cat4.svg', '03:10:16', 52, '2020-08-12 14:36:26', '2020-08-12 14:36:26'),
(366, 'Tempore est ea.', 'Porro quis sapiente explicabo molestias voluptates occaecati aut id quisquam quasi aut ullam doloremque nisi tenetur adipisci delectus ex repellendus explicabo facilis nobis itaque nobis voluptates vel esse veniam et laudantium ipsam cupiditate vel architecto pariatur suscipit iure id blanditiis quasi sapiente fugit architecto unde quis nisi ut consequatur eius.', 'cat6.svg', '10:35:44', 38, '2020-08-12 14:36:26', '2020-08-12 14:36:26'),
(367, 'Dolorum iusto autem fuga voluptas.', 'Consequuntur porro reiciendis quibusdam qui vel quas nisi facilis saepe et quis dolor recusandae velit aut aliquam et ea sit tempora temporibus amet et iure vel eveniet.', 'cat5.svg', '15:24:53', 26, '2020-08-12 14:36:26', '2020-08-12 14:36:26'),
(368, 'Animi odio rerum.', 'Ad fugit voluptas dolor tempora enim sint quibusdam ut expedita mollitia perferendis sunt repellat voluptatem neque commodi velit et corporis pariatur non incidunt officiis et aut et beatae rerum deleniti eum rem ut tempore omnis sit quia non modi ullam voluptates est omnis mollitia sit in architecto illum odit omnis natus aut.', 'cat6.svg', '22:20:56', 71, '2020-08-12 14:36:26', '2020-08-12 14:36:26'),
(369, 'Ut sit.', 'Autem quidem maxime ratione eaque fugiat dolorem sed animi recusandae labore quidem necessitatibus omnis et esse molestias totam amet molestiae nam est quibusdam ut dolor consequatur consequatur accusamus ipsam impedit aut.', 'cat3.svg', '16:29:15', 52, '2020-08-12 14:36:26', '2020-08-12 14:36:26'),
(370, 'Alias ducimus et expedita.', 'Aut eligendi esse quo est illo sequi aliquam dolores atque non exercitationem recusandae sint magni magnam labore dignissimos ut sit corrupti placeat aperiam distinctio omnis neque error corrupti voluptatem rerum est velit sunt et debitis nihil molestiae.', 'cat5.svg', '02:23:53', 63, '2020-08-12 14:36:26', '2020-08-12 14:36:26'),
(371, 'Aut et ea incidunt.', 'Reprehenderit sint sapiente voluptatum voluptatibus esse voluptas veniam cumque dignissimos doloremque omnis harum autem ea cumque quibusdam quia fugit voluptatem quae magni quia repellendus doloribus libero nobis eum ipsam ut sit aliquid repellendus adipisci sit aut nisi nobis qui incidunt quas aut aspernatur nostrum ea suscipit quasi porro et minima.', 'cat4.svg', '11:08:43', 52, '2020-08-12 14:36:26', '2020-08-12 14:36:26'),
(372, 'Modi sit et.', 'Quidem distinctio est et eum quibusdam et soluta cupiditate commodi impedit facere vero ad sapiente voluptatem ut iure consequatur facilis quasi consequuntur qui sed a earum illum ipsam vel eveniet eius voluptates voluptas placeat incidunt.', 'cat4.svg', '15:17:23', 21, '2020-08-12 14:36:26', '2020-08-12 14:36:26'),
(373, 'Repellat nisi velit.', 'Facere harum sequi illum quia aut quae praesentium odio ut officiis autem saepe tenetur aliquid sint qui non et eos qui consequatur distinctio architecto id sit dignissimos reprehenderit assumenda tempora recusandae repudiandae dicta ea aut sit et non sequi corporis iusto omnis quia nihil impedit voluptatum culpa quia natus distinctio laboriosam dicta et.', 'cat4.svg', '14:15:29', 4, '2020-08-12 14:36:26', '2020-08-12 14:36:26'),
(374, 'Et est ut magnam mollitia.', 'Nobis reiciendis et vel enim excepturi sit necessitatibus asperiores doloribus nihil omnis sint quidem dolores sunt nobis impedit et laborum deserunt consequatur esse voluptatem blanditiis illum sed sed eligendi sint ipsa et nobis voluptates laborum officiis ipsam accusantium eligendi voluptatem mollitia aut expedita sunt quaerat non aut vitae perspiciatis.', 'cat6.svg', '05:41:13', 71, '2020-08-12 14:36:26', '2020-08-12 14:36:26'),
(375, 'Iusto quibusdam et totam molestias.', 'Ipsam nisi praesentium ut consequatur aperiam perspiciatis delectus et facere sed tenetur eum quod ut qui distinctio non accusamus ratione et fuga et vel eum reiciendis modi voluptatem nihil perspiciatis aspernatur velit sint earum reiciendis qui est et voluptates sunt eum explicabo dolores laudantium autem odio aperiam fugit ex hic.', 'cat2.svg', '05:27:53', 14, '2020-08-12 14:36:26', '2020-08-12 14:36:26'),
(376, 'Vel fuga aspernatur sit.', 'Et iure amet et iure cupiditate ut nostrum qui voluptatem molestiae quia dolor tempora quas quasi ut aliquam exercitationem veniam quo aut facere expedita illum ut labore libero beatae quia sit sapiente deleniti rem expedita recusandae hic quidem nobis laborum nesciunt dignissimos itaque inventore voluptas et laboriosam nemo eveniet omnis nulla unde.', 'cat4.svg', '17:20:56', 36, '2020-08-12 14:36:26', '2020-08-12 14:36:26'),
(377, 'Exercitationem nihil ea quod.', 'Fuga sunt et saepe consectetur quos sunt debitis est ut sequi assumenda deleniti suscipit eligendi iste autem harum numquam voluptas et a pariatur voluptatem praesentium ducimus qui alias aliquid expedita eos et aut necessitatibus eum consectetur cupiditate non voluptas incidunt quasi ipsum omnis repellat est veritatis.', 'cat2.svg', '01:54:55', 47, '2020-08-12 14:36:26', '2020-08-12 14:36:26'),
(378, 'Est voluptas molestiae.', 'Soluta fuga cum eaque voluptatem quas nobis ut quia vel consequatur quisquam et atque veniam non facilis in minima suscipit autem similique et et aut nemo illo.', 'cat2.svg', '08:00:55', 78, '2020-08-12 14:36:26', '2020-08-12 14:36:26'),
(379, 'Omnis eum temporibus necessitatibus.', 'Aut et sunt placeat impedit et consequuntur iure mollitia amet voluptatum quia et dolores consequuntur quas sint enim molestiae animi at necessitatibus minus optio est dolorum at minus maiores est occaecati aliquid consectetur autem quas illum.', 'cat2.svg', '21:30:02', 55, '2020-08-12 14:36:26', '2020-08-12 14:36:26'),
(380, 'Id hic expedita.', 'Laboriosam unde quas aliquid quia ut occaecati alias harum corporis suscipit corporis cupiditate ad itaque sed inventore commodi deleniti doloremque voluptas ut non porro recusandae rerum odit numquam velit sint molestiae amet quia deserunt inventore optio voluptas aperiam quia quo eos vel fugit architecto ratione non ut unde.', 'cat6.svg', '07:15:00', 35, '2020-08-12 14:36:26', '2020-08-12 14:36:26'),
(381, 'Excepturi sed animi.', 'Praesentium consectetur deserunt esse aut cumque eum inventore autem sed tempora eveniet dolore ut recusandae blanditiis itaque labore ut voluptas rerum animi officia voluptas esse necessitatibus deserunt magni sint qui nobis dolorem debitis nobis praesentium et.', 'cat6.svg', '11:59:24', 78, '2020-08-12 14:36:26', '2020-08-12 14:36:26');
INSERT INTO `lectures` (`id`, `title`, `desc`, `img`, `duration`, `course_id`, `created_at`, `updated_at`) VALUES
(382, 'Nesciunt consequuntur culpa tempora.', 'Voluptas ducimus nostrum voluptates et aut eaque qui quis aut impedit cupiditate cum amet assumenda perferendis qui facere ipsum natus modi velit esse repellendus consequatur quis nihil similique eos illo est consequatur et voluptas velit ut quo nihil quasi eveniet natus veniam velit aut.', 'cat1.svg', '22:37:50', 71, '2020-08-12 14:36:26', '2020-08-12 14:36:26'),
(383, 'Est molestias inventore magnam.', 'Debitis repellat molestiae nemo eos rerum nulla tenetur dicta necessitatibus aliquam expedita eligendi expedita numquam neque rerum exercitationem aut ea consequatur voluptatem qui labore quod numquam quia odit qui illo dolore deserunt sunt ad voluptatibus asperiores vel qui et neque labore impedit rem facere hic fugiat ullam debitis sit.', 'cat6.svg', '12:16:26', 74, '2020-08-12 14:36:26', '2020-08-12 14:36:26'),
(384, 'Aperiam illum illum quo.', 'Omnis eligendi nam dolores eos facilis voluptatem amet vel dolore sunt adipisci maxime sequi expedita vel eum quo autem quia cum iure ratione qui alias architecto et dolorum dolorum minus rem dolor deleniti ea minima dolores atque dolor reiciendis nihil assumenda voluptatem.', 'cat4.svg', '13:32:26', 64, '2020-08-12 14:36:26', '2020-08-12 14:36:26'),
(385, 'Esse accusamus eos qui.', 'Incidunt dicta non omnis mollitia aut porro amet ratione vitae ea est est minima soluta provident odit ut et est commodi minima eum provident dolorem optio quos eum fugit reiciendis aut ullam atque deleniti aut dolor dolore sed velit alias esse nemo natus ex inventore.', 'cat6.svg', '01:25:29', 29, '2020-08-12 14:36:26', '2020-08-12 14:36:26'),
(386, 'Dolor quas quia et.', 'Voluptatibus tempore qui ex aut eos nisi et rem dolor cum accusamus eius dolore repellat neque sint quia occaecati quis error autem aut sed voluptatem velit magnam deserunt vitae aut qui voluptatem eius distinctio sed doloremque molestiae tempora et sapiente dolor.', 'cat5.svg', '11:35:34', 27, '2020-08-12 14:36:26', '2020-08-12 14:36:26'),
(387, 'Numquam ea sequi illum.', 'Perspiciatis omnis unde quia eligendi sunt qui nihil ut aut sint quas aut officia iusto et deleniti aut quia quia et molestiae ratione labore itaque iste sed dolor occaecati libero facere sed deserunt omnis quae harum quisquam molestiae quasi doloribus unde delectus sit autem voluptates et iusto.', 'cat5.svg', '17:38:24', 68, '2020-08-12 14:36:26', '2020-08-12 14:36:26'),
(388, 'Sunt quibusdam quisquam et.', 'Quidem quasi qui explicabo eligendi laborum qui cum est illo sapiente delectus esse voluptatem quae voluptatibus illo iusto sint ab qui commodi veniam voluptatem voluptatum dolorem quidem et voluptatem et sunt temporibus placeat similique reprehenderit.', 'cat5.svg', '18:54:26', 55, '2020-08-12 14:36:26', '2020-08-12 14:36:26'),
(389, 'Rerum quod placeat.', 'Dolor iusto doloribus sequi ipsa excepturi et fuga officiis non optio ad odio animi ut occaecati libero magnam veniam minima corrupti veritatis eum dolor perspiciatis eligendi beatae soluta et cum quo aut est maiores id sint error perferendis eum impedit expedita minima dolor aut autem dolorem commodi.', 'cat6.svg', '10:15:59', 69, '2020-08-12 14:36:26', '2020-08-12 14:36:26'),
(390, 'Sint enim occaecati commodi.', 'Dolorum velit aperiam labore inventore itaque laboriosam eum beatae temporibus praesentium iure incidunt tempore laudantium voluptas quisquam vel voluptatibus eos voluptatem aut quidem aut consequatur et accusantium assumenda cum est nemo autem quam.', 'cat5.svg', '20:56:21', 5, '2020-08-12 14:36:26', '2020-08-12 14:36:26'),
(391, 'Suscipit itaque et.', 'Nulla distinctio fuga temporibus et sint error nobis quisquam totam quaerat placeat nihil quia qui quia fugit qui quia quo voluptate ipsum ipsa voluptatem porro facilis occaecati officiis iure minus sed provident inventore adipisci nam.', 'cat1.svg', '20:37:20', 50, '2020-08-12 14:36:26', '2020-08-12 14:36:26'),
(392, 'Delectus quos quisquam sed veritatis.', 'Quos sit in iure incidunt quisquam est doloribus dolorem harum maiores est mollitia ipsum nihil rerum facilis provident itaque veniam facere ratione tempora repudiandae consequatur et dolorem consequatur et ex eum voluptatibus blanditiis minima facilis reiciendis ea placeat qui laboriosam eveniet similique sunt hic tenetur est quibusdam non odio similique vero.', 'cat6.svg', '01:35:15', 38, '2020-08-12 14:36:26', '2020-08-12 14:36:26'),
(393, 'Fugiat quis amet eveniet.', 'Ut ipsam sint repellat dicta fugiat dolorem quae officiis eligendi necessitatibus aperiam quos harum eum autem expedita aut provident et veritatis placeat doloremque ipsam aut fugiat enim fuga necessitatibus velit expedita perferendis inventore.', 'cat4.svg', '11:51:53', 43, '2020-08-12 14:36:26', '2020-08-12 14:36:26'),
(394, 'Voluptatibus occaecati et excepturi.', 'Quia qui veniam consequuntur ducimus saepe ab doloribus voluptatem culpa quis veniam amet qui dolorem distinctio iste molestias porro officia minus blanditiis et ducimus blanditiis dolore maiores inventore excepturi alias aut voluptatibus quisquam aut commodi nesciunt est numquam similique nam et omnis repellat maiores et qui maiores repudiandae repellendus molestias culpa autem.', 'cat2.svg', '00:01:58', 67, '2020-08-12 14:36:26', '2020-08-12 14:36:26'),
(395, 'Quia accusamus quae.', 'Soluta et est aliquid nam ullam autem cumque numquam ut dolorem error voluptas ab qui illum perspiciatis ut illum commodi vero aspernatur et quasi inventore pariatur quos nesciunt quo autem ipsum eos quisquam soluta necessitatibus quis qui beatae eum autem suscipit quia reiciendis praesentium sapiente a expedita sit magnam.', 'cat4.svg', '07:15:21', 32, '2020-08-12 14:36:26', '2020-08-12 14:36:26'),
(396, 'Quidem placeat harum id.', 'Voluptatem quia repudiandae dicta libero corrupti cumque iste ipsa fuga consequuntur cumque ut libero et aliquam minus qui sed ex quo aut quas eos asperiores et est eos et dolorem quod debitis temporibus ducimus nisi asperiores ab nesciunt ullam deleniti beatae consectetur veniam enim culpa nam debitis autem voluptatem explicabo quod amet quia ipsam deleniti.', 'cat6.svg', '10:53:06', 10, '2020-08-12 14:36:26', '2020-08-12 14:36:26'),
(397, 'Eligendi aperiam ex.', 'Laudantium sint qui mollitia vitae repudiandae consequatur aliquam eligendi vel dolorum sapiente possimus consequuntur cum dolorem asperiores facere dolore libero est pariatur odit exercitationem maiores odio fugiat et qui natus minima quia officiis.', 'cat2.svg', '04:47:19', 13, '2020-08-12 14:36:26', '2020-08-12 14:36:26'),
(398, 'Ducimus beatae porro.', 'Quia qui laudantium doloremque deserunt aut nisi alias sed sed praesentium enim hic vel dolorem dolor impedit impedit vitae eligendi est culpa ea animi qui ipsum dignissimos placeat aut iste et ipsam dolor sed rerum suscipit adipisci totam iusto.', 'cat2.svg', '15:17:35', 63, '2020-08-12 14:36:26', '2020-08-12 14:36:26'),
(399, 'Corrupti maiores consequatur nihil.', 'Sunt beatae distinctio magnam velit voluptates assumenda voluptas dolorem sed dolor architecto beatae voluptatem unde qui rem eveniet modi a rerum quaerat facilis et unde.', 'cat4.svg', '22:24:36', 17, '2020-08-12 14:36:26', '2020-08-12 14:36:26'),
(400, 'Dolore libero numquam.', 'Quae est debitis eaque quam similique dolore doloribus et tenetur laudantium quod expedita amet molestiae quaerat libero et saepe rerum ipsum et atque dignissimos voluptas et non ea accusantium necessitatibus et ut voluptate voluptas quibusdam aut ipsam aut libero qui distinctio eligendi eius.', 'cat2.svg', '23:22:59', 43, '2020-08-12 14:36:26', '2020-08-12 14:36:26'),
(401, 'Consequatur quod.', 'Sit illo quia voluptate deleniti ad accusantium consequatur ea aspernatur dicta eaque eos cumque illo dolores eum aut perferendis earum ut sed ipsum quasi ut blanditiis quos et eos.', 'cat6.svg', '06:38:22', 41, '2020-08-12 14:36:26', '2020-08-12 14:36:26'),
(402, 'Doloremque voluptatum numquam non.', 'Magnam eos aut vel et et fugit aut cumque recusandae eveniet quisquam velit qui quas molestias fugit fugit sint minima et quam mollitia accusantium non eius facilis est atque vero voluptatem.', 'cat5.svg', '19:39:15', 22, '2020-08-12 14:36:26', '2020-08-12 14:36:26'),
(403, 'Amet dolorem debitis et.', 'Est nisi mollitia qui voluptas tenetur non nostrum et ut deserunt consequatur eveniet fugiat molestiae fugit et consequuntur impedit ad et id dolores qui ad voluptatem voluptatem odio enim veniam fuga commodi saepe libero aperiam ut reprehenderit sint hic cupiditate nobis quisquam voluptatum.', 'cat3.svg', '17:50:01', 42, '2020-08-12 14:36:26', '2020-08-12 14:36:26'),
(404, 'Quo quia quidem autem.', 'Nihil expedita est sit velit cupiditate quod consequatur delectus expedita et libero nesciunt eum soluta dolorem ad et ipsam ipsa ullam ut eaque consequatur qui libero.', 'cat3.svg', '22:50:13', 78, '2020-08-12 14:36:26', '2020-08-12 14:36:26'),
(405, 'Neque nisi rem dolore.', 'Et est nostrum veritatis iusto dolore exercitationem vero id voluptas ea dicta deserunt mollitia laudantium eos unde consectetur fugiat voluptas consequatur ut qui in laboriosam tempore pariatur maiores quidem alias sed minus voluptatum necessitatibus nam voluptatem a soluta.', 'cat4.svg', '18:25:57', 70, '2020-08-12 14:36:26', '2020-08-12 14:36:26'),
(406, 'Vel ut tenetur.', 'Ratione illum cumque cumque est nulla nesciunt error ut maiores corporis tempora eveniet voluptas atque harum debitis voluptatem qui aliquid laboriosam reiciendis eos dolor voluptatem quae.', 'cat3.svg', '00:46:46', 61, '2020-08-12 14:36:26', '2020-08-12 14:36:26'),
(407, 'Fuga sint qui.', 'Et ut est sequi sit ut soluta sint et voluptas dolorem ut aliquid dolor aut aut ut alias non sit ipsam blanditiis ullam ut sit sint.', 'cat6.svg', '11:04:46', 62, '2020-08-12 14:36:26', '2020-08-12 14:36:26'),
(408, 'Ex error veniam beatae.', 'Corrupti ab odio nihil ut similique molestiae neque ullam atque assumenda id occaecati vel officiis delectus porro nulla earum nisi autem sint voluptas non quas quia blanditiis similique qui vero enim blanditiis voluptatem voluptas quibusdam ab et expedita consequuntur error eligendi qui ut quae tempore voluptatem ut.', 'cat5.svg', '08:53:28', 63, '2020-08-12 14:36:26', '2020-08-12 14:36:26'),
(409, 'Eos eum.', 'Qui quo nulla illum ut est qui rem et rerum quasi beatae dolores dolor atque harum rerum ut quia ut dicta itaque eos facilis cum animi omnis adipisci porro consequatur ducimus.', 'cat3.svg', '12:20:36', 39, '2020-08-12 14:36:26', '2020-08-12 14:36:26'),
(410, 'Enim ut quia.', 'Ipsa culpa maxime et quis et consequuntur doloremque vel quia ratione adipisci nostrum rerum dolores et et laudantium rem iusto voluptas iste autem aut et et dicta provident ratione et quia molestias repellat modi voluptatum earum corrupti magnam qui voluptate eveniet delectus quod tenetur deleniti odio vero quam architecto atque tempore ipsam accusantium sunt.', 'cat4.svg', '22:24:50', 6, '2020-08-12 14:36:26', '2020-08-12 14:36:26'),
(411, 'Quasi in enim quis.', 'Aliquam omnis eum suscipit expedita in rerum accusamus aut necessitatibus officiis laboriosam nihil illum eum occaecati veritatis iure quis quidem error est quia consequuntur eum iure veritatis harum eligendi error occaecati aliquid labore molestiae voluptas optio autem est eum vero possimus eum est voluptatum soluta maxime quas.', 'cat4.svg', '01:45:12', 35, '2020-08-12 14:36:26', '2020-08-12 14:36:26'),
(412, 'Ex sed nam quo.', 'Doloremque placeat ut sint id ab ex consequatur id doloribus assumenda repellendus aspernatur dolores eos omnis harum assumenda et est quis ducimus deleniti est sint occaecati dignissimos quidem est sunt iure totam nesciunt animi quos blanditiis adipisci ea est unde enim dignissimos non distinctio architecto dolore molestias.', 'cat6.svg', '08:18:50', 78, '2020-08-12 14:36:26', '2020-08-12 14:36:26'),
(413, 'Eius accusamus quasi.', 'Eum sit assumenda rerum quis rem ut reiciendis vitae aliquam excepturi pariatur laborum delectus natus dolor nam aut repudiandae aut placeat recusandae sapiente eum cum quia totam eos quia commodi.', 'cat6.svg', '20:01:21', 38, '2020-08-12 14:36:26', '2020-08-12 14:36:26'),
(414, 'Consequatur et et.', 'Architecto praesentium autem et quae corrupti veritatis culpa quo reiciendis qui unde enim odio vel ut ut voluptatem perspiciatis est laboriosam pariatur est nulla ratione tenetur qui dicta ex delectus sequi est animi aut atque possimus omnis veritatis et quod et corporis omnis ratione ea itaque nulla optio laboriosam totam voluptatibus.', 'cat2.svg', '00:12:56', 71, '2020-08-12 14:36:26', '2020-08-12 14:36:26'),
(415, 'Qui explicabo expedita.', 'Aspernatur repudiandae doloremque autem vero cum eum impedit et aut impedit expedita eveniet cumque mollitia fuga officia in sint iure iste delectus suscipit quis suscipit nobis consequatur expedita neque est harum dolores ullam molestias reiciendis sed laboriosam assumenda qui neque quidem optio eum harum excepturi laborum provident fuga velit.', 'cat3.svg', '23:00:35', 27, '2020-08-12 14:36:26', '2020-08-12 14:36:26'),
(416, 'Quisquam ipsum exercitationem.', 'Amet sunt quis sint cupiditate ad similique dolor architecto debitis illo non et quis ab dolores nam natus reiciendis commodi enim repudiandae officiis unde ipsum commodi quia maxime officia ut ut ea harum reiciendis voluptatem minima veritatis nihil commodi reprehenderit et repellendus qui quod vitae cumque et quis minus aut et.', 'cat5.svg', '03:08:18', 3, '2020-08-12 14:36:26', '2020-08-12 14:36:26'),
(417, 'Non aliquam reprehenderit quisquam.', 'Cum at sed error sed rerum accusantium et qui nam animi rerum ut tempora ut rerum qui vitae necessitatibus perferendis laboriosam asperiores ab nulla enim enim vitae ipsam praesentium vel laboriosam et numquam ipsa.', 'cat4.svg', '22:55:04', 29, '2020-08-12 14:36:26', '2020-08-12 14:36:26'),
(418, 'In at pariatur nisi.', 'Quaerat id iusto sed libero et fugit deserunt eveniet dignissimos dolores laboriosam sint dignissimos et tempore fugiat possimus rerum iure accusantium distinctio voluptatibus omnis at officia amet nostrum minima ea nulla est tempore sequi inventore officiis voluptatem at.', 'cat1.svg', '06:02:58', 25, '2020-08-12 14:36:26', '2020-08-12 14:36:26'),
(419, 'Sunt adipisci eius in.', 'Totam dolorum molestiae voluptates aut nobis id ut doloremque minus sequi iure quo qui mollitia nesciunt quos aliquid rerum impedit maiores dolor quos ex consequatur qui.', 'cat6.svg', '19:25:28', 42, '2020-08-12 14:36:26', '2020-08-12 14:36:26'),
(420, 'Qui hic omnis porro.', 'Ducimus nesciunt reprehenderit et et fuga dicta molestiae aliquam a placeat non voluptatem neque dolores omnis sed voluptas unde quam dicta voluptas aliquid nulla fuga veritatis consequuntur blanditiis sed commodi deleniti sit velit nam.', 'cat3.svg', '08:20:23', 51, '2020-08-12 14:36:26', '2020-08-12 14:36:26'),
(421, 'Explicabo optio voluptatem perferendis.', 'Tenetur necessitatibus magnam nesciunt sed quidem autem sapiente consequuntur voluptatem sed doloribus qui rerum esse consequatur sapiente quia dolore debitis nihil sed saepe qui officiis ut accusamus molestiae nihil sunt earum repellat laudantium velit magni modi asperiores quis est expedita vel rerum molestiae.', 'cat5.svg', '23:32:28', 85, '2020-08-12 14:36:26', '2020-08-12 14:36:26'),
(422, 'Sit aut.', 'Eum illo nulla enim non eos fuga ut eos nesciunt cupiditate laborum nihil quam aspernatur nisi consequatur magni dolores quas officia quae incidunt et dolores recusandae aliquid hic aut.', 'cat5.svg', '23:30:22', 19, '2020-08-12 14:36:26', '2020-08-12 14:36:26'),
(423, 'Sunt commodi est.', 'Natus tenetur recusandae saepe voluptatibus aut magnam aut impedit saepe recusandae ut in molestiae rem autem ex neque quis fugiat doloribus veritatis optio odio tenetur nam sit sit exercitationem officia tempora non qui minima nostrum laboriosam illum.', 'cat3.svg', '09:41:44', 1, '2020-08-12 14:36:26', '2020-08-12 14:36:26'),
(424, 'Laboriosam quia reiciendis.', 'Dolor eum assumenda est voluptas consectetur in ut aperiam dolore soluta nisi minus dolorem impedit perferendis omnis qui ut quae libero nemo sed dolore totam non facere nam quis laboriosam commodi voluptas inventore fugit fugiat et porro officia quasi vero ducimus consequatur libero dolor consequatur est atque ad qui odit quam consequuntur omnis suscipit molestiae consequuntur.', 'cat3.svg', '13:33:05', 2, '2020-08-12 14:36:26', '2020-08-12 14:36:26'),
(425, 'Dolores distinctio ipsum quo.', 'Facere veritatis consequuntur quasi fuga qui accusamus quis voluptate officia eos ullam rerum cum est cumque soluta dignissimos sint ipsa at culpa iure et eum ad quisquam in veniam aut.', 'cat1.svg', '23:24:33', 73, '2020-08-12 14:36:26', '2020-08-12 14:36:26'),
(426, 'Est sequi.', 'Est reiciendis nulla nihil quia quod quae nobis quia aut harum quae architecto deserunt repellat ea sit mollitia totam et quibusdam explicabo qui et commodi labore.', 'cat4.svg', '20:49:49', 34, '2020-08-12 14:36:26', '2020-08-12 14:36:26'),
(427, 'Et distinctio voluptatem molestiae.', 'Perspiciatis perspiciatis pariatur modi blanditiis qui similique atque suscipit aut illum alias quo eos officia dignissimos delectus perferendis assumenda incidunt ut qui nemo hic labore nihil facere quia eaque sint ea dolorem provident voluptatem delectus et.', 'cat2.svg', '14:22:33', 18, '2020-08-12 14:36:26', '2020-08-12 14:36:26'),
(428, 'Est distinctio ut neque.', 'Ab voluptatem nesciunt praesentium impedit similique modi est maiores explicabo aut et et earum ut eos dolor et ut quae eum iure aut necessitatibus qui impedit architecto et suscipit iusto corrupti nam consectetur dolorum perspiciatis ut esse soluta veniam et quia facilis libero.', 'cat6.svg', '17:04:20', 10, '2020-08-12 14:36:26', '2020-08-12 14:36:26'),
(429, 'Et id hic est.', 'Libero sunt sapiente quia quis impedit consequatur deleniti dolore quia non ab animi quidem molestiae est quis quo et sint voluptatum ex sint ut eveniet quos laboriosam sit rerum error totam ipsum occaecati omnis nostrum facere amet beatae.', 'cat2.svg', '17:01:33', 54, '2020-08-12 14:36:26', '2020-08-12 14:36:26'),
(430, 'Maiores eum labore.', 'Et temporibus consequatur quo ut a necessitatibus consequatur illum iure labore nesciunt velit molestiae quia voluptate nostrum fuga et reiciendis adipisci deserunt neque sed non est fugiat autem non ipsum.', 'cat5.svg', '22:22:10', 56, '2020-08-12 14:36:26', '2020-08-12 14:36:26'),
(431, 'Quis perspiciatis quia qui molestiae.', 'Totam qui veritatis numquam eum magnam esse deleniti repudiandae impedit ullam qui repellendus beatae quos quaerat sit non totam repellendus ipsum in amet voluptas aut velit dignissimos est.', 'cat5.svg', '07:51:14', 83, '2020-08-12 14:36:26', '2020-08-12 14:36:26'),
(432, 'Labore saepe officia.', 'Voluptatem voluptates placeat eius porro repellat aut qui qui asperiores qui dolor voluptas quia facere ipsa porro enim occaecati et et sequi est ab commodi non fugiat ipsa accusamus placeat non est et eligendi dolorem recusandae repudiandae repellat.', 'cat3.svg', '06:44:53', 4, '2020-08-12 14:36:26', '2020-08-12 14:36:26'),
(433, 'Eum deleniti quae.', 'Sed temporibus dolorum recusandae architecto velit molestiae earum non consequatur culpa tenetur adipisci dolore perferendis ut pariatur aliquam libero voluptas enim perspiciatis enim itaque autem aliquid fugiat voluptatem et aut asperiores error esse voluptatem dolores veritatis molestiae deleniti aut iste pariatur dolorum ut laborum aut est nihil quae inventore sit commodi eaque ipsum aut et tempore.', 'cat1.svg', '23:47:57', 32, '2020-08-12 14:36:26', '2020-08-12 14:36:26'),
(434, 'Ipsa et odio.', 'Sit ut ea quod tempore aliquid soluta voluptas rerum dolorem consequatur a ipsa perspiciatis ullam est voluptatibus animi delectus illo unde dolor voluptatibus reprehenderit quis non reprehenderit beatae at nemo enim nam beatae nihil magnam eaque nihil labore aut qui ut at porro ut repudiandae vero vel.', 'cat4.svg', '02:46:16', 78, '2020-08-12 14:36:26', '2020-08-12 14:36:26'),
(435, 'Mollitia animi sint doloribus.', 'Eum similique sed quo quidem corrupti reprehenderit in reiciendis vel atque voluptates aut quis consequatur necessitatibus aut repellendus voluptas facilis rem illum error dignissimos provident aut quia accusantium et aut error quis consectetur modi eaque harum rerum laboriosam pariatur qui vel dolores nulla vitae suscipit architecto velit necessitatibus qui deserunt.', 'cat2.svg', '16:32:51', 15, '2020-08-12 14:36:26', '2020-08-12 14:36:26'),
(436, 'Aut est impedit.', 'Consequatur quod consequatur porro voluptate id officia sed et in aspernatur rerum soluta autem ipsam totam voluptas et ut dolores ea sed doloremque perferendis at cum officiis quaerat eligendi nesciunt omnis ea ea dicta corporis voluptates placeat et ab consequatur quod excepturi labore porro ut provident fugit accusamus assumenda quis expedita adipisci non.', 'cat4.svg', '08:22:17', 38, '2020-08-12 14:36:26', '2020-08-12 14:36:26'),
(437, 'Omnis et vero voluptas.', 'Pariatur dolores et quis enim omnis commodi alias itaque sed quis voluptatem qui qui ipsum id eligendi et sit atque quos qui quam tenetur repellat incidunt libero repellat eaque debitis expedita ut qui temporibus eaque quasi amet quis nostrum esse.', 'cat5.svg', '05:19:10', 5, '2020-08-12 14:36:26', '2020-08-12 14:36:26'),
(438, 'Aut ex est fugit.', 'Impedit consequuntur error laudantium est doloribus dicta adipisci at nulla sapiente qui illum voluptas voluptatum molestiae aut fugit repellat nihil necessitatibus sed consequatur magni harum fuga ipsa odio aut corporis quia beatae magnam ut exercitationem est quia dolore eos ipsam omnis adipisci tempora et qui architecto similique.', 'cat5.svg', '15:37:30', 35, '2020-08-12 14:36:26', '2020-08-12 14:36:26'),
(439, 'Sit ullam et.', 'Non vel deserunt qui saepe eos et odio consequatur rerum corporis provident sit qui dignissimos dolorem nisi et error ut molestiae unde dolorum porro qui nemo aspernatur aut consequatur voluptates ut culpa eum autem qui vel quo similique ducimus non officiis temporibus dicta corrupti perspiciatis.', 'cat3.svg', '13:29:59', 33, '2020-08-12 14:36:26', '2020-08-12 14:36:26'),
(440, 'Laboriosam non nostrum voluptates.', 'Voluptatem quas adipisci non aut velit fugit quae blanditiis neque hic voluptatem quo veritatis nihil et molestiae mollitia et quis blanditiis voluptatum voluptatum odio ipsum architecto praesentium distinctio sed consequatur aut sunt natus iusto neque maiores dolorem.', 'cat1.svg', '03:09:08', 82, '2020-08-12 14:36:26', '2020-08-12 14:36:26'),
(441, 'Voluptas facere illum quod.', 'Sint suscipit eos dolorum reiciendis ea impedit commodi eius accusamus sunt sint dolorem vero omnis qui quae labore atque neque alias sint nihil eligendi totam esse commodi veritatis facere impedit rerum natus repudiandae et quibusdam in quia rem mollitia aliquam magni.', 'cat4.svg', '00:18:03', 59, '2020-08-12 14:36:26', '2020-08-12 14:36:26'),
(442, 'Repudiandae dolores molestiae minima.', 'Temporibus amet sit aperiam amet minus quam qui doloribus aspernatur enim architecto porro iusto maxime voluptatem dolor excepturi temporibus possimus ea dolore ut qui explicabo fuga iusto totam non qui maiores magnam necessitatibus porro eum debitis officia accusamus asperiores occaecati.', 'cat1.svg', '18:42:20', 32, '2020-08-12 14:36:26', '2020-08-12 14:36:26'),
(443, 'Et numquam.', 'Laboriosam sit laborum a accusamus in velit fugit illo sed sed asperiores sunt qui voluptates nemo dolor est pariatur enim eveniet distinctio et accusantium accusamus ipsum dolores voluptatem soluta eligendi ex sed rerum dolores doloribus quisquam et quam.', 'cat4.svg', '13:53:12', 79, '2020-08-12 14:36:26', '2020-08-12 14:36:26'),
(444, 'Ipsam repellendus eaque molestias.', 'Odio quas fuga suscipit consectetur itaque in perferendis harum distinctio repellat beatae consequuntur unde ut quibusdam voluptate aut dolores eius temporibus quia officia tenetur omnis sed corporis quaerat temporibus quaerat recusandae veniam laudantium ut quia esse explicabo dicta aut rerum ipsa hic nisi ea voluptatum aut dignissimos voluptate autem.', 'cat5.svg', '01:22:08', 69, '2020-08-12 14:36:26', '2020-08-12 14:36:26'),
(445, 'Fugiat qui eveniet rerum.', 'Cupiditate aut eligendi iste corrupti cum voluptas voluptas facilis laboriosam impedit modi esse perspiciatis tempore omnis sit aut minus harum voluptatem aut iure eius ratione ea nihil quibusdam optio commodi qui.', 'cat2.svg', '23:51:19', 6, '2020-08-12 14:36:26', '2020-08-12 14:36:26'),
(446, 'Corrupti iusto et.', 'Ut iusto dolorum maiores aut ut consequatur voluptatem repellendus molestiae atque minus architecto quia illo esse repellendus placeat atque ad reiciendis aut autem nobis et odit.', 'cat4.svg', '12:19:44', 35, '2020-08-12 14:36:26', '2020-08-12 14:36:26'),
(447, 'Ea odio reiciendis et.', 'Non quaerat hic non quo reprehenderit rerum ea similique aliquam ut facilis quis voluptatem excepturi ut provident id recusandae reiciendis praesentium quidem delectus tempora blanditiis numquam aut quae vel sapiente saepe praesentium non eum cumque.', 'cat1.svg', '00:26:40', 54, '2020-08-12 14:36:26', '2020-08-12 14:36:26'),
(448, 'Maiores aut exercitationem earum.', 'Quia sed consequatur odit autem repudiandae maxime tempora sit repudiandae dicta nulla dolor vel minima rerum dicta inventore odit omnis ullam unde dolorem voluptates vel modi quidem soluta sequi commodi incidunt est est facere cumque voluptas est reiciendis eos nesciunt dignissimos ad et.', 'cat2.svg', '17:14:40', 83, '2020-08-12 14:36:26', '2020-08-12 14:36:26'),
(449, 'Voluptatem reprehenderit dolores.', 'Velit rem perspiciatis rem temporibus eaque quo quia qui quam doloribus inventore voluptatem et dolores consequatur enim ut quod nostrum aliquam vitae dolorem ut aut doloremque blanditiis aut vel laborum dolorem nobis vel mollitia facere quia temporibus et cumque expedita et placeat dolorem animi.', 'cat3.svg', '13:04:23', 69, '2020-08-12 14:36:26', '2020-08-12 14:36:26'),
(450, 'Impedit et quam.', 'Unde rerum dicta quis numquam non dolores et excepturi quia non est deleniti ut repudiandae voluptatem iure doloremque quaerat excepturi magnam neque deleniti possimus repellendus expedita consequatur molestiae.', 'cat4.svg', '22:02:07', 74, '2020-08-12 14:36:26', '2020-08-12 14:36:26'),
(451, 'Rerum repellat omnis qui.', 'Quia quas voluptatem praesentium eum maiores repellendus at consequuntur sequi possimus cum id nisi voluptatibus provident dolorum nihil ut inventore explicabo molestiae voluptate mollitia tempore enim ea animi vel qui earum eos occaecati sapiente doloremque nobis illo cum placeat soluta debitis ratione.', 'cat2.svg', '03:27:13', 19, '2020-08-12 14:36:26', '2020-08-12 14:36:26'),
(452, 'Blanditiis pariatur.', 'Nesciunt aut perferendis voluptatem qui iste deleniti voluptate natus voluptates sunt sequi explicabo corporis aut sint aliquid qui fugit ratione eos reiciendis sed saepe est iste corrupti hic ab aut non similique pariatur cum voluptatibus eius cumque sequi voluptas.', 'cat5.svg', '09:04:11', 57, '2020-08-12 14:36:26', '2020-08-12 14:36:26'),
(453, 'Accusantium natus et.', 'Delectus minus commodi voluptate delectus corporis enim rem nostrum itaque saepe quo voluptas repellendus suscipit molestias rerum perferendis sed dolorem distinctio accusamus error omnis corporis rerum commodi amet.', 'cat2.svg', '09:56:56', 28, '2020-08-12 14:36:26', '2020-08-12 14:36:26'),
(454, 'In explicabo rem ut.', 'Repellat ad est provident quae ut cumque at repellat eos earum dolore ipsa laboriosam sint quibusdam expedita voluptatem aspernatur in esse fugiat veniam velit qui tenetur non sit excepturi natus cupiditate fugiat velit occaecati nam dolorum aut amet labore.', 'cat5.svg', '07:50:10', 65, '2020-08-12 14:36:26', '2020-08-12 14:36:26'),
(455, 'Harum ut omnis.', 'Iusto rerum et eveniet voluptas ex ipsam labore at perferendis dignissimos nostrum ut et est delectus itaque nemo error accusamus maxime quisquam quibusdam quia natus ut consequatur aliquid velit autem est assumenda nam impedit architecto aut aut corrupti voluptatem suscipit in nihil.', 'cat5.svg', '20:05:21', 45, '2020-08-12 14:36:26', '2020-08-12 14:36:26'),
(456, 'Voluptates maiores exercitationem voluptatibus.', 'Et laborum laudantium voluptatem sit beatae velit ut et neque enim numquam aut suscipit placeat unde laboriosam animi nemo at distinctio eum qui quam nemo consequatur aliquam dolorem sed alias laboriosam et totam quia autem cupiditate molestiae fuga repellendus deleniti consequatur et corrupti labore itaque excepturi debitis perspiciatis quisquam aut corrupti dolores adipisci sed enim.', 'cat3.svg', '22:24:46', 13, '2020-08-12 14:36:26', '2020-08-12 14:36:26'),
(457, 'Expedita est commodi.', 'Cumque voluptas corporis quis inventore et quidem maxime nostrum molestias quibusdam suscipit amet aut corporis occaecati quis et facilis sint quia est consequatur quaerat dolore quibusdam reprehenderit et nihil asperiores impedit ipsum atque deleniti earum pariatur maiores doloremque et nostrum corrupti vitae nam quibusdam officia aliquid sunt.', 'cat3.svg', '17:56:08', 25, '2020-08-12 14:36:26', '2020-08-12 14:36:26'),
(458, 'Voluptatem quam iusto.', 'At eligendi et molestiae quos aspernatur et sed dolorem nobis minus a rerum eos et saepe totam debitis nemo alias consectetur dignissimos quam deleniti molestiae omnis culpa sequi et quia.', 'cat5.svg', '04:50:56', 72, '2020-08-12 14:36:26', '2020-08-12 14:36:26'),
(459, 'Iure quam.', 'Et dolores praesentium neque reprehenderit et corporis et qui voluptatem ut dignissimos et sed nulla et ut asperiores voluptas commodi consectetur dolorem ducimus similique quia natus officiis laudantium illum officiis qui accusamus in placeat porro consequatur sunt deserunt omnis itaque facilis ea ab ut laudantium doloremque eligendi et et quos non qui quaerat amet iste dolores.', 'cat5.svg', '03:40:06', 18, '2020-08-12 14:36:26', '2020-08-12 14:36:26'),
(460, 'Repellat est omnis.', 'Ullam quia ea veritatis sint officiis dolore et consectetur id fugit nostrum iusto incidunt aut et omnis voluptatibus magnam quidem officiis nostrum ut beatae est et cupiditate exercitationem voluptas maxime omnis qui aliquid non quis possimus mollitia vel iure sed culpa iure et officiis consequatur dolorum aliquid ut blanditiis nemo fugiat sunt et.', 'cat3.svg', '19:21:21', 66, '2020-08-12 14:36:26', '2020-08-12 14:36:26'),
(461, 'Vel voluptatem nemo.', 'Rerum sapiente sed quis veniam distinctio omnis odit impedit adipisci voluptatibus laborum et facere et laborum et similique voluptatibus minus debitis quasi quis non consequatur suscipit exercitationem blanditiis veritatis quos in rerum pariatur et culpa dicta distinctio earum sed neque qui sed maiores et dignissimos quis quisquam id libero eum sit.', 'cat4.svg', '00:32:50', 10, '2020-08-12 14:36:26', '2020-08-12 14:36:26'),
(462, 'Quibusdam est magnam consectetur.', 'Debitis voluptatum temporibus ut ab eaque aperiam tenetur expedita ut fugit quis voluptatem quae vel aut sed et et aperiam voluptatem cupiditate et labore reiciendis aliquam quidem est et iure impedit deserunt consequatur ratione deleniti qui perferendis soluta nam laboriosam voluptates rerum sapiente maiores cupiditate qui quasi.', 'cat4.svg', '12:44:09', 31, '2020-08-12 14:36:26', '2020-08-12 14:36:26'),
(463, 'Nihil officiis velit cum.', 'Enim voluptatum hic minima aut ut perspiciatis ipsum reiciendis at amet ipsam nobis hic sunt hic distinctio ipsam dolor doloremque voluptatibus sint odio qui omnis aut laborum ut repellat quae expedita vel et libero velit eligendi ab qui ut sit.', 'cat4.svg', '21:56:48', 20, '2020-08-12 14:36:26', '2020-08-12 14:36:26'),
(464, 'Nihil aut minima.', 'Voluptatibus possimus optio beatae modi suscipit nihil omnis iure alias aut enim fugit corrupti ea aut cum reiciendis ipsum hic eveniet et praesentium assumenda et occaecati libero minima sunt voluptatem et reprehenderit tempore hic sit id voluptatem corrupti labore quidem sit qui similique sit.', 'cat4.svg', '11:15:12', 28, '2020-08-12 14:36:26', '2020-08-12 14:36:26'),
(465, 'Voluptatum accusamus tempora.', 'Illum omnis nihil ducimus velit eos magni temporibus quo tempora dolore cupiditate ea sapiente sit perferendis voluptate enim eaque fugiat mollitia aut voluptatum nihil consectetur asperiores et et labore quas ut eaque sunt rerum id nesciunt quod ut ipsam mollitia deserunt quas quia eveniet saepe quas et cupiditate quia nam est odit harum culpa eligendi.', 'cat6.svg', '04:14:58', 68, '2020-08-12 14:36:26', '2020-08-12 14:36:26'),
(466, 'Consequatur error ea.', 'Non omnis qui magnam perferendis aut unde qui debitis aut voluptates non magnam repellat possimus fugiat consequatur illum dolore ea optio libero autem possimus ut minima placeat et quia eum accusamus harum.', 'cat3.svg', '18:02:13', 83, '2020-08-12 14:36:26', '2020-08-12 14:36:26'),
(467, 'Dolor odio et.', 'Quaerat in laborum aperiam et aut sit est consequatur dolore vitae vel aut autem dolorem nemo ut sint non ut repellendus qui sequi enim officiis rerum dolores eligendi at dolorem eos illum minus et officia delectus velit quo corrupti.', 'cat2.svg', '20:40:29', 4, '2020-08-12 14:36:26', '2020-08-12 14:36:26'),
(468, 'Expedita quaerat neque quis.', 'Reiciendis quod aut eos dolorem culpa est voluptatem totam quaerat cumque eligendi vel iusto numquam eum ut sed quae atque sequi aut eius pariatur repudiandae repellendus quod adipisci consequuntur saepe qui et non et est in est explicabo recusandae saepe itaque dolores et culpa enim ut facere non nisi consectetur eum eligendi vel.', 'cat6.svg', '06:00:15', 8, '2020-08-12 14:36:26', '2020-08-12 14:36:26'),
(469, 'Dolores nulla repellat.', 'Consectetur aut doloribus qui facere voluptatibus velit et ut ut voluptatem cumque dolorem delectus quia impedit est mollitia occaecati voluptatem officia et totam cumque dolorem enim nobis adipisci iusto asperiores sit aut fugiat animi et deleniti earum et earum vel accusamus commodi autem natus cum deserunt asperiores non molestiae recusandae sit mollitia.', 'cat5.svg', '02:39:18', 67, '2020-08-12 14:36:26', '2020-08-12 14:36:26'),
(470, 'Ducimus alias earum ut.', 'Commodi nemo esse eos qui nostrum exercitationem et inventore quidem sed non exercitationem expedita beatae in et dolorem voluptatibus molestiae reprehenderit est similique a accusantium rerum nulla ipsa sint et earum est.', 'cat5.svg', '00:27:40', 34, '2020-08-12 14:36:26', '2020-08-12 14:36:26'),
(471, 'Fuga voluptatum.', 'Eligendi ducimus deleniti iure quisquam quidem quia amet aut aut eos rerum qui ea eius fuga earum amet id odit dolorum perferendis ut odit dolore hic quibusdam eveniet ut veritatis natus numquam voluptatem et sit laudantium ipsum dolor ea.', 'cat4.svg', '15:04:59', 73, '2020-08-12 14:36:26', '2020-08-12 14:36:26'),
(472, 'Aut sapiente fugiat fugit.', 'Qui tenetur nam qui aut nesciunt iure in laboriosam commodi consectetur et voluptas eaque in ipsum autem voluptatem rerum autem eius qui soluta dolores vel fugiat repellendus hic suscipit et cupiditate et asperiores fugiat voluptatem fugiat ut illum assumenda maxime suscipit et id sit sint consequatur repudiandae quidem sed consequatur architecto eius est laboriosam nemo.', 'cat5.svg', '23:06:31', 41, '2020-08-12 14:36:26', '2020-08-12 14:36:26'),
(473, 'Dolorem expedita eos amet.', 'Modi a reiciendis perferendis praesentium sapiente numquam ipsam fugit ratione ab consequatur inventore quod et ipsa ex repudiandae aperiam eaque eaque voluptas aut impedit perferendis commodi.', 'cat6.svg', '02:06:15', 10, '2020-08-12 14:36:26', '2020-08-12 14:36:26'),
(474, 'Rerum vitae repudiandae.', 'Voluptatibus dolor ut nisi voluptatem aliquid maxime pariatur sit nostrum voluptatem ipsam beatae non fugit qui tempora ut et vel fugit reprehenderit iusto sunt aut sit voluptatibus quia temporibus incidunt odit ipsa ut pariatur optio ipsa libero minus laborum aut temporibus quam voluptatum et.', 'cat3.svg', '19:26:46', 50, '2020-08-12 14:36:26', '2020-08-12 14:36:26'),
(475, 'Ratione dolores qui sint.', 'Dolorum dolor architecto porro vel assumenda sint commodi voluptatem eveniet quas maxime eligendi est eaque non corporis porro possimus ut vitae quis fuga aut velit voluptatem sequi quisquam modi asperiores aut consequatur.', 'cat2.svg', '04:23:04', 75, '2020-08-12 14:36:26', '2020-08-12 14:36:26'),
(476, 'Necessitatibus sed rerum.', 'Facere itaque dolore dolorum vitae veritatis est laboriosam est enim consectetur expedita rerum ullam vel temporibus aut sapiente est unde neque delectus odio nam recusandae quasi ut odio a ut incidunt.', 'cat2.svg', '05:41:29', 82, '2020-08-12 14:36:26', '2020-08-12 14:36:26'),
(477, 'Inventore consectetur quis.', 'Magnam ad delectus sed ut id nulla saepe veniam optio excepturi quas cum et pariatur deleniti quod corrupti non sit quas tempora consequuntur id quas consequuntur et fuga in perspiciatis aut nesciunt voluptas ea nostrum ipsam magnam soluta fugit ut adipisci unde cupiditate tempore dolor quaerat.', 'cat1.svg', '20:22:00', 71, '2020-08-12 14:36:26', '2020-08-12 14:36:26'),
(478, 'Consequatur molestias vitae fuga.', 'Ex ratione illo laboriosam qui quis sit quia fuga accusamus doloribus mollitia autem itaque sapiente dolorum vitae iure asperiores non quis animi maxime sequi quos suscipit ducimus dolorum mollitia asperiores maiores deleniti quia voluptatum sequi ut consequatur nemo et velit est omnis facere ipsum veritatis quam est quo.', 'cat4.svg', '18:26:02', 3, '2020-08-12 14:36:26', '2020-08-12 14:36:26'),
(479, 'Illum vel pariatur ea.', 'Et sed temporibus soluta consequatur sunt delectus quia officiis rerum sint rem rerum voluptatibus laboriosam tempore pariatur deserunt voluptas dolorem voluptatem corrupti et optio ullam in molestiae ratione amet eaque dolor tenetur labore est tempora voluptatibus quidem debitis non non praesentium quas vel vero earum.', 'cat5.svg', '20:41:44', 13, '2020-08-12 14:36:26', '2020-08-12 14:36:26'),
(480, 'Eaque nihil laborum quia.', 'Et ut adipisci ut soluta soluta debitis et deleniti numquam enim ducimus est voluptatem iure est assumenda ut ut et officia reprehenderit quasi velit esse iure quo sequi facere ipsam natus ut est vel enim dolor et omnis libero maxime ipsa sit reprehenderit.', 'cat3.svg', '17:35:47', 73, '2020-08-12 14:36:26', '2020-08-12 14:36:26'),
(481, 'Similique quibusdam corporis rerum.', 'Repellat corrupti omnis eius esse voluptas facilis et ut optio tenetur possimus est expedita enim ea quo voluptas alias velit quasi in corporis veritatis ullam provident dolores nihil voluptas aut rerum sunt ut facere ducimus illo cum repudiandae amet unde aut quis vel exercitationem unde et inventore doloribus quis enim voluptas.', 'cat3.svg', '05:53:04', 86, '2020-08-12 14:36:26', '2020-08-12 14:36:26'),
(482, 'Culpa in qui.', 'Et blanditiis nobis aut molestiae aut aut qui consequatur voluptatum dolor aut delectus tempora qui asperiores aut alias ipsam rem saepe nemo et consectetur qui adipisci et fuga impedit qui et nihil dolorem est ratione blanditiis rem nobis totam eum ut neque aut inventore accusamus quia perferendis repudiandae sit.', 'cat5.svg', '21:18:59', 40, '2020-08-12 14:36:26', '2020-08-12 14:36:26'),
(483, 'Nihil sapiente voluptatem.', 'Autem voluptas possimus ratione et labore nulla maiores nemo enim dolorum quia aut temporibus nihil eos dolorem quisquam necessitatibus ut quibusdam voluptatem consequuntur iste saepe et quisquam sunt quibusdam sequi perspiciatis officiis dolor sed deserunt consequatur tempore dolorum porro repudiandae occaecati quae deleniti rem eum numquam optio ad modi ut odio.', 'cat2.svg', '23:47:02', 1, '2020-08-12 14:36:26', '2020-08-12 14:36:26'),
(484, 'Sed et sunt veritatis.', 'Distinctio dolores aliquid sapiente voluptates eum fugit voluptatem ut laudantium omnis earum quos qui officia cum quo voluptas qui optio rerum velit tenetur unde sit asperiores illo inventore.', 'cat4.svg', '04:57:21', 71, '2020-08-12 14:36:26', '2020-08-12 14:36:26'),
(485, 'Itaque est enim.', 'Maiores enim sint illo illum voluptatem perspiciatis perspiciatis voluptatum iste occaecati accusamus dolorem numquam at natus aut officia natus quibusdam similique a possimus voluptatem aut earum omnis enim.', 'cat5.svg', '11:06:07', 20, '2020-08-12 14:36:26', '2020-08-12 14:36:26'),
(486, 'Doloremque nobis excepturi.', 'Esse vero et natus in culpa neque facere totam voluptatibus atque totam omnis numquam id expedita nam id ex mollitia quidem aspernatur ut aliquid facilis consequatur in minima ipsam autem tempore aut labore rerum vel reiciendis minus qui asperiores sint ut et.', 'cat3.svg', '20:24:19', 83, '2020-08-12 14:36:26', '2020-08-12 14:36:26'),
(487, 'Necessitatibus laboriosam.', 'Et debitis et quidem quia nihil dignissimos dignissimos in nihil repellendus quos possimus quia delectus ut fugiat corporis quisquam quia nisi voluptatem modi voluptatem et sint optio exercitationem numquam quaerat sit consequatur rerum non nemo ut impedit consequuntur mollitia iste.', 'cat5.svg', '13:09:30', 63, '2020-08-12 14:36:26', '2020-08-12 14:36:26'),
(488, 'Iusto natus quidem nam.', 'Ut explicabo natus ex perferendis voluptatem cupiditate omnis deserunt minus porro reiciendis ullam dolor quod rem repellendus id similique modi sapiente molestias quia accusantium libero aut sequi est nulla illo asperiores facilis dolorem quibusdam aut quis et dolor qui consequatur beatae voluptatem quisquam autem dicta minus accusamus nihil ullam earum.', 'cat4.svg', '11:27:15', 84, '2020-08-12 14:36:26', '2020-08-12 14:36:26'),
(489, 'Nesciunt aliquid.', 'Odit odio magnam laudantium aperiam enim est quia omnis asperiores animi excepturi quas architecto saepe vel quis nobis repellat corporis aliquam dolorem nihil id et beatae rem aliquid.', 'cat5.svg', '20:26:26', 54, '2020-08-12 14:36:26', '2020-08-12 14:36:26'),
(490, 'Natus labore ut quo harum.', 'Et ut quo qui enim exercitationem ipsum sit voluptatibus voluptates vero in ut aut ipsum placeat nobis sit fugiat eaque nostrum alias voluptatem pariatur eaque fugiat corrupti qui voluptate explicabo distinctio libero qui dolorem magnam nulla ipsam similique quas.', 'cat4.svg', '10:23:47', 14, '2020-08-12 14:36:26', '2020-08-12 14:36:26'),
(491, 'Qui mollitia at sit.', 'Sint voluptas ea magnam commodi veniam quam nam magni magni voluptates cupiditate eveniet est deleniti occaecati itaque reiciendis sed a nihil totam qui voluptas tempore saepe natus error autem unde consequatur expedita consequatur quasi quo consequatur culpa maxime optio ex molestias itaque laudantium architecto qui nam cum eos quasi qui.', 'cat5.svg', '07:21:03', 3, '2020-08-12 14:36:26', '2020-08-12 14:36:26'),
(492, 'Quod molestias possimus commodi perferendis.', 'Accusantium porro exercitationem aspernatur voluptas omnis molestiae sit dolores et voluptatem provident recusandae commodi ea aut corporis qui hic itaque provident voluptatem quia modi quia sit velit voluptatibus molestiae vel sit quisquam molestias qui est consequatur neque qui ea.', 'cat1.svg', '22:46:17', 66, '2020-08-12 14:36:26', '2020-08-12 14:36:26'),
(493, 'Sapiente voluptas voluptates.', 'Dolores iusto minima possimus consequatur in illum quos ex quae distinctio vitae assumenda dolorum dolor quisquam necessitatibus est fuga animi voluptatibus omnis aut facilis nobis a dolor et temporibus accusantium commodi qui sit inventore ad rerum ipsam earum.', 'cat5.svg', '11:17:58', 53, '2020-08-12 14:36:26', '2020-08-12 14:36:26'),
(494, 'Et exercitationem aut porro.', 'Dolores vel aut velit commodi beatae illo architecto nostrum velit possimus sapiente rem debitis consequatur nihil fugit qui quo et nulla similique eaque eum soluta eligendi odit neque quisquam maxime cumque et odit odio aut necessitatibus qui omnis quis nesciunt voluptas voluptatem ullam maiores pariatur eveniet quia hic deserunt omnis debitis vel aliquid illo qui.', 'cat4.svg', '10:15:02', 38, '2020-08-12 14:36:26', '2020-08-12 14:36:26'),
(495, 'Dolorem perferendis ratione.', 'Qui eaque fugiat labore dolorem et fugiat est quia delectus quod quibusdam nemo dolor perspiciatis voluptatem quia voluptatem neque odio facilis nobis non ut hic dolores tempore quaerat est rerum quam maxime nihil exercitationem illo exercitationem veritatis deserunt quaerat in libero provident delectus sit ut voluptatem et at suscipit tempora.', 'cat4.svg', '17:21:09', 41, '2020-08-12 14:36:26', '2020-08-12 14:36:26'),
(496, 'Excepturi hic.', 'Ut et tenetur recusandae quia delectus inventore tempora excepturi corrupti nihil et occaecati quibusdam itaque quasi dolor dolores error ut nihil et veritatis iusto quisquam omnis consequatur iure modi explicabo consequuntur error molestiae sint tempora cumque tenetur.', 'cat2.svg', '09:33:47', 35, '2020-08-12 14:36:26', '2020-08-12 14:36:26'),
(497, 'Modi sed molestiae.', 'Sapiente qui labore nihil occaecati ipsam quis id modi fuga nobis blanditiis optio illo porro ab eos nisi quia soluta eum qui nobis cumque quo a aut.', 'cat1.svg', '13:30:32', 57, '2020-08-12 14:36:26', '2020-08-12 14:36:26'),
(498, 'Aut corrupti voluptas.', 'Earum ut enim et dolor odit aut nesciunt voluptatem et ipsam quo esse ad at sunt tenetur sit sit ut minima suscipit officiis consequatur reprehenderit accusantium et dolores sint quasi aut sunt.', 'cat5.svg', '04:54:08', 37, '2020-08-12 14:36:26', '2020-08-12 14:36:26'),
(499, 'Et itaque ut.', 'Rerum et autem ex quas cum totam perspiciatis minima quo dolorem mollitia molestias nulla sit excepturi omnis nisi vero ea eveniet quis dolor quo est rerum quo natus quae quo temporibus illo nesciunt quibusdam exercitationem odio beatae quia consequatur quod error dolor voluptate aut cum.', 'cat2.svg', '01:47:30', 71, '2020-08-12 14:36:26', '2020-08-12 14:36:26'),
(500, 'Voluptatem exercitationem ipsam.', 'Omnis libero accusamus omnis aut vero blanditiis aperiam pariatur in vero illum velit autem dolor voluptas tenetur et quibusdam voluptates quia fugiat aut dolore modi voluptatibus magni fugiat a rem molestiae natus est itaque delectus repellat aliquid omnis et dolore accusamus molestias aperiam porro in minus consequatur illum sapiente voluptas repellendus magni ea est possimus magni.', 'cat1.svg', '22:41:08', 40, '2020-08-12 14:36:26', '2020-08-12 14:36:26');

-- --------------------------------------------------------

--
-- Table structure for table `migrations`
--

CREATE TABLE `migrations` (
  `id` int(10) UNSIGNED NOT NULL,
  `migration` varchar(255) COLLATE utf8mb4_unicode_ci NOT NULL,
  `batch` int(11) NOT NULL
) ENGINE=InnoDB DEFAULT CHARSET=utf8mb4 COLLATE=utf8mb4_unicode_ci;

--
-- Dumping data for table `migrations`
--

INSERT INTO `migrations` (`id`, `migration`, `batch`) VALUES
(1, '2020_06_25_103724_create_admins_table', 1),
(2, '2020_06_25_103917_create_students_table', 1),
(3, '2020_06_25_103930_create_instructors_table', 1),
(4, '2020_06_25_104024_create_categories_table', 1),
(5, '2020_06_25_104050_create_courses_table', 1),
(6, '2020_06_25_104348_create_course_student_table', 1),
(7, '2020_06_25_104418_create_reviews_table', 1),
(8, '2020_06_25_110644_create_lectures_table', 1),
(9, '2020_07_11_115210_create_popular_reviews_table', 1),
(10, '2020_07_16_202029_create_contacts_table', 1),
(11, '2020_07_16_202039_create_abouts_table', 1),
(12, '2020_07_16_202046_create_homes_table', 1),
(13, '2020_07_25_174336_create_reset_passwords_table', 1),
(14, '2020_08_04_091320_create_emails_table', 1);

-- --------------------------------------------------------

--
-- Table structure for table `popular_reviews`
--

CREATE TABLE `popular_reviews` (
  `id` bigint(20) UNSIGNED NOT NULL,
  `review_id` bigint(20) UNSIGNED NOT NULL,
  `created_at` timestamp NULL DEFAULT NULL,
  `updated_at` timestamp NULL DEFAULT NULL
) ENGINE=InnoDB DEFAULT CHARSET=utf8mb4 COLLATE=utf8mb4_unicode_ci;

--
-- Dumping data for table `popular_reviews`
--

INSERT INTO `popular_reviews` (`id`, `review_id`, `created_at`, `updated_at`) VALUES
(1, 10, NULL, NULL),
(2, 15, NULL, NULL),
(3, 30, NULL, NULL),
(4, 22, NULL, NULL),
(5, 500, NULL, NULL);

-- --------------------------------------------------------

--
-- Table structure for table `reset_passwords`
--

CREATE TABLE `reset_passwords` (
  `id` bigint(20) UNSIGNED NOT NULL,
  `token` varchar(100) COLLATE utf8mb4_unicode_ci NOT NULL,
  `email` varchar(255) COLLATE utf8mb4_unicode_ci NOT NULL,
  `created_at` timestamp NULL DEFAULT NULL,
  `updated_at` timestamp NULL DEFAULT NULL
) ENGINE=InnoDB DEFAULT CHARSET=utf8mb4 COLLATE=utf8mb4_unicode_ci;

-- --------------------------------------------------------

--
-- Table structure for table `reviews`
--

CREATE TABLE `reviews` (
  `id` bigint(20) UNSIGNED NOT NULL,
  `content` text COLLATE utf8mb4_unicode_ci NOT NULL,
  `rate` varchar(1) COLLATE utf8mb4_unicode_ci NOT NULL,
  `course_id` bigint(20) UNSIGNED NOT NULL,
  `student_id` bigint(20) UNSIGNED NOT NULL,
  `created_at` timestamp NULL DEFAULT NULL,
  `updated_at` timestamp NULL DEFAULT NULL
) ENGINE=InnoDB DEFAULT CHARSET=utf8mb4 COLLATE=utf8mb4_unicode_ci;

--
-- Dumping data for table `reviews`
--

INSERT INTO `reviews` (`id`, `content`, `rate`, `course_id`, `student_id`, `created_at`, `updated_at`) VALUES
(1, 'Nesciunt nihil id impedit labore officiis.', '3', 34, 9, '2020-08-12 11:20:04', '2020-08-12 11:20:04'),
(2, 'Expedita id rerum dicta quis quod laborum.', '4', 3, 12, '2020-08-12 11:20:04', '2020-08-12 11:20:04'),
(3, 'Dolorem ex aliquam repellendus distinctio.', '5', 70, 12, '2020-08-12 11:20:04', '2020-08-12 11:20:04'),
(4, 'Quia accusamus atque aut.', '3', 13, 20, '2020-08-12 11:20:04', '2020-08-12 11:20:04'),
(5, 'Minus saepe deserunt nesciunt sed in numquam.', '5', 53, 15, '2020-08-12 11:20:04', '2020-08-12 11:20:04'),
(6, 'Qui sapiente voluptatum sed reiciendis sunt minima et reiciendis.', '4', 39, 6, '2020-08-12 11:20:04', '2020-08-12 11:20:04'),
(7, 'Et et possimus eum nesciunt est.', '4', 30, 13, '2020-08-12 11:20:04', '2020-08-12 11:20:04'),
(8, 'Error animi sed quasi itaque corporis.', '3', 48, 3, '2020-08-12 11:20:04', '2020-08-12 11:20:04'),
(9, 'Voluptatem aut impedit consequatur neque sequi ratione.', '1', 54, 4, '2020-08-12 11:20:04', '2020-08-12 11:20:04'),
(10, 'Magnam autem aliquid laudantium dolorem rerum magnam.', '5', 36, 2, '2020-08-12 11:20:04', '2020-08-12 11:20:04'),
(11, 'Consectetur voluptas repellendus rem et qui suscipit.', '5', 3, 1, '2020-08-12 11:20:04', '2020-08-12 11:20:04'),
(12, 'Est qui voluptatem atque est dicta omnis aut exercitationem.', '1', 48, 8, '2020-08-12 11:20:04', '2020-08-12 11:20:04'),
(13, 'Quia cupiditate vel explicabo et aut.', '1', 12, 16, '2020-08-12 11:20:04', '2020-08-12 11:20:04'),
(14, 'Velit odio porro consequuntur doloribus vero vero.', '4', 47, 17, '2020-08-12 11:20:04', '2020-08-12 11:20:04'),
(15, 'Vel eos molestias sed et.', '3', 24, 15, '2020-08-12 11:20:04', '2020-08-12 11:20:04'),
(16, 'Sed omnis placeat fugit alias.', '1', 30, 15, '2020-08-12 11:20:04', '2020-08-12 11:20:04'),
(17, 'Autem at ullam qui debitis consequatur.', '2', 61, 2, '2020-08-12 11:20:04', '2020-08-12 11:20:04'),
(18, 'Hic enim nihil beatae consequatur laudantium.', '4', 68, 5, '2020-08-12 11:20:04', '2020-08-12 11:20:04'),
(19, 'Quia et qui ut numquam voluptas suscipit quasi.', '1', 41, 2, '2020-08-12 11:20:04', '2020-08-12 11:20:04'),
(20, 'Ex qui odio inventore incidunt.', '3', 1, 17, '2020-08-12 11:20:04', '2020-08-12 11:20:04'),
(21, 'Qui et natus sunt vero consequatur beatae eos.', '3', 81, 12, '2020-08-12 11:20:04', '2020-08-12 11:20:04'),
(22, 'Voluptas et aut minus aut aspernatur quas dolorem.', '4', 25, 12, '2020-08-12 11:20:04', '2020-08-12 11:20:04'),
(23, 'Repudiandae qui tempora quam omnis voluptatum eos dolores.', '5', 6, 10, '2020-08-12 11:20:04', '2020-08-12 11:20:04'),
(24, 'Est dignissimos omnis mollitia et quisquam nisi.', '5', 3, 18, '2020-08-12 11:20:04', '2020-08-12 11:20:04'),
(25, 'Eius dolores accusamus perspiciatis voluptatem.', '5', 78, 10, '2020-08-12 11:20:04', '2020-08-12 11:20:04'),
(26, 'Expedita ducimus est voluptas fuga.', '5', 86, 18, '2020-08-12 11:20:04', '2020-08-12 11:20:04'),
(27, 'Est inventore velit corporis.', '2', 16, 9, '2020-08-12 11:20:04', '2020-08-12 11:20:04'),
(28, 'Cumque eos sunt repellat voluptas.', '4', 39, 13, '2020-08-12 11:20:04', '2020-08-12 11:20:04'),
(29, 'Voluptate a quisquam cumque quis minus necessitatibus quibusdam totam.', '5', 84, 16, '2020-08-12 11:20:04', '2020-08-12 11:20:04'),
(30, 'Magni similique et quod facilis cum laboriosam.', '1', 82, 15, '2020-08-12 11:20:04', '2020-08-12 11:20:04'),
(31, 'Iusto occaecati quia illo laudantium quis quis.', '2', 26, 7, '2020-08-12 11:20:04', '2020-08-12 11:20:04'),
(32, 'Alias ab magnam ad quia minus voluptatibus laudantium commodi.', '5', 86, 6, '2020-08-12 11:20:04', '2020-08-12 11:20:04'),
(33, 'Vel dolor officiis accusamus.', '5', 47, 8, '2020-08-12 11:20:04', '2020-08-12 11:20:04'),
(34, 'Exercitationem aspernatur facilis magni sequi.', '5', 16, 11, '2020-08-12 11:20:04', '2020-08-12 11:20:04'),
(35, 'Et quis et similique id est cumque sit.', '2', 1, 10, '2020-08-12 11:20:04', '2020-08-12 11:20:04'),
(36, 'Itaque accusamus ea vel et saepe voluptates.', '5', 53, 12, '2020-08-12 11:20:04', '2020-08-12 11:20:04'),
(37, 'Eaque beatae omnis est enim velit laborum recusandae.', '3', 85, 20, '2020-08-12 11:20:04', '2020-08-12 11:20:04'),
(38, 'Consequatur fugit est qui provident quidem ut.', '5', 22, 6, '2020-08-12 11:20:04', '2020-08-12 11:20:04'),
(39, 'Natus unde itaque enim.', '1', 29, 19, '2020-08-12 11:20:04', '2020-08-12 11:20:04'),
(40, 'Cum in soluta facilis amet et.', '1', 22, 5, '2020-08-12 11:20:04', '2020-08-12 11:20:04'),
(41, 'Beatae non nemo ea quidem quia distinctio.', '5', 61, 5, '2020-08-12 11:20:04', '2020-08-12 11:20:04'),
(42, 'Quis sit amet vel labore non quia nihil.', '4', 77, 9, '2020-08-12 11:20:04', '2020-08-12 11:20:04'),
(43, 'Accusantium est quisquam quibusdam labore libero omnis.', '3', 80, 8, '2020-08-12 11:20:04', '2020-08-12 11:20:04'),
(44, 'Quam nihil velit non.', '3', 66, 13, '2020-08-12 11:20:04', '2020-08-12 11:20:04'),
(45, 'Et sed est quia quas nihil.', '2', 35, 8, '2020-08-12 11:20:04', '2020-08-12 11:20:04'),
(46, 'Et et et inventore fugit quaerat et non.', '5', 85, 4, '2020-08-12 11:20:04', '2020-08-12 11:20:04'),
(47, 'Accusamus aut impedit harum in blanditiis quisquam reprehenderit aliquam.', '3', 8, 18, '2020-08-12 11:20:04', '2020-08-12 11:20:04'),
(48, 'Fuga voluptatem eveniet porro impedit impedit.', '4', 45, 12, '2020-08-12 11:20:04', '2020-08-12 11:20:04'),
(49, 'Ullam nisi nihil dolore vitae magnam esse aut provident.', '1', 8, 5, '2020-08-12 11:20:04', '2020-08-12 11:20:04'),
(50, 'Est dignissimos excepturi et et error cumque ea facilis.', '2', 3, 1, '2020-08-12 11:20:04', '2020-08-12 11:20:04'),
(51, 'Voluptate voluptatem velit beatae beatae.', '5', 8, 9, '2020-08-12 11:20:04', '2020-08-12 11:20:04'),
(52, 'Officia quod et voluptate aut.', '4', 47, 20, '2020-08-12 11:20:04', '2020-08-12 11:20:04'),
(53, 'Voluptas sint voluptatum iure quia.', '3', 77, 4, '2020-08-12 11:20:04', '2020-08-12 11:20:04'),
(54, 'Dolorum provident ipsa sunt itaque dolores et.', '4', 80, 14, '2020-08-12 11:20:04', '2020-08-12 11:20:04'),
(55, 'Optio dolor ipsa non in dolores nihil aut.', '4', 3, 3, '2020-08-12 11:20:04', '2020-08-12 11:20:04'),
(56, 'Et optio vel est.', '3', 52, 18, '2020-08-12 11:20:04', '2020-08-12 11:20:04'),
(57, 'Necessitatibus ab quis libero perspiciatis enim.', '4', 65, 7, '2020-08-12 11:20:04', '2020-08-12 11:20:04'),
(58, 'Similique molestiae amet et doloribus sit sit rerum.', '4', 4, 2, '2020-08-12 11:20:04', '2020-08-12 11:20:04'),
(59, 'Dolorem dolorum iste eius aut deserunt sit.', '5', 55, 2, '2020-08-12 11:20:04', '2020-08-12 11:20:04'),
(60, 'Et voluptatum veniam aut est culpa consequuntur.', '1', 3, 12, '2020-08-12 11:20:04', '2020-08-12 11:20:04'),
(61, 'Necessitatibus incidunt quo voluptate non mollitia.', '1', 70, 9, '2020-08-12 11:20:04', '2020-08-12 11:20:04'),
(62, 'Repellat praesentium harum eos.', '5', 56, 5, '2020-08-12 11:20:04', '2020-08-12 11:20:04'),
(63, 'Et saepe ipsum tenetur sint eius ratione.', '4', 30, 13, '2020-08-12 11:20:04', '2020-08-12 11:20:04'),
(64, 'Occaecati placeat dolores deserunt magni soluta minima iure.', '4', 74, 18, '2020-08-12 11:20:04', '2020-08-12 11:20:04'),
(65, 'Et aut et consequuntur cum autem et culpa.', '2', 29, 17, '2020-08-12 11:20:04', '2020-08-12 11:20:04'),
(66, 'Maxime sint sequi at dicta ipsa quo.', '3', 83, 6, '2020-08-12 11:20:04', '2020-08-12 11:20:04'),
(67, 'Molestiae id est architecto.', '5', 21, 5, '2020-08-12 11:20:04', '2020-08-12 11:20:04'),
(68, 'Amet et reiciendis voluptatibus quas incidunt.', '4', 5, 9, '2020-08-12 11:20:04', '2020-08-12 11:20:04'),
(69, 'Consequatur commodi dicta mollitia consectetur harum enim.', '3', 64, 1, '2020-08-12 11:20:04', '2020-08-12 11:20:04'),
(70, 'Odit voluptatum qui aut sit fugit quasi consectetur.', '3', 81, 20, '2020-08-12 11:20:04', '2020-08-12 11:20:04'),
(71, 'Ipsa quisquam repudiandae sapiente nobis vel nam pariatur.', '2', 39, 19, '2020-08-12 11:20:04', '2020-08-12 11:20:04'),
(72, 'Quia et ratione totam quod.', '2', 43, 6, '2020-08-12 11:20:04', '2020-08-12 11:20:04'),
(73, 'Autem iste et libero nulla maiores omnis debitis.', '3', 22, 12, '2020-08-12 11:20:04', '2020-08-12 11:20:04'),
(74, 'Fuga quis consectetur aut qui pariatur minus.', '4', 39, 2, '2020-08-12 11:20:04', '2020-08-12 11:20:04'),
(75, 'Doloribus aut eveniet beatae.', '4', 3, 19, '2020-08-12 11:20:04', '2020-08-12 11:20:04'),
(76, 'Quasi nobis magnam possimus ut non voluptate molestiae.', '1', 69, 15, '2020-08-12 11:20:04', '2020-08-12 11:20:04'),
(77, 'Tempore dolorum exercitationem eos quam tenetur ad.', '2', 62, 9, '2020-08-12 11:20:04', '2020-08-12 11:20:04'),
(78, 'Et eum soluta labore quaerat.', '5', 20, 11, '2020-08-12 11:20:04', '2020-08-12 11:20:04'),
(79, 'Ut modi at qui corrupti quo.', '3', 7, 10, '2020-08-12 11:20:04', '2020-08-12 11:20:04'),
(80, 'Ut et minus porro eum iste.', '1', 63, 3, '2020-08-12 11:20:04', '2020-08-12 11:20:04'),
(81, 'Maxime assumenda enim consequatur ea.', '4', 63, 15, '2020-08-12 11:20:04', '2020-08-12 11:20:04'),
(82, 'Voluptas et earum facere maiores reiciendis id sit temporibus.', '2', 10, 17, '2020-08-12 11:20:04', '2020-08-12 11:20:04'),
(83, 'Et ullam beatae neque ut rerum eum officia.', '4', 13, 16, '2020-08-12 11:20:04', '2020-08-12 11:20:04'),
(84, 'Ab sint aut voluptatem iste ut.', '2', 8, 12, '2020-08-12 11:20:04', '2020-08-12 11:20:04'),
(85, 'Repellat rem nihil laboriosam doloremque.', '5', 52, 18, '2020-08-12 11:20:04', '2020-08-12 11:20:04'),
(86, 'Architecto consequatur dolore dolores nesciunt aliquid dolorum.', '3', 38, 9, '2020-08-12 11:20:04', '2020-08-12 11:20:04'),
(87, 'Consequatur quis id itaque temporibus asperiores dolorem dicta voluptatem.', '4', 34, 13, '2020-08-12 11:20:04', '2020-08-12 11:20:04'),
(88, 'Voluptatum itaque assumenda tenetur.', '1', 14, 10, '2020-08-12 11:20:04', '2020-08-12 11:20:04'),
(89, 'Quo dignissimos dolores dolores natus atque.', '4', 47, 6, '2020-08-12 11:20:04', '2020-08-12 11:20:04'),
(90, 'Libero voluptatum ipsam blanditiis aut.', '5', 21, 1, '2020-08-12 11:20:04', '2020-08-12 11:20:04'),
(91, 'Possimus itaque quod mollitia voluptas omnis sit.', '1', 15, 5, '2020-08-12 11:20:04', '2020-08-12 11:20:04'),
(92, 'Eum a placeat explicabo aut earum.', '3', 23, 14, '2020-08-12 11:20:04', '2020-08-12 11:20:04'),
(93, 'Eaque non et et tenetur earum.', '2', 71, 8, '2020-08-12 11:20:04', '2020-08-12 11:20:04'),
(94, 'Eligendi autem illum velit dolores error.', '4', 36, 8, '2020-08-12 11:20:04', '2020-08-12 11:20:04'),
(95, 'Adipisci quia quo repellendus voluptatem dolore voluptatibus.', '1', 55, 4, '2020-08-12 11:20:04', '2020-08-12 11:20:04'),
(96, 'Perspiciatis iure dolore voluptas voluptatem.', '2', 49, 7, '2020-08-12 11:20:04', '2020-08-12 11:20:04'),
(97, 'Ducimus ad earum placeat cupiditate tempora totam qui molestias.', '3', 4, 3, '2020-08-12 11:20:04', '2020-08-12 11:20:04'),
(98, 'Minus cumque placeat aliquid quidem dolor consequuntur et.', '4', 19, 18, '2020-08-12 11:20:04', '2020-08-12 11:20:04'),
(99, 'Ex omnis qui hic omnis odio ullam.', '2', 39, 11, '2020-08-12 11:20:04', '2020-08-12 11:20:04'),
(100, 'Quia facilis ut laboriosam quia repellendus voluptatem a eveniet.', '1', 39, 7, '2020-08-12 11:20:04', '2020-08-12 11:20:04'),
(101, 'Vel alias excepturi aut ratione enim placeat.', '4', 28, 3, '2020-08-12 11:20:04', '2020-08-12 11:20:04'),
(102, 'Recusandae neque rem voluptates expedita esse.', '1', 80, 16, '2020-08-12 11:20:04', '2020-08-12 11:20:04'),
(103, 'Quisquam deleniti id ipsam magni.', '4', 26, 4, '2020-08-12 11:20:04', '2020-08-12 11:20:04'),
(104, 'Asperiores quibusdam aut exercitationem soluta quo sunt corrupti.', '4', 52, 18, '2020-08-12 11:20:04', '2020-08-12 11:20:04'),
(105, 'Laudantium aliquid asperiores praesentium laborum id unde ut.', '2', 71, 6, '2020-08-12 11:20:04', '2020-08-12 11:20:04'),
(106, 'Nemo qui nesciunt voluptas quam aliquam debitis.', '4', 24, 11, '2020-08-12 11:20:04', '2020-08-12 11:20:04'),
(107, 'Iure voluptatem illum laudantium dignissimos.', '3', 66, 20, '2020-08-12 11:20:04', '2020-08-12 11:20:04'),
(108, 'Nobis culpa illum quae officia quaerat consequatur fugit fugit.', '2', 71, 3, '2020-08-12 11:20:04', '2020-08-12 11:20:04'),
(109, 'Laboriosam voluptate nostrum tempora nesciunt et.', '4', 85, 5, '2020-08-12 11:20:04', '2020-08-12 11:20:04'),
(110, 'Quam quam cumque consectetur aut.', '1', 8, 4, '2020-08-12 11:20:04', '2020-08-12 11:20:04'),
(111, 'Reiciendis possimus illum non voluptas.', '4', 8, 5, '2020-08-12 11:20:04', '2020-08-12 11:20:04'),
(112, 'Rem in dicta eum reprehenderit praesentium consequuntur et.', '3', 28, 3, '2020-08-12 11:20:04', '2020-08-12 11:20:04'),
(113, 'Vitae suscipit qui ut cupiditate minus cumque at.', '5', 19, 1, '2020-08-12 11:20:04', '2020-08-12 11:20:04'),
(114, 'Expedita incidunt cumque molestiae consequatur non vel nam consequatur.', '4', 48, 18, '2020-08-12 11:20:04', '2020-08-12 11:20:04'),
(115, 'Odio reprehenderit praesentium ut labore.', '3', 47, 17, '2020-08-12 11:20:04', '2020-08-12 11:20:04'),
(116, 'Harum esse et cupiditate repellendus eum eveniet.', '4', 73, 3, '2020-08-12 11:20:04', '2020-08-12 11:20:04'),
(117, 'Et facilis aut neque.', '2', 35, 11, '2020-08-12 11:20:04', '2020-08-12 11:20:04'),
(118, 'Est similique nisi voluptas.', '2', 36, 14, '2020-08-12 11:20:04', '2020-08-12 11:20:04'),
(119, 'Et sint et suscipit recusandae et.', '3', 34, 4, '2020-08-12 11:20:04', '2020-08-12 11:20:04'),
(120, 'Dolore porro consequatur sunt alias at.', '4', 27, 6, '2020-08-12 11:20:04', '2020-08-12 11:20:04'),
(121, 'Modi expedita ipsam provident sit perferendis totam.', '5', 53, 12, '2020-08-12 11:20:04', '2020-08-12 11:20:04'),
(122, 'Aliquam quae corporis veniam voluptatum eos hic.', '1', 54, 19, '2020-08-12 11:20:04', '2020-08-12 11:20:04'),
(123, 'Hic voluptatem tenetur magni ipsam ipsam error totam molestias.', '3', 56, 1, '2020-08-12 11:20:04', '2020-08-12 11:20:04'),
(124, 'Accusamus et dolore nobis officia dolor similique.', '2', 41, 2, '2020-08-12 11:20:04', '2020-08-12 11:20:04'),
(125, 'Corrupti modi sed reprehenderit ducimus.', '4', 62, 9, '2020-08-12 11:20:04', '2020-08-12 11:20:04'),
(126, 'Illo sit dicta aut quas.', '5', 85, 18, '2020-08-12 11:20:04', '2020-08-12 11:20:04'),
(127, 'Illo voluptas itaque odio similique repellendus.', '1', 3, 9, '2020-08-12 11:20:04', '2020-08-12 11:20:04'),
(128, 'Est eum vero eaque cumque.', '3', 56, 13, '2020-08-12 11:20:04', '2020-08-12 11:20:04'),
(129, 'Quos neque mollitia consequuntur.', '5', 70, 20, '2020-08-12 11:20:04', '2020-08-12 11:20:04'),
(130, 'Laborum distinctio in vero fuga hic temporibus.', '2', 4, 1, '2020-08-12 11:20:04', '2020-08-12 11:20:04'),
(131, 'Dolore officiis in eum corporis non.', '1', 83, 15, '2020-08-12 11:20:04', '2020-08-12 11:20:04'),
(132, 'Nam culpa et laboriosam veritatis.', '2', 81, 18, '2020-08-12 11:20:04', '2020-08-12 11:20:04'),
(133, 'Consequatur recusandae est nesciunt commodi rerum neque nam.', '3', 50, 12, '2020-08-12 11:20:04', '2020-08-12 11:20:04'),
(134, 'Et dignissimos repellat dolores.', '1', 15, 12, '2020-08-12 11:20:04', '2020-08-12 11:20:04'),
(135, 'Illo optio aliquam similique sunt id non.', '5', 58, 2, '2020-08-12 11:20:04', '2020-08-12 11:20:04'),
(136, 'Rem voluptates voluptatem est esse laborum.', '2', 47, 5, '2020-08-12 11:20:04', '2020-08-12 11:20:04'),
(137, 'Autem sequi non veniam est rerum amet incidunt.', '3', 84, 4, '2020-08-12 11:20:04', '2020-08-12 11:20:04'),
(138, 'A dolorem exercitationem odit neque.', '5', 25, 5, '2020-08-12 11:20:04', '2020-08-12 11:20:04'),
(139, 'Voluptatem non unde praesentium voluptatem.', '3', 4, 1, '2020-08-12 11:20:04', '2020-08-12 11:20:04'),
(140, 'Expedita voluptates quidem unde facilis et vitae.', '1', 35, 4, '2020-08-12 11:20:04', '2020-08-12 11:20:04'),
(141, 'Adipisci dolor nobis ea pariatur.', '4', 18, 9, '2020-08-12 11:20:04', '2020-08-12 11:20:04'),
(142, 'Et omnis rerum recusandae iusto impedit.', '2', 53, 9, '2020-08-12 11:20:04', '2020-08-12 11:20:04'),
(143, 'Vel atque explicabo numquam.', '2', 60, 5, '2020-08-12 11:20:04', '2020-08-12 11:20:04'),
(144, 'Impedit ea dolores aut repellendus.', '1', 9, 18, '2020-08-12 11:20:04', '2020-08-12 11:20:04'),
(145, 'Numquam sit quidem sed expedita.', '5', 53, 16, '2020-08-12 11:20:04', '2020-08-12 11:20:04'),
(146, 'Magnam ut deserunt vel aut.', '2', 23, 19, '2020-08-12 11:20:04', '2020-08-12 11:20:04'),
(147, 'Maiores enim optio aut molestiae omnis quisquam.', '1', 26, 6, '2020-08-12 11:20:04', '2020-08-12 11:20:04'),
(148, 'Omnis blanditiis rerum eaque animi nulla magnam.', '3', 66, 2, '2020-08-12 11:20:04', '2020-08-12 11:20:04'),
(149, 'Asperiores sit animi consequatur reiciendis perspiciatis.', '5', 31, 3, '2020-08-12 11:20:04', '2020-08-12 11:20:04'),
(150, 'Minima alias quos fuga ipsam et.', '2', 1, 11, '2020-08-12 11:20:04', '2020-08-12 11:20:04'),
(151, 'Sint et nulla recusandae voluptatem.', '3', 45, 6, '2020-08-12 11:20:04', '2020-08-12 11:20:04'),
(152, 'Nihil eos enim ullam neque sunt consequatur quia.', '2', 50, 6, '2020-08-12 11:20:04', '2020-08-12 11:20:04'),
(153, 'Explicabo quae itaque repellat earum.', '2', 9, 8, '2020-08-12 11:20:04', '2020-08-12 11:20:04'),
(154, 'Voluptate cum exercitationem minus facilis possimus non.', '1', 22, 16, '2020-08-12 11:20:04', '2020-08-12 11:20:04'),
(155, 'Corporis earum non qui et.', '4', 48, 7, '2020-08-12 11:20:04', '2020-08-12 11:20:04'),
(156, 'Voluptatem quia sed fugit aliquid.', '5', 37, 11, '2020-08-12 11:20:04', '2020-08-12 11:20:04'),
(157, 'Maiores vel aperiam corporis mollitia.', '1', 56, 5, '2020-08-12 11:20:04', '2020-08-12 11:20:04'),
(158, 'Et deleniti minus consequuntur rem eligendi minima.', '2', 72, 3, '2020-08-12 11:20:04', '2020-08-12 11:20:04'),
(159, 'Culpa quia reprehenderit est dolores tenetur reiciendis.', '2', 75, 15, '2020-08-12 11:20:04', '2020-08-12 11:20:04'),
(160, 'Sint in quis suscipit debitis esse laborum.', '5', 52, 14, '2020-08-12 11:20:04', '2020-08-12 11:20:04'),
(161, 'Quia iste qui dolore et molestiae hic sit nihil.', '2', 65, 2, '2020-08-12 11:20:04', '2020-08-12 11:20:04'),
(162, 'Sint ipsum ut omnis beatae maxime.', '3', 77, 6, '2020-08-12 11:20:04', '2020-08-12 11:20:04'),
(163, 'Optio temporibus ut adipisci praesentium ullam facere.', '1', 53, 19, '2020-08-12 11:20:04', '2020-08-12 11:20:04'),
(164, 'Voluptatem adipisci eum hic nobis et facilis.', '2', 35, 5, '2020-08-12 11:20:04', '2020-08-12 11:20:04'),
(165, 'Consequatur non excepturi accusamus beatae ratione qui dolores.', '1', 40, 5, '2020-08-12 11:20:04', '2020-08-12 11:20:04'),
(166, 'Alias voluptate et eos temporibus dicta quidem odit.', '3', 16, 8, '2020-08-12 11:20:04', '2020-08-12 11:20:04'),
(167, 'Sunt tempore vitae tempore nobis.', '1', 31, 13, '2020-08-12 11:20:04', '2020-08-12 11:20:04'),
(168, 'Et laboriosam ipsum aut facere.', '4', 85, 8, '2020-08-12 11:20:04', '2020-08-12 11:20:04'),
(169, 'Voluptatibus aut eligendi quos quis quia perferendis rerum deserunt.', '4', 47, 4, '2020-08-12 11:20:04', '2020-08-12 11:20:04'),
(170, 'Nemo qui et tempore neque et autem et.', '4', 34, 8, '2020-08-12 11:20:04', '2020-08-12 11:20:04'),
(171, 'Facere ut eveniet corrupti eius sequi quo.', '5', 23, 8, '2020-08-12 11:20:04', '2020-08-12 11:20:04'),
(172, 'Quia facere dolorem consequuntur repudiandae molestias.', '5', 24, 14, '2020-08-12 11:20:04', '2020-08-12 11:20:04'),
(173, 'Qui aut incidunt et quas officiis ut.', '1', 16, 5, '2020-08-12 11:20:04', '2020-08-12 11:20:04'),
(174, 'Adipisci laudantium non aspernatur ea perferendis.', '3', 10, 17, '2020-08-12 11:20:04', '2020-08-12 11:20:04'),
(175, 'Quia dolores perferendis ut asperiores.', '2', 67, 17, '2020-08-12 11:20:04', '2020-08-12 11:20:04'),
(176, 'Dolorum adipisci rem sequi qui sed et repudiandae dolorum.', '4', 63, 7, '2020-08-12 11:20:04', '2020-08-12 11:20:04'),
(177, 'Dolorem tenetur sint et aspernatur est eveniet.', '5', 72, 8, '2020-08-12 11:20:04', '2020-08-12 11:20:04'),
(178, 'Tempora aliquid aut voluptas ab autem molestiae quos.', '4', 1, 17, '2020-08-12 11:20:04', '2020-08-12 11:20:04'),
(179, 'Ipsam ut expedita illo.', '2', 74, 18, '2020-08-12 11:20:04', '2020-08-12 11:20:04'),
(180, 'Fugiat similique accusantium sint voluptatibus reprehenderit.', '4', 22, 15, '2020-08-12 11:20:04', '2020-08-12 11:20:04'),
(181, 'Et nisi qui reprehenderit ut.', '2', 8, 12, '2020-08-12 11:20:04', '2020-08-12 11:20:04'),
(182, 'Asperiores quas enim ut quas optio sit similique possimus.', '5', 40, 15, '2020-08-12 11:20:04', '2020-08-12 11:20:04'),
(183, 'Nesciunt rerum velit tempore.', '5', 16, 1, '2020-08-12 11:20:04', '2020-08-12 11:20:04'),
(184, 'Voluptates aspernatur et inventore neque voluptatem distinctio dolorem.', '4', 44, 20, '2020-08-12 11:20:04', '2020-08-12 11:20:04'),
(185, 'Magnam modi aut quidem cum et voluptas.', '1', 44, 13, '2020-08-12 11:20:04', '2020-08-12 11:20:04'),
(186, 'Quisquam et aut ut.', '2', 51, 15, '2020-08-12 11:20:04', '2020-08-12 11:20:04'),
(187, 'Nesciunt esse aut laborum aliquid cupiditate officia.', '5', 81, 18, '2020-08-12 11:20:04', '2020-08-12 11:20:04'),
(188, 'Dolor qui rem vel dolorum distinctio quia unde ipsam.', '1', 66, 6, '2020-08-12 11:20:04', '2020-08-12 11:20:04'),
(189, 'Cum ut temporibus maiores dicta soluta delectus.', '1', 47, 18, '2020-08-12 11:20:04', '2020-08-12 11:20:04'),
(190, 'Tenetur dolorem quia qui est voluptatibus architecto.', '4', 63, 11, '2020-08-12 11:20:04', '2020-08-12 11:20:04'),
(191, 'Dolorem iste sit sunt molestiae qui non sed.', '5', 70, 11, '2020-08-12 11:20:04', '2020-08-12 11:20:04'),
(192, 'In magni quo porro.', '1', 47, 20, '2020-08-12 11:20:04', '2020-08-12 11:20:04'),
(193, 'Cumque ea et enim voluptas.', '5', 77, 7, '2020-08-12 11:20:04', '2020-08-12 11:20:04'),
(194, 'Fuga repellat porro quia.', '3', 10, 12, '2020-08-12 11:20:04', '2020-08-12 11:20:04'),
(195, 'Quia aut sit itaque architecto.', '2', 16, 6, '2020-08-12 11:20:04', '2020-08-12 11:20:04'),
(196, 'Deleniti itaque aut hic consequuntur.', '5', 62, 6, '2020-08-12 11:20:04', '2020-08-12 11:20:04'),
(197, 'Tempore qui magni qui omnis consequuntur dignissimos consectetur.', '3', 60, 12, '2020-08-12 11:20:04', '2020-08-12 11:20:04'),
(198, 'Sequi sint fuga aliquam rerum tenetur molestiae.', '2', 56, 2, '2020-08-12 11:20:04', '2020-08-12 11:20:04'),
(199, 'Quis numquam velit necessitatibus consectetur voluptatem qui.', '1', 68, 5, '2020-08-12 11:20:04', '2020-08-12 11:20:04'),
(200, 'Est quaerat deleniti cupiditate voluptatem dolores libero.', '5', 67, 1, '2020-08-12 11:20:04', '2020-08-12 11:20:04'),
(201, 'Et est et et necessitatibus aspernatur similique porro.', '1', 72, 11, '2020-08-12 11:20:04', '2020-08-12 11:20:04'),
(202, 'Eaque molestias sit sint voluptatem.', '1', 78, 6, '2020-08-12 11:20:04', '2020-08-12 11:20:04'),
(203, 'Beatae et pariatur sunt molestiae ea et doloremque.', '2', 41, 12, '2020-08-12 11:20:04', '2020-08-12 11:20:04'),
(204, 'Sit nostrum qui est.', '4', 22, 9, '2020-08-12 11:20:04', '2020-08-12 11:20:04'),
(205, 'Perspiciatis eveniet at nihil distinctio consectetur sunt et.', '2', 41, 20, '2020-08-12 11:20:04', '2020-08-12 11:20:04'),
(206, 'Earum quae enim asperiores atque.', '3', 9, 16, '2020-08-12 11:20:04', '2020-08-12 11:20:04'),
(207, 'Vel perspiciatis qui eos saepe ad ut eveniet.', '5', 51, 15, '2020-08-12 11:20:04', '2020-08-12 11:20:04'),
(208, 'Dolores dolor et qui est.', '4', 35, 7, '2020-08-12 11:20:04', '2020-08-12 11:20:04'),
(209, 'Rerum quibusdam facilis eum qui corrupti omnis laudantium magni.', '3', 81, 10, '2020-08-12 11:20:04', '2020-08-12 11:20:04'),
(210, 'Ducimus ex repellat officia aut odit veniam dignissimos cum.', '2', 67, 4, '2020-08-12 11:20:04', '2020-08-12 11:20:04'),
(211, 'Sit iste distinctio incidunt.', '2', 7, 20, '2020-08-12 11:20:04', '2020-08-12 11:20:04'),
(212, 'Repellendus nam animi sed consectetur voluptas atque voluptatem.', '3', 4, 17, '2020-08-12 11:20:04', '2020-08-12 11:20:04'),
(213, 'Aut magnam recusandae dolorem et fugit praesentium ex qui.', '3', 82, 14, '2020-08-12 11:20:04', '2020-08-12 11:20:04'),
(214, 'Consequatur est est sint perspiciatis ut id laboriosam dolore.', '3', 44, 4, '2020-08-12 11:20:04', '2020-08-12 11:20:04'),
(215, 'Voluptatibus autem est dolorem non neque similique.', '2', 8, 19, '2020-08-12 11:20:04', '2020-08-12 11:20:04'),
(216, 'Repudiandae architecto iste facilis illo.', '5', 82, 15, '2020-08-12 11:20:04', '2020-08-12 11:20:04'),
(217, 'Numquam aperiam est voluptas neque qui debitis culpa.', '4', 15, 2, '2020-08-12 11:20:04', '2020-08-12 11:20:04'),
(218, 'Quas impedit aperiam repudiandae soluta nulla ea est.', '4', 23, 17, '2020-08-12 11:20:04', '2020-08-12 11:20:04'),
(219, 'Earum aut fugiat id sint.', '2', 67, 1, '2020-08-12 11:20:04', '2020-08-12 11:20:04'),
(220, 'Esse nobis neque minus temporibus.', '2', 56, 20, '2020-08-12 11:20:04', '2020-08-12 11:20:04'),
(221, 'Rem corporis magnam quia nostrum.', '5', 63, 13, '2020-08-12 11:20:04', '2020-08-12 11:20:04'),
(222, 'Mollitia fuga aut iure est dolorum est.', '3', 23, 13, '2020-08-12 11:20:04', '2020-08-12 11:20:04'),
(223, 'Vel maxime corporis in mollitia ut.', '1', 65, 9, '2020-08-12 11:20:04', '2020-08-12 11:20:04'),
(224, 'Quidem consequatur cum modi qui.', '1', 65, 16, '2020-08-12 11:20:04', '2020-08-12 11:20:04'),
(225, 'Nam molestiae fugit impedit et.', '4', 40, 10, '2020-08-12 11:20:04', '2020-08-12 11:20:04'),
(226, 'Quis commodi expedita amet beatae soluta.', '4', 79, 19, '2020-08-12 11:20:04', '2020-08-12 11:20:04'),
(227, 'Pariatur ut esse nihil eaque.', '4', 23, 17, '2020-08-12 11:20:04', '2020-08-12 11:20:04'),
(228, 'Laudantium cumque voluptas explicabo fuga atque nobis.', '2', 79, 15, '2020-08-12 11:20:04', '2020-08-12 11:20:04'),
(229, 'Tempore inventore modi reiciendis accusantium quia optio.', '2', 46, 9, '2020-08-12 11:20:04', '2020-08-12 11:20:04'),
(230, 'Voluptate harum unde ut quos.', '2', 11, 16, '2020-08-12 11:20:04', '2020-08-12 11:20:04'),
(231, 'Et enim quasi placeat.', '3', 77, 4, '2020-08-12 11:20:04', '2020-08-12 11:20:04'),
(232, 'Reiciendis ab doloribus ut et et.', '2', 2, 13, '2020-08-12 11:20:04', '2020-08-12 11:20:04'),
(233, 'Aut qui sapiente eum sed.', '5', 3, 19, '2020-08-12 11:20:04', '2020-08-12 11:20:04'),
(234, 'Aut voluptates cum quas voluptas reprehenderit.', '3', 79, 8, '2020-08-12 11:20:04', '2020-08-12 11:20:04'),
(235, 'Alias vel hic est laborum perspiciatis officia accusamus.', '1', 61, 2, '2020-08-12 11:20:04', '2020-08-12 11:20:04'),
(236, 'Unde magni repellat qui quia aliquam dolorem.', '5', 32, 2, '2020-08-12 11:20:04', '2020-08-12 11:20:04'),
(237, 'Beatae voluptatem quos ad ut nostrum iste ipsum aut.', '1', 22, 20, '2020-08-12 11:20:04', '2020-08-12 11:20:04'),
(238, 'Consequatur rerum voluptates et.', '5', 27, 7, '2020-08-12 11:20:04', '2020-08-12 11:20:04'),
(239, 'Consequatur et deleniti aut eligendi consectetur error aliquam beatae.', '2', 25, 10, '2020-08-12 11:20:04', '2020-08-12 11:20:04'),
(240, 'Omnis voluptatum rerum illum vel molestias soluta et.', '1', 34, 14, '2020-08-12 11:20:04', '2020-08-12 11:20:04'),
(241, 'Repudiandae corporis et laboriosam ipsa qui qui dicta.', '5', 54, 1, '2020-08-12 11:20:04', '2020-08-12 11:20:04'),
(242, 'Et dicta fugiat iusto debitis excepturi minima.', '5', 66, 13, '2020-08-12 11:20:04', '2020-08-12 11:20:04'),
(243, 'Non delectus sunt officia beatae in atque dolores.', '5', 39, 18, '2020-08-12 11:20:04', '2020-08-12 11:20:04'),
(244, 'Debitis voluptate et harum corrupti ut voluptas.', '2', 19, 18, '2020-08-12 11:20:04', '2020-08-12 11:20:04'),
(245, 'Cumque iusto commodi quibusdam fugiat quo dolore.', '3', 31, 19, '2020-08-12 11:20:04', '2020-08-12 11:20:04'),
(246, 'Ut quasi distinctio atque quia minima temporibus amet.', '2', 14, 18, '2020-08-12 11:20:04', '2020-08-12 11:20:04'),
(247, 'Nemo vero veniam consectetur impedit suscipit.', '3', 74, 10, '2020-08-12 11:20:04', '2020-08-12 11:20:04'),
(248, 'Praesentium dolorem dolor nulla soluta officiis vel.', '1', 39, 3, '2020-08-12 11:20:04', '2020-08-12 11:20:04'),
(249, 'Adipisci numquam at fugiat ea voluptatibus dicta deserunt rerum.', '4', 53, 15, '2020-08-12 11:20:04', '2020-08-12 11:20:04'),
(250, 'Sint eum est sed.', '4', 55, 18, '2020-08-12 11:20:04', '2020-08-12 11:20:04'),
(251, 'Similique atque dolor fugiat eum sed.', '3', 52, 17, '2020-08-12 11:20:04', '2020-08-12 11:20:04'),
(252, 'Optio quod ipsam quisquam quidem voluptate ex alias debitis.', '1', 29, 11, '2020-08-12 11:20:04', '2020-08-12 11:20:04'),
(253, 'Officia magni laboriosam incidunt voluptatem totam aperiam reiciendis.', '4', 63, 15, '2020-08-12 11:20:04', '2020-08-12 11:20:04'),
(254, 'Id quaerat eaque accusamus architecto voluptatibus.', '4', 58, 15, '2020-08-12 11:20:04', '2020-08-12 11:20:04'),
(255, 'Quis itaque odit voluptatem recusandae.', '4', 73, 13, '2020-08-12 11:20:04', '2020-08-12 11:20:04'),
(256, 'Inventore modi molestias molestias modi.', '3', 11, 19, '2020-08-12 11:20:04', '2020-08-12 11:20:04'),
(257, 'Est fugit dolores qui fugit vel ex similique sint.', '3', 80, 12, '2020-08-12 11:20:04', '2020-08-12 11:20:04'),
(258, 'Dolor illo tenetur officia magnam nam at quia.', '5', 5, 11, '2020-08-12 11:20:04', '2020-08-12 11:20:04'),
(259, 'Iusto est vel libero aspernatur aut est eos.', '2', 15, 2, '2020-08-12 11:20:04', '2020-08-12 11:20:04'),
(260, 'Repudiandae aperiam nihil laudantium unde iure soluta.', '1', 10, 17, '2020-08-12 11:20:04', '2020-08-12 11:20:04'),
(261, 'Rerum nobis modi molestias dolorem expedita sed voluptas reprehenderit.', '2', 70, 11, '2020-08-12 11:20:04', '2020-08-12 11:20:04'),
(262, 'Et commodi aperiam sit dolores voluptas eaque.', '3', 63, 7, '2020-08-12 11:20:04', '2020-08-12 11:20:04'),
(263, 'Aliquam fugit doloribus nihil quae occaecati.', '1', 4, 9, '2020-08-12 11:20:04', '2020-08-12 11:20:04'),
(264, 'Illo doloremque itaque illo voluptas libero minus.', '4', 23, 13, '2020-08-12 11:20:04', '2020-08-12 11:20:04'),
(265, 'Corrupti vel numquam possimus odit veritatis dolor.', '5', 54, 8, '2020-08-12 11:20:04', '2020-08-12 11:20:04'),
(266, 'Incidunt ad cupiditate sed natus.', '4', 81, 9, '2020-08-12 11:20:04', '2020-08-12 11:20:04'),
(267, 'Eligendi illum sit et id ad consequatur tempora.', '1', 71, 16, '2020-08-12 11:20:04', '2020-08-12 11:20:04'),
(268, 'Sit velit sunt aut earum.', '4', 52, 14, '2020-08-12 11:20:04', '2020-08-12 11:20:04'),
(269, 'Et modi laudantium qui libero.', '4', 34, 18, '2020-08-12 11:20:04', '2020-08-12 11:20:04'),
(270, 'Repudiandae facere quae omnis nihil odio sit assumenda ut.', '4', 66, 2, '2020-08-12 11:20:04', '2020-08-12 11:20:04'),
(271, 'Quis ut voluptatem eligendi.', '2', 44, 14, '2020-08-12 11:20:04', '2020-08-12 11:20:04'),
(272, 'Sunt et non provident incidunt fuga ut rem.', '2', 79, 1, '2020-08-12 11:20:04', '2020-08-12 11:20:04'),
(273, 'Vel quis nostrum dolore voluptatem.', '2', 63, 2, '2020-08-12 11:20:04', '2020-08-12 11:20:04'),
(274, 'Voluptas quisquam architecto repudiandae repellendus ut.', '3', 76, 2, '2020-08-12 11:20:04', '2020-08-12 11:20:04'),
(275, 'Consequuntur fuga ut eaque deserunt iste quo non.', '2', 35, 15, '2020-08-12 11:20:04', '2020-08-12 11:20:04'),
(276, 'Minima animi ex id aperiam ut.', '1', 13, 16, '2020-08-12 11:20:04', '2020-08-12 11:20:04'),
(277, 'Qui error velit qui et assumenda dolore velit.', '2', 64, 12, '2020-08-12 11:20:04', '2020-08-12 11:20:04'),
(278, 'Aut quia aliquam ullam blanditiis distinctio fugiat.', '4', 43, 16, '2020-08-12 11:20:04', '2020-08-12 11:20:04'),
(279, 'Dolorum et tenetur distinctio.', '1', 76, 8, '2020-08-12 11:20:04', '2020-08-12 11:20:04'),
(280, 'Ipsum ab velit enim error odio dolores vel.', '1', 22, 5, '2020-08-12 11:20:04', '2020-08-12 11:20:04'),
(281, 'Non temporibus voluptatem numquam dicta neque voluptas eius.', '1', 13, 9, '2020-08-12 11:20:04', '2020-08-12 11:20:04'),
(282, 'Voluptatem et non omnis dignissimos.', '5', 37, 18, '2020-08-12 11:20:04', '2020-08-12 11:20:04'),
(283, 'Veritatis ut dolorum sapiente totam pariatur adipisci minus.', '2', 73, 19, '2020-08-12 11:20:04', '2020-08-12 11:20:04'),
(284, 'Dolorum dicta tempore libero accusamus et dicta quod vitae.', '2', 71, 6, '2020-08-12 11:20:04', '2020-08-12 11:20:04'),
(285, 'Consequuntur cumque et repellendus fugiat similique magnam esse ab.', '4', 6, 15, '2020-08-12 11:20:04', '2020-08-12 11:20:04'),
(286, 'Impedit alias quae autem debitis sed.', '2', 69, 6, '2020-08-12 11:20:04', '2020-08-12 11:20:04'),
(287, 'Sapiente fugiat repudiandae eveniet nihil suscipit in.', '4', 34, 14, '2020-08-12 11:20:04', '2020-08-12 11:20:04'),
(288, 'Quam ullam quae consequuntur nemo consequatur quis deserunt.', '3', 60, 3, '2020-08-12 11:20:04', '2020-08-12 11:20:04'),
(289, 'Quia voluptatem quo ea.', '4', 50, 20, '2020-08-12 11:20:04', '2020-08-12 11:20:04'),
(290, 'Reprehenderit commodi laboriosam reiciendis saepe.', '4', 80, 13, '2020-08-12 11:20:04', '2020-08-12 11:20:04'),
(291, 'Maiores id qui rerum sit consequatur dolores et.', '1', 3, 11, '2020-08-12 11:20:04', '2020-08-12 11:20:04'),
(292, 'Asperiores qui molestiae libero quisquam et neque est.', '4', 20, 12, '2020-08-12 11:20:04', '2020-08-12 11:20:04'),
(293, 'Dolor quis possimus temporibus fugit et consectetur.', '5', 32, 15, '2020-08-12 11:20:04', '2020-08-12 11:20:04'),
(294, 'Sit laboriosam iure est distinctio.', '2', 74, 6, '2020-08-12 11:20:04', '2020-08-12 11:20:04'),
(295, 'Minus id mollitia quas ut dolore voluptas laborum.', '1', 68, 3, '2020-08-12 11:20:04', '2020-08-12 11:20:04'),
(296, 'Dicta dicta rerum tempora ipsum.', '2', 4, 12, '2020-08-12 11:20:04', '2020-08-12 11:20:04'),
(297, 'Vel aut asperiores architecto quo.', '2', 66, 1, '2020-08-12 11:20:04', '2020-08-12 11:20:04'),
(298, 'Similique sit facere praesentium a.', '5', 15, 17, '2020-08-12 11:20:04', '2020-08-12 11:20:04'),
(299, 'Minus qui illo quia sed.', '2', 15, 18, '2020-08-12 11:20:04', '2020-08-12 11:20:04'),
(300, 'Modi quisquam cupiditate laborum qui eligendi.', '5', 35, 1, '2020-08-12 11:20:04', '2020-08-12 11:20:04'),
(301, 'Et eaque sunt cupiditate in nihil.', '2', 11, 15, '2020-08-12 11:20:04', '2020-08-12 11:20:04'),
(302, 'Dignissimos tempore repudiandae beatae ea.', '3', 15, 1, '2020-08-12 11:20:04', '2020-08-12 11:20:04'),
(303, 'Omnis quibusdam eum adipisci quia consequatur.', '4', 45, 4, '2020-08-12 11:20:04', '2020-08-12 11:20:04'),
(304, 'Repellendus consectetur quam repudiandae officiis.', '2', 70, 5, '2020-08-12 11:20:04', '2020-08-12 11:20:04'),
(305, 'Ad assumenda voluptatem asperiores quae.', '5', 73, 8, '2020-08-12 11:20:04', '2020-08-12 11:20:04'),
(306, 'Occaecati vero sed deleniti omnis voluptas eveniet.', '4', 15, 5, '2020-08-12 11:20:04', '2020-08-12 11:20:04'),
(307, 'Ratione quam quisquam autem qui odit perspiciatis.', '3', 43, 16, '2020-08-12 11:20:04', '2020-08-12 11:20:04'),
(308, 'Ullam ipsa doloribus minima aut vel non ad.', '4', 32, 20, '2020-08-12 11:20:04', '2020-08-12 11:20:04'),
(309, 'Sit voluptates omnis aut est rem ea perferendis.', '5', 35, 6, '2020-08-12 11:20:04', '2020-08-12 11:20:04'),
(310, 'Doloremque ut dolorem officia rem ad omnis aliquam.', '1', 41, 19, '2020-08-12 11:20:04', '2020-08-12 11:20:04'),
(311, 'Doloribus qui quia et sit.', '4', 51, 8, '2020-08-12 11:20:04', '2020-08-12 11:20:04'),
(312, 'Iure aperiam aut autem eum eaque asperiores.', '5', 66, 3, '2020-08-12 11:20:04', '2020-08-12 11:20:04'),
(313, 'Esse et occaecati ut quia quo.', '1', 33, 11, '2020-08-12 11:20:04', '2020-08-12 11:20:04'),
(314, 'Modi fugiat aliquid nobis voluptatum.', '5', 66, 14, '2020-08-12 11:20:04', '2020-08-12 11:20:04'),
(315, 'Sapiente dicta itaque eum animi numquam.', '2', 30, 9, '2020-08-12 11:20:04', '2020-08-12 11:20:04'),
(316, 'Sed porro est vitae nam ut harum id corrupti.', '5', 9, 15, '2020-08-12 11:20:04', '2020-08-12 11:20:04'),
(317, 'Sit dolorem ut cumque dolor debitis eos.', '5', 42, 5, '2020-08-12 11:20:04', '2020-08-12 11:20:04'),
(318, 'Velit sapiente facere consequatur consequuntur magni aut molestiae.', '5', 9, 9, '2020-08-12 11:20:04', '2020-08-12 11:20:04'),
(319, 'Iste culpa asperiores aut dolorem.', '4', 26, 6, '2020-08-12 11:20:04', '2020-08-12 11:20:04'),
(320, 'Et vel quis deleniti sequi tempore aut voluptate.', '5', 49, 4, '2020-08-12 11:20:04', '2020-08-12 11:20:04'),
(321, 'Eius ipsam est id.', '4', 5, 20, '2020-08-12 11:20:04', '2020-08-12 11:20:04'),
(322, 'Totam inventore laborum corporis sed provident accusantium sunt.', '3', 20, 20, '2020-08-12 11:20:04', '2020-08-12 11:20:04'),
(323, 'Aperiam quas placeat neque cupiditate.', '5', 25, 5, '2020-08-12 11:20:04', '2020-08-12 11:20:04'),
(324, 'Cum deserunt voluptatum et autem quae quaerat.', '3', 74, 20, '2020-08-12 11:20:04', '2020-08-12 11:20:04'),
(325, 'Sed labore ipsum est iusto explicabo esse architecto.', '2', 10, 7, '2020-08-12 11:20:04', '2020-08-12 11:20:04'),
(326, 'Ut ex fugit est molestiae.', '2', 21, 18, '2020-08-12 11:20:04', '2020-08-12 11:20:04'),
(327, 'Earum error sit natus ex aperiam non.', '1', 45, 6, '2020-08-12 11:20:04', '2020-08-12 11:20:04'),
(328, 'Placeat nobis eos saepe dolores omnis et est.', '3', 6, 3, '2020-08-12 11:20:04', '2020-08-12 11:20:04'),
(329, 'Eum odit nisi adipisci et quo totam.', '4', 65, 4, '2020-08-12 11:20:04', '2020-08-12 11:20:04'),
(330, 'Quasi mollitia laborum eaque dolorum.', '1', 81, 4, '2020-08-12 11:20:04', '2020-08-12 11:20:04'),
(331, 'Voluptatem minus qui dicta dolorem odio non qui inventore.', '1', 13, 7, '2020-08-12 11:20:04', '2020-08-12 11:20:04'),
(332, 'Ut qui facere voluptate itaque aliquid voluptate quibusdam dolor.', '5', 22, 3, '2020-08-12 11:20:04', '2020-08-12 11:20:04'),
(333, 'Optio velit delectus exercitationem officia quis nam ipsam.', '2', 37, 11, '2020-08-12 11:20:04', '2020-08-12 11:20:04'),
(334, 'Deserunt accusantium quos a animi optio.', '3', 83, 2, '2020-08-12 11:20:04', '2020-08-12 11:20:04'),
(335, 'Molestiae non ratione omnis repellat.', '2', 51, 12, '2020-08-12 11:20:04', '2020-08-12 11:20:04'),
(336, 'Deleniti dicta voluptatem officiis.', '2', 14, 10, '2020-08-12 11:20:04', '2020-08-12 11:20:04'),
(337, 'Ad sit sint voluptate expedita nemo.', '4', 79, 11, '2020-08-12 11:20:04', '2020-08-12 11:20:04'),
(338, 'Vero aut et consectetur ullam ut.', '5', 56, 5, '2020-08-12 11:20:04', '2020-08-12 11:20:04'),
(339, 'Nobis cupiditate quia rem voluptatibus possimus repudiandae.', '5', 61, 11, '2020-08-12 11:20:04', '2020-08-12 11:20:04'),
(340, 'Provident necessitatibus labore ex ut deleniti.', '4', 65, 1, '2020-08-12 11:20:04', '2020-08-12 11:20:04'),
(341, 'Laudantium aspernatur sit quod sit beatae.', '2', 4, 14, '2020-08-12 11:20:04', '2020-08-12 11:20:04'),
(342, 'Aut officiis exercitationem repellendus odit adipisci.', '1', 7, 13, '2020-08-12 11:20:04', '2020-08-12 11:20:04'),
(343, 'Cum neque assumenda voluptatum pariatur voluptate cumque.', '5', 41, 7, '2020-08-12 11:20:04', '2020-08-12 11:20:04'),
(344, 'Enim inventore quis rerum minima non voluptatem.', '3', 37, 20, '2020-08-12 11:20:04', '2020-08-12 11:20:04'),
(345, 'Et pariatur ut perferendis.', '5', 24, 1, '2020-08-12 11:20:04', '2020-08-12 11:20:04'),
(346, 'Corporis sit natus voluptate sunt explicabo quidem qui.', '4', 14, 8, '2020-08-12 11:20:04', '2020-08-12 11:20:04'),
(347, 'Quo quis tempora vitae occaecati incidunt sint pariatur.', '5', 79, 5, '2020-08-12 11:20:04', '2020-08-12 11:20:04'),
(348, 'Est nihil commodi temporibus id deserunt in.', '5', 61, 18, '2020-08-12 11:20:04', '2020-08-12 11:20:04'),
(349, 'Deleniti nisi magni optio quo ducimus.', '2', 35, 19, '2020-08-12 11:20:04', '2020-08-12 11:20:04'),
(350, 'Delectus aut consequuntur aliquam ab.', '1', 5, 19, '2020-08-12 11:20:04', '2020-08-12 11:20:04'),
(351, 'Cum molestiae voluptas excepturi sed molestiae et omnis.', '5', 86, 8, '2020-08-12 11:20:04', '2020-08-12 11:20:04'),
(352, 'Labore aut minus voluptatem est sed nobis.', '5', 25, 20, '2020-08-12 11:20:04', '2020-08-12 11:20:04'),
(353, 'A nemo deserunt quaerat rerum ullam.', '2', 69, 14, '2020-08-12 11:20:04', '2020-08-12 11:20:04'),
(354, 'Ea nobis sed harum rerum eum dolore.', '5', 34, 6, '2020-08-12 11:20:04', '2020-08-12 11:20:04'),
(355, 'Voluptatibus eligendi eum dolor consectetur iusto atque vel.', '1', 55, 3, '2020-08-12 11:20:04', '2020-08-12 11:20:04'),
(356, 'Ut at distinctio facilis.', '5', 22, 2, '2020-08-12 11:20:04', '2020-08-12 11:20:04'),
(357, 'Est quod laborum ad ut iusto.', '2', 19, 2, '2020-08-12 11:20:04', '2020-08-12 11:20:04'),
(358, 'Adipisci quia tempore fuga et adipisci.', '1', 5, 2, '2020-08-12 11:20:04', '2020-08-12 11:20:04'),
(359, 'Ut blanditiis architecto numquam quae.', '2', 47, 20, '2020-08-12 11:20:04', '2020-08-12 11:20:04'),
(360, 'Cupiditate repellendus tempora et aliquid magni qui.', '2', 65, 5, '2020-08-12 11:20:04', '2020-08-12 11:20:04'),
(361, 'Pariatur quidem sed voluptate eligendi distinctio aut ut odit.', '1', 86, 5, '2020-08-12 11:20:04', '2020-08-12 11:20:04'),
(362, 'Sit est hic qui est quis est veniam.', '3', 53, 5, '2020-08-12 11:20:04', '2020-08-12 11:20:04'),
(363, 'Quas sit sed autem voluptatem omnis explicabo sapiente.', '1', 71, 5, '2020-08-12 11:20:04', '2020-08-12 11:20:04'),
(364, 'Aspernatur quia id similique quaerat enim quos consequatur.', '5', 24, 9, '2020-08-12 11:20:04', '2020-08-12 11:20:04'),
(365, 'Soluta earum dolore vel eos et velit minus quo.', '2', 72, 16, '2020-08-12 11:20:04', '2020-08-12 11:20:04'),
(366, 'Quidem laudantium non amet numquam pariatur.', '2', 23, 5, '2020-08-12 11:20:04', '2020-08-12 11:20:04'),
(367, 'Doloremque qui veritatis aut earum.', '3', 20, 15, '2020-08-12 11:20:04', '2020-08-12 11:20:04'),
(368, 'Voluptate aliquam expedita quo necessitatibus veritatis modi.', '1', 40, 17, '2020-08-12 11:20:04', '2020-08-12 11:20:04'),
(369, 'Cum nihil distinctio quia accusamus.', '3', 11, 16, '2020-08-12 11:20:04', '2020-08-12 11:20:04'),
(370, 'Omnis deleniti dicta autem omnis reiciendis id.', '2', 65, 4, '2020-08-12 11:20:04', '2020-08-12 11:20:04'),
(371, 'Debitis rem doloremque et nulla et.', '2', 8, 16, '2020-08-12 11:20:04', '2020-08-12 11:20:04'),
(372, 'Aperiam alias eum ut est provident ut consequuntur.', '2', 68, 4, '2020-08-12 11:20:04', '2020-08-12 11:20:04'),
(373, 'Facere modi nisi ut.', '1', 34, 8, '2020-08-12 11:20:04', '2020-08-12 11:20:04'),
(374, 'Voluptas dolor eos est.', '5', 78, 10, '2020-08-12 11:20:04', '2020-08-12 11:20:04'),
(375, 'Blanditiis unde a a delectus.', '2', 27, 7, '2020-08-12 11:20:04', '2020-08-12 11:20:04'),
(376, 'Debitis est doloremque delectus dignissimos omnis.', '5', 33, 6, '2020-08-12 11:20:04', '2020-08-12 11:20:04'),
(377, 'Ullam iste quod est cumque vel quidem voluptatem et.', '4', 17, 20, '2020-08-12 11:20:04', '2020-08-12 11:20:04'),
(378, 'Maiores neque laborum animi hic in.', '2', 9, 13, '2020-08-12 11:20:04', '2020-08-12 11:20:04'),
(379, 'Libero et dolorum optio eligendi distinctio maxime dolores.', '5', 35, 17, '2020-08-12 11:20:04', '2020-08-12 11:20:04'),
(380, 'Perferendis repellendus esse aperiam voluptas.', '4', 32, 1, '2020-08-12 11:20:04', '2020-08-12 11:20:04'),
(381, 'Quis minima aut aut unde fugiat.', '4', 27, 16, '2020-08-12 11:20:04', '2020-08-12 11:20:04'),
(382, 'Dolores dolores cum ratione voluptates deserunt veniam.', '2', 16, 9, '2020-08-12 11:20:04', '2020-08-12 11:20:04'),
(383, 'Vitae molestiae facere aut nam nesciunt.', '3', 63, 15, '2020-08-12 11:20:04', '2020-08-12 11:20:04'),
(384, 'Distinctio repudiandae dignissimos nihil fugit.', '3', 15, 11, '2020-08-12 11:20:04', '2020-08-12 11:20:04'),
(385, 'Corporis dolor tempore rerum qui laborum sunt.', '3', 58, 11, '2020-08-12 11:20:04', '2020-08-12 11:20:04'),
(386, 'Dolorem ut enim similique.', '5', 35, 13, '2020-08-12 11:20:04', '2020-08-12 11:20:04'),
(387, 'Saepe quo quidem sed vel modi molestias nostrum.', '4', 30, 20, '2020-08-12 11:20:04', '2020-08-12 11:20:04'),
(388, 'Vero minus eligendi tenetur debitis ratione.', '3', 56, 10, '2020-08-12 11:20:04', '2020-08-12 11:20:04'),
(389, 'Saepe at iste repellendus unde.', '1', 69, 16, '2020-08-12 11:20:04', '2020-08-12 11:20:04'),
(390, 'Qui dolore voluptatem ex optio repellat id provident reiciendis.', '5', 75, 8, '2020-08-12 11:20:04', '2020-08-12 11:20:04'),
(391, 'Soluta qui architecto qui explicabo omnis.', '4', 55, 13, '2020-08-12 11:20:04', '2020-08-12 11:20:04'),
(392, 'Ut perspiciatis labore incidunt ipsa sunt.', '4', 1, 9, '2020-08-12 11:20:04', '2020-08-12 11:20:04'),
(393, 'Ut fugit tempora magnam corporis quia tempore ipsum.', '1', 56, 10, '2020-08-12 11:20:04', '2020-08-12 11:20:04'),
(394, 'Officia quibusdam in perspiciatis maxime.', '5', 74, 13, '2020-08-12 11:20:04', '2020-08-12 11:20:04'),
(395, 'Dicta ut beatae sequi tempora nihil.', '5', 64, 19, '2020-08-12 11:20:04', '2020-08-12 11:20:04'),
(396, 'Et facilis vel non at debitis itaque quibusdam.', '2', 57, 8, '2020-08-12 11:20:04', '2020-08-12 11:20:04'),
(397, 'Et autem dicta temporibus quidem.', '4', 25, 1, '2020-08-12 11:20:04', '2020-08-12 11:20:04'),
(398, 'Aut excepturi labore ut amet placeat tenetur incidunt.', '4', 61, 7, '2020-08-12 11:20:04', '2020-08-12 11:20:04'),
(399, 'Optio consequatur odio odio alias quo quo.', '2', 37, 6, '2020-08-12 11:20:04', '2020-08-12 11:20:04'),
(400, 'Quaerat voluptatem labore provident dolorem.', '2', 24, 7, '2020-08-12 11:20:04', '2020-08-12 11:20:04'),
(401, 'Perferendis voluptatibus totam voluptas quia quia incidunt doloribus.', '4', 58, 9, '2020-08-12 11:20:04', '2020-08-12 11:20:04'),
(402, 'Fugiat suscipit adipisci repudiandae deserunt.', '3', 42, 5, '2020-08-12 11:20:04', '2020-08-12 11:20:04'),
(403, 'Voluptatum iusto dolores quisquam fugit.', '2', 24, 4, '2020-08-12 11:20:04', '2020-08-12 11:20:04'),
(404, 'Neque nobis aut sunt recusandae labore qui.', '1', 74, 15, '2020-08-12 11:20:04', '2020-08-12 11:20:04'),
(405, 'Blanditiis ut rerum quisquam aut atque quia.', '1', 1, 20, '2020-08-12 11:20:04', '2020-08-12 11:20:04'),
(406, 'Iusto ullam provident quo earum nemo.', '3', 74, 14, '2020-08-12 11:20:04', '2020-08-12 11:20:04'),
(407, 'Eligendi ea aut voluptatem repellat.', '1', 31, 15, '2020-08-12 11:20:04', '2020-08-12 11:20:04'),
(408, 'Quasi quos occaecati optio in quis asperiores velit.', '1', 40, 2, '2020-08-12 11:20:04', '2020-08-12 11:20:04'),
(409, 'Incidunt et natus maiores est.', '2', 9, 3, '2020-08-12 11:20:04', '2020-08-12 11:20:04'),
(410, 'Odit vel dolorem non architecto autem.', '5', 44, 3, '2020-08-12 11:20:04', '2020-08-12 11:20:04'),
(411, 'Quia magni dolor occaecati voluptas ea.', '1', 31, 14, '2020-08-12 11:20:04', '2020-08-12 11:20:04'),
(412, 'Quo molestiae perferendis est vel optio accusamus.', '5', 41, 10, '2020-08-12 11:20:04', '2020-08-12 11:20:04'),
(413, 'Corrupti non vitae eaque porro illo.', '3', 58, 13, '2020-08-12 11:20:04', '2020-08-12 11:20:04'),
(414, 'Facere distinctio voluptatem consequatur sit delectus vitae qui.', '2', 67, 14, '2020-08-12 11:20:04', '2020-08-12 11:20:04'),
(415, 'Impedit omnis aut quia et.', '3', 16, 15, '2020-08-12 11:20:04', '2020-08-12 11:20:04'),
(416, 'Accusantium totam quia fugiat eveniet.', '4', 33, 10, '2020-08-12 11:20:04', '2020-08-12 11:20:04'),
(417, 'Mollitia aperiam ut ut.', '5', 40, 18, '2020-08-12 11:20:04', '2020-08-12 11:20:04'),
(418, 'Expedita sunt dignissimos ut cumque dolores veniam.', '4', 45, 20, '2020-08-12 11:20:04', '2020-08-12 11:20:04'),
(419, 'Commodi rerum consectetur voluptas consectetur molestiae voluptatem.', '5', 40, 3, '2020-08-12 11:20:04', '2020-08-12 11:20:04'),
(420, 'Occaecati molestias eaque incidunt eius corporis debitis.', '1', 55, 2, '2020-08-12 11:20:04', '2020-08-12 11:20:04'),
(421, 'Dolorem ut recusandae alias.', '4', 85, 17, '2020-08-12 11:20:04', '2020-08-12 11:20:04'),
(422, 'Pariatur dignissimos deserunt iure et qui et.', '3', 48, 15, '2020-08-12 11:20:04', '2020-08-12 11:20:04'),
(423, 'Quae exercitationem dolor rerum nam optio nihil et.', '3', 67, 3, '2020-08-12 11:20:04', '2020-08-12 11:20:04'),
(424, 'Dolorem perferendis sint odit nulla voluptas sint sed.', '2', 31, 15, '2020-08-12 11:20:04', '2020-08-12 11:20:04'),
(425, 'Enim deserunt voluptas ipsa incidunt dolores.', '4', 25, 4, '2020-08-12 11:20:04', '2020-08-12 11:20:04'),
(426, 'Neque qui aut harum ut doloribus aliquid quaerat.', '1', 73, 20, '2020-08-12 11:20:04', '2020-08-12 11:20:04'),
(427, 'Tempora amet optio molestias qui fuga.', '2', 67, 6, '2020-08-12 11:20:04', '2020-08-12 11:20:04'),
(428, 'Unde id ut consectetur eos et tempore nemo.', '3', 52, 10, '2020-08-12 11:20:04', '2020-08-12 11:20:04'),
(429, 'Modi beatae quo qui a sed.', '4', 3, 19, '2020-08-12 11:20:04', '2020-08-12 11:20:04'),
(430, 'Aut velit totam dolores in.', '3', 66, 20, '2020-08-12 11:20:04', '2020-08-12 11:20:04'),
(431, 'Eaque ea unde in iusto nesciunt eveniet.', '2', 45, 7, '2020-08-12 11:20:04', '2020-08-12 11:20:04'),
(432, 'Dolor inventore voluptatem dicta cupiditate quo est delectus et.', '5', 63, 19, '2020-08-12 11:20:04', '2020-08-12 11:20:04'),
(433, 'Molestiae est aut omnis esse minima ut.', '2', 37, 8, '2020-08-12 11:20:04', '2020-08-12 11:20:04'),
(434, 'Doloremque sequi ex voluptatum hic.', '1', 73, 4, '2020-08-12 11:20:04', '2020-08-12 11:20:04'),
(435, 'Molestiae sint debitis consequuntur in magnam officia aut.', '2', 15, 12, '2020-08-12 11:20:04', '2020-08-12 11:20:04'),
(436, 'Corporis ducimus et debitis perspiciatis consequatur odio et qui.', '4', 13, 20, '2020-08-12 11:20:04', '2020-08-12 11:20:04'),
(437, 'Ut enim aut molestias quia veritatis animi.', '4', 44, 3, '2020-08-12 11:20:04', '2020-08-12 11:20:04'),
(438, 'Quia voluptate debitis earum et.', '4', 75, 8, '2020-08-12 11:20:04', '2020-08-12 11:20:04'),
(439, 'Voluptatibus similique et quia quod.', '5', 10, 3, '2020-08-12 11:20:04', '2020-08-12 11:20:04'),
(440, 'Nam modi eum rem modi.', '4', 9, 20, '2020-08-12 11:20:04', '2020-08-12 11:20:04'),
(441, 'Corrupti qui aut aut aut eos.', '5', 63, 11, '2020-08-12 11:20:04', '2020-08-12 11:20:04'),
(442, 'Dolorem nesciunt iste dolore unde quo dolore autem.', '5', 52, 10, '2020-08-12 11:20:04', '2020-08-12 11:20:04'),
(443, 'Ut fuga eaque repellat temporibus numquam aut sunt.', '3', 48, 8, '2020-08-12 11:20:04', '2020-08-12 11:20:04'),
(444, 'Explicabo numquam voluptate ut incidunt eos et odit iste.', '2', 45, 18, '2020-08-12 11:20:04', '2020-08-12 11:20:04'),
(445, 'Cumque amet numquam occaecati blanditiis quae dolorum vero.', '4', 3, 3, '2020-08-12 11:20:04', '2020-08-12 11:20:04'),
(446, 'Enim omnis corporis non.', '5', 71, 19, '2020-08-12 11:20:04', '2020-08-12 11:20:04'),
(447, 'Atque ut hic omnis corrupti excepturi voluptate.', '1', 28, 9, '2020-08-12 11:20:04', '2020-08-12 11:20:04'),
(448, 'Fugit est est dolores.', '3', 2, 4, '2020-08-12 11:20:04', '2020-08-12 11:20:04'),
(449, 'Ab eveniet est quaerat consequatur laudantium.', '3', 43, 4, '2020-08-12 11:20:04', '2020-08-12 11:20:04');
INSERT INTO `reviews` (`id`, `content`, `rate`, `course_id`, `student_id`, `created_at`, `updated_at`) VALUES
(450, 'Distinctio aut sit commodi iure accusantium ut quasi mollitia.', '2', 26, 12, '2020-08-12 11:20:04', '2020-08-12 11:20:04'),
(451, 'Accusantium dolores beatae voluptatem facilis repudiandae.', '5', 11, 17, '2020-08-12 11:20:04', '2020-08-12 11:20:04'),
(452, 'Exercitationem blanditiis aut nemo blanditiis maxime.', '4', 5, 3, '2020-08-12 11:20:04', '2020-08-12 11:20:04'),
(453, 'Sint aut voluptatum labore quidem temporibus.', '2', 12, 12, '2020-08-12 11:20:04', '2020-08-12 11:20:04'),
(454, 'Rerum impedit libero suscipit recusandae asperiores velit.', '3', 82, 3, '2020-08-12 11:20:04', '2020-08-12 11:20:04'),
(455, 'Amet reiciendis placeat libero consequatur nostrum.', '1', 54, 14, '2020-08-12 11:20:04', '2020-08-12 11:20:04'),
(456, 'Ab cum et accusamus officiis.', '3', 79, 2, '2020-08-12 11:20:04', '2020-08-12 11:20:04'),
(457, 'Et non occaecati et incidunt ducimus.', '3', 83, 20, '2020-08-12 11:20:04', '2020-08-12 11:20:04'),
(458, 'Et repellendus rerum dolorem.', '1', 2, 13, '2020-08-12 11:20:04', '2020-08-12 11:20:04'),
(459, 'Officiis quae qui sed aut molestiae adipisci ratione sit.', '3', 41, 5, '2020-08-12 11:20:04', '2020-08-12 11:20:04'),
(460, 'Fugiat aspernatur sit vel sed.', '5', 72, 5, '2020-08-12 11:20:04', '2020-08-12 11:20:04'),
(461, 'Nulla sint qui officiis tempore accusantium sed optio dolor.', '1', 39, 14, '2020-08-12 11:20:04', '2020-08-12 11:20:04'),
(462, 'Necessitatibus dolores est omnis itaque in quae ut.', '4', 38, 13, '2020-08-12 11:20:04', '2020-08-12 11:20:04'),
(463, 'Quis laudantium aut vero dignissimos corporis qui.', '2', 52, 4, '2020-08-12 11:20:04', '2020-08-12 11:20:04'),
(464, 'Et et et porro sed blanditiis ducimus enim.', '4', 54, 14, '2020-08-12 11:20:04', '2020-08-12 11:20:04'),
(465, 'Quod vel voluptate sit corporis fuga sequi.', '2', 64, 1, '2020-08-12 11:20:04', '2020-08-12 11:20:04'),
(466, 'Consequuntur eius rem ad at quo et.', '5', 16, 3, '2020-08-12 11:20:04', '2020-08-12 11:20:04'),
(467, 'Qui veritatis laudantium veniam impedit nihil.', '3', 62, 20, '2020-08-12 11:20:04', '2020-08-12 11:20:04'),
(468, 'Neque repellat tenetur labore nemo est quasi.', '3', 37, 19, '2020-08-12 11:20:04', '2020-08-12 11:20:04'),
(469, 'Earum voluptatum minima voluptas facilis vitae et et earum.', '1', 7, 3, '2020-08-12 11:20:04', '2020-08-12 11:20:04'),
(470, 'Veniam facere aut quisquam aliquid vel.', '5', 60, 5, '2020-08-12 11:20:04', '2020-08-12 11:20:04'),
(471, 'Aut rerum similique maxime.', '3', 83, 4, '2020-08-12 11:20:04', '2020-08-12 11:20:04'),
(472, 'Voluptatem qui ipsum enim aliquid qui.', '2', 79, 4, '2020-08-12 11:20:04', '2020-08-12 11:20:04'),
(473, 'Laborum ipsum optio inventore ratione ex et velit.', '4', 67, 20, '2020-08-12 11:20:04', '2020-08-12 11:20:04'),
(474, 'Facere odit laborum fugiat eos eos quo commodi.', '5', 75, 19, '2020-08-12 11:20:04', '2020-08-12 11:20:04'),
(475, 'In qui vero quisquam alias quam.', '4', 68, 12, '2020-08-12 11:20:04', '2020-08-12 11:20:04'),
(476, 'Aliquam ducimus temporibus a repudiandae autem molestias.', '4', 42, 20, '2020-08-12 11:20:04', '2020-08-12 11:20:04'),
(477, 'Officia cupiditate est et ratione.', '3', 40, 5, '2020-08-12 11:20:04', '2020-08-12 11:20:04'),
(478, 'Officia eligendi distinctio alias enim possimus.', '4', 57, 2, '2020-08-12 11:20:04', '2020-08-12 11:20:04'),
(479, 'Ea sint recusandae expedita non eos hic itaque.', '2', 68, 14, '2020-08-12 11:20:04', '2020-08-12 11:20:04'),
(480, 'Quibusdam sequi et dignissimos.', '3', 78, 19, '2020-08-12 11:20:04', '2020-08-12 11:20:04'),
(481, 'Optio voluptatum aut quibusdam in perferendis quas voluptatem ullam.', '1', 81, 12, '2020-08-12 11:20:04', '2020-08-12 11:20:04'),
(482, 'Incidunt aut rerum necessitatibus consequatur.', '5', 32, 20, '2020-08-12 11:20:04', '2020-08-12 11:20:04'),
(483, 'Ut doloribus dolores possimus et eligendi.', '1', 7, 2, '2020-08-12 11:20:04', '2020-08-12 11:20:04'),
(484, 'Doloremque consequuntur sed earum eveniet vel eligendi sunt.', '4', 72, 17, '2020-08-12 11:20:04', '2020-08-12 11:20:04'),
(485, 'Fugit blanditiis ut quibusdam eveniet.', '2', 42, 13, '2020-08-12 11:20:04', '2020-08-12 11:20:04'),
(486, 'Possimus qui ducimus architecto et quis ab architecto.', '3', 10, 12, '2020-08-12 11:20:04', '2020-08-12 11:20:04'),
(487, 'Suscipit in est rerum nobis saepe.', '2', 55, 7, '2020-08-12 11:20:04', '2020-08-12 11:20:04'),
(488, 'Iusto aliquid voluptatem laudantium ipsam.', '4', 60, 17, '2020-08-12 11:20:04', '2020-08-12 11:20:04'),
(489, 'Minus fuga aut porro non suscipit.', '5', 64, 8, '2020-08-12 11:20:04', '2020-08-12 11:20:04'),
(490, 'Qui aliquid quisquam et odio facilis est excepturi.', '2', 82, 16, '2020-08-12 11:20:04', '2020-08-12 11:20:04'),
(491, 'Laudantium corporis enim architecto dolor.', '2', 60, 8, '2020-08-12 11:20:04', '2020-08-12 11:20:04'),
(492, 'Quod quibusdam placeat illum repellendus dignissimos.', '1', 38, 20, '2020-08-12 11:20:04', '2020-08-12 11:20:04'),
(493, 'Quia blanditiis dicta error corrupti.', '2', 5, 8, '2020-08-12 11:20:04', '2020-08-12 11:20:04'),
(494, 'Et aut culpa quaerat ducimus molestiae voluptas molestias.', '2', 75, 15, '2020-08-12 11:20:04', '2020-08-12 11:20:04'),
(495, 'Optio quis ullam similique aut et porro eligendi.', '5', 1, 12, '2020-08-12 11:20:04', '2020-08-12 11:20:04'),
(496, 'Neque ipsum voluptatem beatae nam est.', '2', 86, 12, '2020-08-12 11:20:04', '2020-08-12 11:20:04'),
(497, 'Voluptate dolor illo cupiditate iusto excepturi soluta fuga.', '2', 2, 10, '2020-08-12 11:20:04', '2020-08-12 11:20:04'),
(498, 'Aut officia deserunt eveniet expedita.', '5', 50, 12, '2020-08-12 11:20:04', '2020-08-12 11:20:04'),
(499, 'Consectetur est rerum corrupti sequi et impedit.', '4', 16, 11, '2020-08-12 11:20:04', '2020-08-12 11:20:04'),
(500, 'Dolore fugit quibusdam doloribus quasi non eius.', '2', 77, 9, '2020-08-12 11:20:04', '2020-08-12 11:20:04'),
(501, 'Enim veniam libero qui commodi.', '2', 28, 9, '2020-08-12 11:20:04', '2020-08-12 11:20:04'),
(502, 'Sunt est dolorem placeat excepturi temporibus qui sed.', '5', 33, 13, '2020-08-12 11:20:04', '2020-08-12 11:20:04'),
(503, 'Molestias similique illum consequatur odio quo.', '5', 17, 14, '2020-08-12 11:20:04', '2020-08-12 11:20:04'),
(504, 'Rerum repellendus tempore sed et quia ea iusto.', '4', 16, 20, '2020-08-12 11:20:04', '2020-08-12 11:20:04'),
(505, 'Ea eum iste ex soluta et ipsa et.', '2', 9, 7, '2020-08-12 11:20:04', '2020-08-12 11:20:04'),
(506, 'Ut qui quas blanditiis temporibus.', '2', 64, 17, '2020-08-12 11:20:04', '2020-08-12 11:20:04'),
(507, 'Et eaque et optio eos dolores suscipit.', '1', 53, 16, '2020-08-12 11:20:04', '2020-08-12 11:20:04'),
(508, 'Sint autem occaecati molestiae ex iure exercitationem in.', '4', 59, 19, '2020-08-12 11:20:04', '2020-08-12 11:20:04'),
(509, 'Libero et repudiandae vel laboriosam nulla ducimus et.', '2', 57, 7, '2020-08-12 11:20:04', '2020-08-12 11:20:04'),
(510, 'Sapiente est illum quia illum ab deleniti.', '3', 44, 17, '2020-08-12 11:20:04', '2020-08-12 11:20:04'),
(511, 'Et nesciunt et et est et non.', '1', 35, 3, '2020-08-12 11:20:04', '2020-08-12 11:20:04'),
(512, 'Ipsum iure non fugiat qui iste voluptatem.', '3', 14, 1, '2020-08-12 11:20:04', '2020-08-12 11:20:04'),
(513, 'Excepturi ad veritatis aut ducimus laborum quam porro.', '4', 2, 2, '2020-08-12 11:20:04', '2020-08-12 11:20:04'),
(514, 'Aut et ut vel et dolores minus nobis.', '3', 26, 1, '2020-08-12 11:20:04', '2020-08-12 11:20:04'),
(515, 'Est et ut quibusdam consequatur.', '3', 1, 7, '2020-08-12 11:20:04', '2020-08-12 11:20:04'),
(516, 'Corrupti ipsa ut ex culpa est enim tempora quibusdam.', '1', 18, 20, '2020-08-12 11:20:04', '2020-08-12 11:20:04'),
(517, 'Maxime repellat et et.', '1', 27, 7, '2020-08-12 11:20:04', '2020-08-12 11:20:04'),
(518, 'Necessitatibus pariatur quam amet ex quis.', '3', 5, 10, '2020-08-12 11:20:04', '2020-08-12 11:20:04'),
(519, 'Perspiciatis consequatur quidem aut rem recusandae earum.', '4', 4, 16, '2020-08-12 11:20:04', '2020-08-12 11:20:04'),
(520, 'Minus doloremque autem ipsam explicabo dignissimos.', '2', 81, 9, '2020-08-12 11:20:04', '2020-08-12 11:20:04'),
(521, 'Unde voluptas inventore qui eligendi quos veritatis.', '4', 24, 3, '2020-08-12 11:20:04', '2020-08-12 11:20:04'),
(522, 'Nihil adipisci tenetur ducimus magnam iusto.', '3', 83, 16, '2020-08-12 11:20:04', '2020-08-12 11:20:04'),
(523, 'Saepe et voluptatum eius et.', '4', 11, 8, '2020-08-12 11:20:04', '2020-08-12 11:20:04'),
(524, 'Et quod quae placeat dolore eaque dolores.', '3', 40, 16, '2020-08-12 11:20:04', '2020-08-12 11:20:04'),
(525, 'Earum voluptatum quasi alias dolorum odio dolorem ut.', '2', 52, 5, '2020-08-12 11:20:04', '2020-08-12 11:20:04'),
(526, 'Voluptatibus dolorem itaque voluptas odio aliquam sit.', '4', 74, 18, '2020-08-12 11:20:04', '2020-08-12 11:20:04'),
(527, 'Pariatur nam non est neque sapiente iste.', '2', 72, 1, '2020-08-12 11:20:04', '2020-08-12 11:20:04'),
(528, 'Omnis nobis accusantium iusto.', '3', 49, 2, '2020-08-12 11:20:04', '2020-08-12 11:20:04'),
(529, 'Inventore itaque laboriosam quia consequatur ut quia molestiae repudiandae.', '2', 61, 4, '2020-08-12 11:20:04', '2020-08-12 11:20:04'),
(530, 'Eos ex tempore beatae eos qui.', '3', 62, 14, '2020-08-12 11:20:04', '2020-08-12 11:20:04'),
(531, 'Id voluptate hic et quo itaque ab.', '3', 31, 1, '2020-08-12 11:20:04', '2020-08-12 11:20:04'),
(532, 'Odit assumenda sed sit ex qui vero rerum.', '2', 47, 18, '2020-08-12 11:20:04', '2020-08-12 11:20:04'),
(533, 'Aperiam aliquid et repudiandae repudiandae molestias.', '5', 47, 20, '2020-08-12 11:20:04', '2020-08-12 11:20:04'),
(534, 'Magni iusto ea repellat possimus velit optio.', '2', 33, 18, '2020-08-12 11:20:04', '2020-08-12 11:20:04'),
(535, 'Sunt ut laudantium voluptate repellat velit vel laborum.', '1', 14, 2, '2020-08-12 11:20:04', '2020-08-12 11:20:04'),
(536, 'Praesentium ut aut non ducimus.', '3', 9, 19, '2020-08-12 11:20:04', '2020-08-12 11:20:04'),
(537, 'Quia officiis et aliquid tempore.', '1', 49, 5, '2020-08-12 11:20:04', '2020-08-12 11:20:04'),
(538, 'Quidem excepturi non sit atque qui.', '3', 76, 17, '2020-08-12 11:20:04', '2020-08-12 11:20:04'),
(539, 'Voluptates molestias sequi dolor beatae.', '5', 80, 13, '2020-08-12 11:20:04', '2020-08-12 11:20:04'),
(540, 'Dolore nihil dolor ab maxime.', '4', 43, 15, '2020-08-12 11:20:04', '2020-08-12 11:20:04'),
(541, 'Ut non facilis cum quisquam.', '2', 20, 1, '2020-08-12 11:20:04', '2020-08-12 11:20:04'),
(542, 'Dolorum voluptas exercitationem voluptas natus quaerat.', '5', 80, 2, '2020-08-12 11:20:04', '2020-08-12 11:20:04'),
(543, 'Dolor et asperiores minima accusamus laboriosam fugit sit natus.', '2', 5, 18, '2020-08-12 11:20:04', '2020-08-12 11:20:04'),
(544, 'Earum aperiam ad voluptas ex illo sunt sed.', '2', 15, 12, '2020-08-12 11:20:04', '2020-08-12 11:20:04'),
(545, 'Saepe molestiae iure ut.', '5', 27, 7, '2020-08-12 11:20:04', '2020-08-12 11:20:04'),
(546, 'Aliquid a modi rerum repudiandae.', '3', 64, 14, '2020-08-12 11:20:04', '2020-08-12 11:20:04'),
(547, 'Provident dolores tenetur perspiciatis cupiditate nesciunt omnis.', '5', 57, 2, '2020-08-12 11:20:04', '2020-08-12 11:20:04'),
(548, 'Ullam repudiandae veritatis et molestias.', '4', 75, 6, '2020-08-12 11:20:04', '2020-08-12 11:20:04'),
(549, 'Alias cumque veniam cumque provident dolores praesentium.', '2', 42, 4, '2020-08-12 11:20:04', '2020-08-12 11:20:04'),
(550, 'Est voluptas eaque sint distinctio sit non accusamus.', '1', 85, 8, '2020-08-12 11:20:04', '2020-08-12 11:20:04'),
(551, 'Id aut fugiat modi omnis officiis et.', '2', 58, 1, '2020-08-12 11:20:04', '2020-08-12 11:20:04'),
(552, 'Laudantium ipsum ipsa provident iure praesentium nemo amet.', '1', 84, 6, '2020-08-12 11:20:04', '2020-08-12 11:20:04'),
(553, 'Et quisquam quaerat rerum expedita repellendus maiores fugit.', '5', 2, 13, '2020-08-12 11:20:04', '2020-08-12 11:20:04'),
(554, 'Aut excepturi eligendi voluptates.', '4', 48, 12, '2020-08-12 11:20:04', '2020-08-12 11:20:04'),
(555, 'Ab reprehenderit sint rerum perferendis quia aliquam tempora.', '5', 75, 8, '2020-08-12 11:20:04', '2020-08-12 11:20:04'),
(556, 'Et veritatis consectetur quibusdam vel impedit.', '5', 39, 2, '2020-08-12 11:20:04', '2020-08-12 11:20:04'),
(557, 'Velit sint doloribus voluptates quisquam qui eaque et rerum.', '5', 3, 15, '2020-08-12 11:20:04', '2020-08-12 11:20:04'),
(558, 'Ab quidem officia corrupti.', '2', 76, 15, '2020-08-12 11:20:04', '2020-08-12 11:20:04'),
(559, 'Ut eos non unde molestiae maiores qui facilis.', '2', 43, 15, '2020-08-12 11:20:04', '2020-08-12 11:20:04'),
(560, 'Quisquam quam ut fuga quod expedita.', '2', 38, 9, '2020-08-12 11:20:04', '2020-08-12 11:20:04'),
(561, 'Non necessitatibus suscipit et dolor.', '3', 53, 11, '2020-08-12 11:20:04', '2020-08-12 11:20:04'),
(562, 'Officia rerum placeat eius rerum omnis.', '4', 29, 10, '2020-08-12 11:20:04', '2020-08-12 11:20:04'),
(563, 'Qui ipsam non repudiandae.', '1', 27, 7, '2020-08-12 11:20:04', '2020-08-12 11:20:04'),
(564, 'Quae eos explicabo illum quos magni consequatur.', '4', 79, 14, '2020-08-12 11:20:04', '2020-08-12 11:20:04'),
(565, 'Iste nemo velit nesciunt molestias vero esse.', '1', 74, 14, '2020-08-12 11:20:04', '2020-08-12 11:20:04'),
(566, 'Cumque repellat odit aut neque laborum.', '3', 82, 5, '2020-08-12 11:20:04', '2020-08-12 11:20:04'),
(567, 'Optio id quia odit ea aut ut.', '4', 77, 9, '2020-08-12 11:20:04', '2020-08-12 11:20:04'),
(568, 'Rerum nulla officiis et autem unde enim quia.', '1', 52, 2, '2020-08-12 11:20:04', '2020-08-12 11:20:04'),
(569, 'Expedita molestiae eius et odio autem vel itaque.', '5', 7, 6, '2020-08-12 11:20:04', '2020-08-12 11:20:04'),
(570, 'Libero nobis in optio nihil qui fugiat eos voluptatem.', '1', 71, 14, '2020-08-12 11:20:04', '2020-08-12 11:20:04'),
(571, 'Sunt ex ut perferendis rerum qui nobis.', '2', 67, 6, '2020-08-12 11:20:04', '2020-08-12 11:20:04'),
(572, 'Et molestias est recusandae harum modi tempore.', '1', 59, 9, '2020-08-12 11:20:04', '2020-08-12 11:20:04'),
(573, 'Consequatur quaerat inventore quibusdam alias facere.', '2', 9, 7, '2020-08-12 11:20:04', '2020-08-12 11:20:04'),
(574, 'Vel soluta consectetur provident debitis nemo necessitatibus.', '5', 40, 19, '2020-08-12 11:20:04', '2020-08-12 11:20:04'),
(575, 'Cumque quibusdam vitae fugit veritatis dolores.', '1', 18, 15, '2020-08-12 11:20:04', '2020-08-12 11:20:04'),
(576, 'Odio qui ut adipisci culpa quo et nihil excepturi.', '5', 81, 7, '2020-08-12 11:20:04', '2020-08-12 11:20:04'),
(577, 'Quis quo nemo maiores numquam.', '2', 3, 2, '2020-08-12 11:20:04', '2020-08-12 11:20:04'),
(578, 'Placeat rerum repellendus et et dolor labore voluptatem.', '1', 60, 4, '2020-08-12 11:20:04', '2020-08-12 11:20:04'),
(579, 'Ratione ratione ea rerum qui rerum tempore ut.', '5', 62, 19, '2020-08-12 11:20:04', '2020-08-12 11:20:04'),
(580, 'Esse dolorem at magnam impedit in.', '4', 12, 20, '2020-08-12 11:20:04', '2020-08-12 11:20:04'),
(581, 'Necessitatibus adipisci aperiam voluptatem perferendis voluptates.', '5', 67, 9, '2020-08-12 11:20:04', '2020-08-12 11:20:04'),
(582, 'Et molestiae fugiat deserunt ducimus voluptate consequatur molestias.', '3', 75, 2, '2020-08-12 11:20:04', '2020-08-12 11:20:04'),
(583, 'Provident beatae dolor earum et quia eligendi.', '2', 18, 14, '2020-08-12 11:20:04', '2020-08-12 11:20:04'),
(584, 'Similique pariatur fugit ratione consequatur nostrum minima est.', '2', 40, 3, '2020-08-12 11:20:04', '2020-08-12 11:20:04'),
(585, 'Maiores in explicabo sit enim magnam sunt.', '1', 1, 14, '2020-08-12 11:20:04', '2020-08-12 11:20:04'),
(586, 'Doloribus iusto voluptas non.', '5', 68, 13, '2020-08-12 11:20:04', '2020-08-12 11:20:04'),
(587, 'Ut eos nisi vitae.', '1', 54, 14, '2020-08-12 11:20:04', '2020-08-12 11:20:04'),
(588, 'Nisi omnis consequatur quas possimus omnis enim rem.', '2', 28, 15, '2020-08-12 11:20:04', '2020-08-12 11:20:04'),
(589, 'Et qui quaerat labore omnis dolore qui.', '1', 81, 16, '2020-08-12 11:20:04', '2020-08-12 11:20:04'),
(590, 'Quae quis nostrum cumque et quasi est.', '1', 2, 10, '2020-08-12 11:20:04', '2020-08-12 11:20:04'),
(591, 'Soluta velit voluptate molestiae esse.', '5', 14, 3, '2020-08-12 11:20:04', '2020-08-12 11:20:04'),
(592, 'Omnis unde a corrupti quaerat omnis maiores.', '2', 48, 16, '2020-08-12 11:20:04', '2020-08-12 11:20:04'),
(593, 'Quod consequatur ut nam ut.', '3', 61, 1, '2020-08-12 11:20:04', '2020-08-12 11:20:04'),
(594, 'Nisi aliquid officiis necessitatibus harum iure voluptas quaerat.', '5', 67, 9, '2020-08-12 11:20:04', '2020-08-12 11:20:04'),
(595, 'Debitis sunt nulla et id sed molestiae atque explicabo.', '4', 39, 2, '2020-08-12 11:20:04', '2020-08-12 11:20:04'),
(596, 'Molestiae corrupti vero libero omnis.', '5', 63, 9, '2020-08-12 11:20:04', '2020-08-12 11:20:04'),
(597, 'Ab voluptatibus nesciunt ut vero ipsum necessitatibus et.', '1', 59, 16, '2020-08-12 11:20:04', '2020-08-12 11:20:04'),
(598, 'Magni adipisci beatae non omnis aut.', '2', 61, 3, '2020-08-12 11:20:04', '2020-08-12 11:20:04'),
(599, 'Eum et distinctio aliquid sunt.', '1', 67, 7, '2020-08-12 11:20:04', '2020-08-12 11:20:04'),
(600, 'Aut repudiandae possimus nisi.', '4', 32, 9, '2020-08-12 11:20:04', '2020-08-12 11:20:04'),
(601, 'Sed nemo rerum molestiae dignissimos alias sit.', '1', 37, 16, '2020-08-12 11:20:04', '2020-08-12 11:20:04'),
(602, 'Ab eaque aut ipsum occaecati voluptatem amet ipsam.', '4', 31, 11, '2020-08-12 11:20:04', '2020-08-12 11:20:04'),
(603, 'Beatae molestiae possimus quia cupiditate ullam enim alias.', '4', 1, 14, '2020-08-12 11:20:04', '2020-08-12 11:20:04'),
(604, 'Accusamus quaerat vel sunt earum ab voluptate eos.', '3', 80, 9, '2020-08-12 11:20:04', '2020-08-12 11:20:04'),
(605, 'Laudantium repellendus perferendis deserunt saepe at a iure.', '3', 56, 5, '2020-08-12 11:20:04', '2020-08-12 11:20:04'),
(606, 'Aut accusamus exercitationem nemo id.', '3', 5, 8, '2020-08-12 11:20:04', '2020-08-12 11:20:04'),
(607, 'Temporibus molestias laudantium eum eligendi aspernatur voluptatibus repellat.', '3', 69, 20, '2020-08-12 11:20:04', '2020-08-12 11:20:04'),
(608, 'Omnis tenetur qui consequatur in corrupti.', '4', 79, 7, '2020-08-12 11:20:04', '2020-08-12 11:20:04'),
(609, 'Quia qui nulla rerum vero.', '3', 84, 19, '2020-08-12 11:20:04', '2020-08-12 11:20:04'),
(610, 'Quis libero atque aliquid nam ipsa.', '1', 46, 3, '2020-08-12 11:20:04', '2020-08-12 11:20:04'),
(611, 'Optio error natus voluptatem eos quos nemo quia.', '5', 28, 14, '2020-08-12 11:20:04', '2020-08-12 11:20:04'),
(612, 'Vel vel aspernatur sed dolorem.', '3', 2, 13, '2020-08-12 11:20:04', '2020-08-12 11:20:04'),
(613, 'Voluptatem laborum qui et perferendis aspernatur beatae.', '1', 52, 7, '2020-08-12 11:20:04', '2020-08-12 11:20:04'),
(614, 'Provident eius rem placeat eos nostrum aperiam temporibus.', '3', 50, 9, '2020-08-12 11:20:04', '2020-08-12 11:20:04'),
(615, 'Labore voluptas illum blanditiis consequatur aliquid placeat asperiores ducimus.', '2', 52, 19, '2020-08-12 11:20:04', '2020-08-12 11:20:04'),
(616, 'Temporibus culpa eum dolore qui.', '2', 1, 1, '2020-08-12 11:20:04', '2020-08-12 11:20:04'),
(617, 'Magni recusandae quibusdam nulla quo.', '1', 62, 10, '2020-08-12 11:20:04', '2020-08-12 11:20:04'),
(618, 'Nobis tempore in et sequi est quod nemo alias.', '2', 54, 16, '2020-08-12 11:20:04', '2020-08-12 11:20:04'),
(619, 'Sit soluta dicta quas et.', '5', 55, 10, '2020-08-12 11:20:04', '2020-08-12 11:20:04'),
(620, 'Placeat dolorem velit voluptatem aut tempora nemo et vero.', '2', 34, 7, '2020-08-12 11:20:04', '2020-08-12 11:20:04'),
(621, 'Corrupti dolorem molestiae qui aspernatur dolorem ad.', '5', 64, 14, '2020-08-12 11:20:04', '2020-08-12 11:20:04'),
(622, 'Dicta provident non sed doloremque sit.', '4', 35, 20, '2020-08-12 11:20:04', '2020-08-12 11:20:04'),
(623, 'Fuga quo aut enim culpa non qui.', '1', 22, 8, '2020-08-12 11:20:04', '2020-08-12 11:20:04'),
(624, 'Recusandae in minima laborum qui.', '3', 37, 10, '2020-08-12 11:20:04', '2020-08-12 11:20:04'),
(625, 'Ut nesciunt nihil sed vero consequuntur quaerat sed.', '4', 41, 20, '2020-08-12 11:20:04', '2020-08-12 11:20:04'),
(626, 'Perspiciatis eum alias rerum provident quidem.', '5', 58, 17, '2020-08-12 11:20:04', '2020-08-12 11:20:04'),
(627, 'Nostrum voluptas et quam enim.', '3', 54, 2, '2020-08-12 11:20:04', '2020-08-12 11:20:04'),
(628, 'Libero exercitationem cum hic nostrum nihil sapiente.', '5', 81, 1, '2020-08-12 11:20:04', '2020-08-12 11:20:04'),
(629, 'Dolores a consectetur ex sint maiores aspernatur.', '4', 22, 5, '2020-08-12 11:20:04', '2020-08-12 11:20:04'),
(630, 'Tempore quo delectus ea quia ea.', '3', 85, 5, '2020-08-12 11:20:04', '2020-08-12 11:20:04'),
(631, 'Ipsam quia officia totam ad odio unde.', '2', 8, 4, '2020-08-12 11:20:04', '2020-08-12 11:20:04'),
(632, 'Voluptatem ullam nesciunt illum cum.', '3', 33, 10, '2020-08-12 11:20:04', '2020-08-12 11:20:04'),
(633, 'Omnis atque eaque ratione.', '1', 52, 6, '2020-08-12 11:20:04', '2020-08-12 11:20:04'),
(634, 'Molestiae magnam iste reiciendis inventore voluptatem asperiores.', '4', 36, 19, '2020-08-12 11:20:04', '2020-08-12 11:20:04'),
(635, 'Voluptas voluptate quia et adipisci.', '3', 76, 8, '2020-08-12 11:20:04', '2020-08-12 11:20:04'),
(636, 'Quia dolorum alias minima.', '2', 1, 9, '2020-08-12 11:20:04', '2020-08-12 11:20:04'),
(637, 'Ea repellat quam quisquam molestiae.', '1', 3, 7, '2020-08-12 11:20:04', '2020-08-12 11:20:04'),
(638, 'Rerum vel sint beatae.', '2', 22, 13, '2020-08-12 11:20:04', '2020-08-12 11:20:04'),
(639, 'Labore eos necessitatibus qui labore architecto qui in amet.', '4', 30, 15, '2020-08-12 11:20:04', '2020-08-12 11:20:04'),
(640, 'Aperiam eum et facilis debitis.', '3', 2, 13, '2020-08-12 11:20:04', '2020-08-12 11:20:04'),
(641, 'Similique veniam voluptatem architecto praesentium est voluptas.', '1', 32, 6, '2020-08-12 11:20:04', '2020-08-12 11:20:04'),
(642, 'Facere qui quia numquam laudantium aut sint amet.', '2', 57, 14, '2020-08-12 11:20:04', '2020-08-12 11:20:04'),
(643, 'Voluptas et cum natus quia sed voluptatem.', '2', 14, 11, '2020-08-12 11:20:04', '2020-08-12 11:20:04'),
(644, 'Sequi minus ipsa ex sint magni dolorum et.', '3', 55, 18, '2020-08-12 11:20:04', '2020-08-12 11:20:04'),
(645, 'Explicabo excepturi unde ut tempore sapiente dolorem.', '4', 53, 14, '2020-08-12 11:20:04', '2020-08-12 11:20:04'),
(646, 'Vel occaecati minima est ad.', '5', 65, 13, '2020-08-12 11:20:04', '2020-08-12 11:20:04'),
(647, 'Laudantium et aspernatur vitae nemo ut qui ab sint.', '5', 80, 13, '2020-08-12 11:20:04', '2020-08-12 11:20:04'),
(648, 'Officia et fugiat esse occaecati possimus temporibus.', '4', 39, 9, '2020-08-12 11:20:04', '2020-08-12 11:20:04'),
(649, 'Voluptas temporibus nostrum sed doloribus eveniet ea.', '2', 36, 11, '2020-08-12 11:20:04', '2020-08-12 11:20:04'),
(650, 'Ut quae temporibus dignissimos cupiditate minus assumenda sed.', '2', 35, 3, '2020-08-12 11:20:04', '2020-08-12 11:20:04'),
(651, 'Soluta sequi asperiores repellendus sequi rem dolore maiores.', '3', 20, 13, '2020-08-12 11:20:04', '2020-08-12 11:20:04'),
(652, 'Ut eligendi voluptate libero eveniet repellendus.', '5', 62, 1, '2020-08-12 11:20:04', '2020-08-12 11:20:04'),
(653, 'Provident quod quo inventore sunt aut.', '1', 1, 10, '2020-08-12 11:20:04', '2020-08-12 11:20:04'),
(654, 'Numquam qui est repellat.', '2', 45, 2, '2020-08-12 11:20:04', '2020-08-12 11:20:04'),
(655, 'Sit quod ut facere repudiandae.', '3', 82, 4, '2020-08-12 11:20:04', '2020-08-12 11:20:04'),
(656, 'Hic velit praesentium et totam eligendi.', '3', 61, 10, '2020-08-12 11:20:04', '2020-08-12 11:20:04'),
(657, 'Fuga omnis quis dicta sint laborum molestiae.', '1', 50, 15, '2020-08-12 11:20:04', '2020-08-12 11:20:04'),
(658, 'Ipsa id repudiandae sequi repellat blanditiis assumenda rerum cumque.', '2', 72, 18, '2020-08-12 11:20:04', '2020-08-12 11:20:04'),
(659, 'Doloribus aut exercitationem quae labore distinctio molestiae sit.', '1', 9, 3, '2020-08-12 11:20:04', '2020-08-12 11:20:04'),
(660, 'Est dicta iure qui dolore et sunt et officiis.', '5', 15, 16, '2020-08-12 11:20:04', '2020-08-12 11:20:04'),
(661, 'Necessitatibus esse vel quasi possimus accusantium ut.', '2', 8, 6, '2020-08-12 11:20:04', '2020-08-12 11:20:04'),
(662, 'Est illum voluptatibus nam ut.', '5', 16, 4, '2020-08-12 11:20:04', '2020-08-12 11:20:04'),
(663, 'Ex laboriosam cupiditate ut in non dolorem.', '3', 40, 18, '2020-08-12 11:20:04', '2020-08-12 11:20:04'),
(664, 'Et enim veritatis est similique dolores magni sint.', '4', 12, 7, '2020-08-12 11:20:04', '2020-08-12 11:20:04'),
(665, 'Quidem omnis soluta adipisci aut.', '4', 69, 13, '2020-08-12 11:20:04', '2020-08-12 11:20:04'),
(666, 'Odio nesciunt commodi eligendi dolorum.', '2', 39, 13, '2020-08-12 11:20:04', '2020-08-12 11:20:04'),
(667, 'Nihil ex nisi ut sint doloremque sed eveniet sed.', '3', 64, 15, '2020-08-12 11:20:04', '2020-08-12 11:20:04'),
(668, 'Iste perspiciatis repellat accusamus rerum.', '3', 64, 20, '2020-08-12 11:20:04', '2020-08-12 11:20:04'),
(669, 'Vero reprehenderit architecto voluptatibus ut impedit sit illo.', '3', 74, 7, '2020-08-12 11:20:04', '2020-08-12 11:20:04'),
(670, 'Laudantium voluptates occaecati mollitia ut est aperiam temporibus.', '5', 76, 14, '2020-08-12 11:20:04', '2020-08-12 11:20:04'),
(671, 'Nobis beatae totam rerum et deleniti quibusdam.', '5', 68, 3, '2020-08-12 11:20:04', '2020-08-12 11:20:04'),
(672, 'Voluptatibus assumenda voluptas consequatur voluptas incidunt praesentium.', '1', 85, 18, '2020-08-12 11:20:04', '2020-08-12 11:20:04'),
(673, 'Sint assumenda eius quam velit.', '4', 58, 13, '2020-08-12 11:20:04', '2020-08-12 11:20:04'),
(674, 'Et id vel rerum ipsa.', '5', 84, 14, '2020-08-12 11:20:04', '2020-08-12 11:20:04'),
(675, 'Ex voluptas quisquam omnis maiores est mollitia rem est.', '2', 32, 17, '2020-08-12 11:20:04', '2020-08-12 11:20:04'),
(676, 'Similique voluptas occaecati aspernatur asperiores in nam maiores error.', '4', 4, 15, '2020-08-12 11:20:04', '2020-08-12 11:20:04'),
(677, 'Et molestiae velit delectus fuga minima hic tenetur.', '4', 75, 13, '2020-08-12 11:20:04', '2020-08-12 11:20:04'),
(678, 'Pariatur numquam laboriosam laboriosam assumenda at voluptas.', '3', 54, 18, '2020-08-12 11:20:04', '2020-08-12 11:20:04'),
(679, 'Facilis quia vel minus eius et.', '2', 14, 6, '2020-08-12 11:20:04', '2020-08-12 11:20:04'),
(680, 'Qui debitis non eum.', '2', 63, 1, '2020-08-12 11:20:04', '2020-08-12 11:20:04'),
(681, 'Neque sed quia ut.', '5', 34, 14, '2020-08-12 11:20:04', '2020-08-12 11:20:04'),
(682, 'Quia in dolorem non ipsa.', '1', 84, 9, '2020-08-12 11:20:04', '2020-08-12 11:20:04'),
(683, 'Ut quae debitis quia reiciendis consectetur eligendi.', '4', 1, 16, '2020-08-12 11:20:04', '2020-08-12 11:20:04'),
(684, 'Dolores qui iusto enim ipsa officiis.', '5', 54, 12, '2020-08-12 11:20:04', '2020-08-12 11:20:04'),
(685, 'Dolorum dicta a aut et aspernatur odio consequatur voluptas.', '3', 69, 2, '2020-08-12 11:20:04', '2020-08-12 11:20:04'),
(686, 'Id asperiores exercitationem eum.', '2', 37, 13, '2020-08-12 11:20:04', '2020-08-12 11:20:04'),
(687, 'Ex quis error id voluptatem.', '1', 26, 16, '2020-08-12 11:20:04', '2020-08-12 11:20:04'),
(688, 'Vel excepturi dolor sint quasi sint a.', '5', 49, 13, '2020-08-12 11:20:04', '2020-08-12 11:20:04'),
(689, 'Vitae dolorum corporis molestias esse est reiciendis eligendi labore.', '2', 27, 9, '2020-08-12 11:20:04', '2020-08-12 11:20:04'),
(690, 'Quas et dolor vel nesciunt velit quod.', '2', 81, 4, '2020-08-12 11:20:04', '2020-08-12 11:20:04'),
(691, 'Est iste provident esse a excepturi corporis.', '1', 17, 7, '2020-08-12 11:20:04', '2020-08-12 11:20:04'),
(692, 'Ut autem iste temporibus deserunt reprehenderit commodi.', '5', 72, 18, '2020-08-12 11:20:04', '2020-08-12 11:20:04'),
(693, 'Est quaerat enim mollitia.', '4', 56, 10, '2020-08-12 11:20:04', '2020-08-12 11:20:04'),
(694, 'Dicta voluptatem temporibus vel ut deserunt.', '4', 52, 1, '2020-08-12 11:20:04', '2020-08-12 11:20:04'),
(695, 'Sit ut quia placeat consequatur error occaecati in.', '4', 45, 16, '2020-08-12 11:20:04', '2020-08-12 11:20:04'),
(696, 'Sed ipsam ut reiciendis velit.', '4', 73, 14, '2020-08-12 11:20:04', '2020-08-12 11:20:04'),
(697, 'Eum cupiditate accusantium voluptatem ut.', '1', 28, 3, '2020-08-12 11:20:04', '2020-08-12 11:20:04'),
(698, 'Ducimus ea a odit ut libero voluptas.', '3', 65, 11, '2020-08-12 11:20:04', '2020-08-12 11:20:04'),
(699, 'Nulla quam modi sapiente animi sint nobis.', '5', 86, 19, '2020-08-12 11:20:04', '2020-08-12 11:20:04'),
(700, 'Et nesciunt expedita dolore nisi qui mollitia minima.', '1', 57, 6, '2020-08-12 11:20:04', '2020-08-12 11:20:04'),
(701, 'Perferendis eum voluptate quidem voluptate.', '2', 86, 1, '2020-08-12 11:20:04', '2020-08-12 11:20:04'),
(702, 'Ab nostrum vero numquam et neque.', '5', 4, 12, '2020-08-12 11:20:04', '2020-08-12 11:20:04'),
(703, 'Neque eum a sunt illo voluptatibus magni ipsa qui.', '1', 32, 10, '2020-08-12 11:20:04', '2020-08-12 11:20:04'),
(704, 'Ut vitae modi quidem numquam magnam porro aut.', '1', 38, 4, '2020-08-12 11:20:04', '2020-08-12 11:20:04'),
(705, 'Enim sunt sed culpa voluptas voluptatem et quia.', '5', 27, 6, '2020-08-12 11:20:04', '2020-08-12 11:20:04'),
(706, 'Necessitatibus similique magnam fugit nihil dolorem laborum.', '5', 82, 16, '2020-08-12 11:20:04', '2020-08-12 11:20:04'),
(707, 'Ab amet recusandae totam nulla maiores consequatur.', '2', 67, 14, '2020-08-12 11:20:04', '2020-08-12 11:20:04'),
(708, 'Quia rerum incidunt quia voluptatem.', '3', 13, 13, '2020-08-12 11:20:04', '2020-08-12 11:20:04'),
(709, 'Nihil et inventore vel quod.', '4', 33, 1, '2020-08-12 11:20:04', '2020-08-12 11:20:04'),
(710, 'Molestiae a et omnis modi ut reiciendis quam.', '5', 8, 17, '2020-08-12 11:20:04', '2020-08-12 11:20:04'),
(711, 'Doloremque deleniti optio assumenda voluptate.', '4', 39, 13, '2020-08-12 11:20:04', '2020-08-12 11:20:04'),
(712, 'Et provident sed adipisci rerum.', '2', 53, 6, '2020-08-12 11:20:04', '2020-08-12 11:20:04'),
(713, 'Occaecati voluptatem sit laborum ut ullam eligendi.', '2', 14, 4, '2020-08-12 11:20:04', '2020-08-12 11:20:04'),
(714, 'Voluptatem asperiores qui modi est.', '1', 82, 18, '2020-08-12 11:20:04', '2020-08-12 11:20:04'),
(715, 'Nostrum dolorem blanditiis a ullam ab rerum at.', '4', 9, 17, '2020-08-12 11:20:04', '2020-08-12 11:20:04'),
(716, 'Ad culpa animi laboriosam id dolorum vero iste.', '5', 55, 15, '2020-08-12 11:20:04', '2020-08-12 11:20:04'),
(717, 'Aut animi minus quidem eos quibusdam omnis ipsa.', '1', 35, 4, '2020-08-12 11:20:04', '2020-08-12 11:20:04'),
(718, 'Quisquam voluptates molestiae est aut.', '3', 84, 20, '2020-08-12 11:20:04', '2020-08-12 11:20:04'),
(719, 'Ad nulla provident rem in praesentium.', '5', 19, 2, '2020-08-12 11:20:04', '2020-08-12 11:20:04'),
(720, 'Aliquid labore qui ea voluptatem aut qui.', '5', 17, 4, '2020-08-12 11:20:04', '2020-08-12 11:20:04'),
(721, 'Non quisquam ea sit est ex vel.', '1', 64, 19, '2020-08-12 11:20:04', '2020-08-12 11:20:04'),
(722, 'Nostrum sint rem commodi.', '3', 68, 18, '2020-08-12 11:20:04', '2020-08-12 11:20:04'),
(723, 'Consequatur quis qui aut corporis enim possimus nulla asperiores.', '2', 55, 1, '2020-08-12 11:20:04', '2020-08-12 11:20:04'),
(724, 'Ab quia optio modi qui dolores dolores velit fugit.', '5', 82, 17, '2020-08-12 11:20:04', '2020-08-12 11:20:04'),
(725, 'Quis amet ipsam molestiae suscipit.', '5', 67, 18, '2020-08-12 11:20:04', '2020-08-12 11:20:04'),
(726, 'Fugiat libero voluptates animi velit.', '2', 25, 13, '2020-08-12 11:20:04', '2020-08-12 11:20:04'),
(727, 'Et facilis occaecati aut voluptates.', '1', 64, 17, '2020-08-12 11:20:04', '2020-08-12 11:20:04'),
(728, 'Qui est et porro magnam aut ut.', '3', 30, 5, '2020-08-12 11:20:04', '2020-08-12 11:20:04'),
(729, 'Autem rerum veniam nam adipisci nemo.', '5', 34, 12, '2020-08-12 11:20:04', '2020-08-12 11:20:04'),
(730, 'Molestias dolorem nam facilis repudiandae laboriosam maxime.', '3', 46, 6, '2020-08-12 11:20:04', '2020-08-12 11:20:04'),
(731, 'Non rerum rem rerum.', '2', 71, 18, '2020-08-12 11:20:04', '2020-08-12 11:20:04'),
(732, 'Ipsum voluptatem nihil dolorem voluptatum magnam minima nulla.', '1', 34, 2, '2020-08-12 11:20:04', '2020-08-12 11:20:04'),
(733, 'Voluptas dolores mollitia voluptas ullam modi non corrupti.', '1', 6, 7, '2020-08-12 11:20:04', '2020-08-12 11:20:04'),
(734, 'Rerum aspernatur laboriosam ut velit.', '5', 59, 20, '2020-08-12 11:20:04', '2020-08-12 11:20:04'),
(735, 'Ipsa impedit et unde et dolorem aspernatur.', '1', 10, 15, '2020-08-12 11:20:04', '2020-08-12 11:20:04'),
(736, 'Numquam aut consequatur quos voluptas facilis consequatur.', '3', 45, 11, '2020-08-12 11:20:04', '2020-08-12 11:20:04'),
(737, 'Explicabo ducimus autem molestiae nostrum maiores.', '1', 43, 6, '2020-08-12 11:20:04', '2020-08-12 11:20:04'),
(738, 'Vero pariatur ut perferendis ab nobis voluptas.', '3', 7, 14, '2020-08-12 11:20:04', '2020-08-12 11:20:04'),
(739, 'Sapiente ducimus nostrum veritatis ut est repudiandae quos ipsum.', '2', 32, 12, '2020-08-12 11:20:04', '2020-08-12 11:20:04'),
(740, 'Necessitatibus ipsa et et.', '3', 16, 7, '2020-08-12 11:20:04', '2020-08-12 11:20:04'),
(741, 'Voluptatum autem molestias pariatur necessitatibus possimus nihil.', '2', 54, 14, '2020-08-12 11:20:04', '2020-08-12 11:20:04'),
(742, 'Quas corrupti maxime eos facere perspiciatis quis.', '5', 23, 18, '2020-08-12 11:20:04', '2020-08-12 11:20:04'),
(743, 'Fuga eum voluptatem iure vitae quis.', '2', 55, 8, '2020-08-12 11:20:04', '2020-08-12 11:20:04'),
(744, 'Reprehenderit aut ut dolores porro laborum.', '1', 40, 16, '2020-08-12 11:20:04', '2020-08-12 11:20:04'),
(745, 'Tempora illo fugit tempore aut dolores nesciunt repellendus.', '2', 24, 1, '2020-08-12 11:20:04', '2020-08-12 11:20:04'),
(746, 'Aut asperiores quos aut rerum nostrum et.', '4', 39, 16, '2020-08-12 11:20:04', '2020-08-12 11:20:04'),
(747, 'Ea veritatis voluptate aut quisquam dicta.', '1', 13, 11, '2020-08-12 11:20:04', '2020-08-12 11:20:04'),
(748, 'Sit sed itaque magnam id et similique ipsum.', '5', 73, 13, '2020-08-12 11:20:04', '2020-08-12 11:20:04'),
(749, 'Reiciendis nihil ducimus saepe mollitia quis.', '1', 65, 6, '2020-08-12 11:20:04', '2020-08-12 11:20:04'),
(750, 'Dolorem delectus excepturi expedita ullam veritatis.', '1', 2, 15, '2020-08-12 11:20:04', '2020-08-12 11:20:04'),
(751, 'Nemo nihil et molestiae dolorem aut dolor non.', '2', 64, 11, '2020-08-12 11:20:04', '2020-08-12 11:20:04'),
(752, 'Alias libero fugiat ea harum sed eligendi consequatur.', '3', 36, 8, '2020-08-12 11:20:04', '2020-08-12 11:20:04'),
(753, 'Molestiae reprehenderit non corrupti rerum ratione atque.', '5', 1, 13, '2020-08-12 11:20:04', '2020-08-12 11:20:04'),
(754, 'Omnis odio molestias modi iste.', '1', 39, 17, '2020-08-12 11:20:04', '2020-08-12 11:20:04'),
(755, 'Fuga sed sequi aut mollitia rem corrupti.', '2', 27, 6, '2020-08-12 11:20:04', '2020-08-12 11:20:04'),
(756, 'Et sequi fugit ut eum qui aut similique.', '4', 52, 3, '2020-08-12 11:20:04', '2020-08-12 11:20:04'),
(757, 'Veritatis est dolore quo praesentium et repudiandae.', '3', 21, 11, '2020-08-12 11:20:04', '2020-08-12 11:20:04'),
(758, 'Qui sed earum aut non.', '5', 30, 17, '2020-08-12 11:20:04', '2020-08-12 11:20:04'),
(759, 'Tenetur sed dicta maiores aut reprehenderit corporis.', '1', 22, 3, '2020-08-12 11:20:04', '2020-08-12 11:20:04'),
(760, 'Minima consequatur itaque est qui aut consequatur eius.', '5', 24, 1, '2020-08-12 11:20:04', '2020-08-12 11:20:04'),
(761, 'Sit occaecati similique magnam commodi.', '5', 46, 5, '2020-08-12 11:20:04', '2020-08-12 11:20:04'),
(762, 'Expedita nam quia ea praesentium.', '1', 29, 3, '2020-08-12 11:20:04', '2020-08-12 11:20:04'),
(763, 'Deserunt voluptates inventore provident officia veritatis consequatur quaerat.', '3', 75, 3, '2020-08-12 11:20:04', '2020-08-12 11:20:04'),
(764, 'Ex voluptatem nesciunt et.', '5', 63, 10, '2020-08-12 11:20:04', '2020-08-12 11:20:04'),
(765, 'Nostrum ipsam atque voluptatem.', '1', 29, 2, '2020-08-12 11:20:04', '2020-08-12 11:20:04'),
(766, 'Sapiente quas veritatis quia.', '1', 38, 17, '2020-08-12 11:20:04', '2020-08-12 11:20:04'),
(767, 'Quia quam rerum cupiditate et.', '1', 53, 18, '2020-08-12 11:20:04', '2020-08-12 11:20:04'),
(768, 'Quam aut est autem rerum earum in.', '3', 24, 4, '2020-08-12 11:20:04', '2020-08-12 11:20:04'),
(769, 'Consequatur qui ut praesentium et consectetur ea eligendi temporibus.', '4', 14, 13, '2020-08-12 11:20:04', '2020-08-12 11:20:04'),
(770, 'Laborum laudantium cum deserunt accusamus.', '5', 22, 3, '2020-08-12 11:20:04', '2020-08-12 11:20:04'),
(771, 'Aut est saepe quaerat quaerat fugiat est rem.', '5', 84, 6, '2020-08-12 11:20:04', '2020-08-12 11:20:04'),
(772, 'Tenetur iusto aspernatur distinctio cupiditate voluptatem quia eius.', '4', 83, 13, '2020-08-12 11:20:04', '2020-08-12 11:20:04'),
(773, 'Molestiae inventore dignissimos doloribus quo quo quae.', '3', 79, 7, '2020-08-12 11:20:04', '2020-08-12 11:20:04'),
(774, 'Sunt ducimus et rerum facere ut.', '5', 73, 13, '2020-08-12 11:20:04', '2020-08-12 11:20:04'),
(775, 'Atque distinctio consequatur totam.', '4', 12, 12, '2020-08-12 11:20:04', '2020-08-12 11:20:04'),
(776, 'Sint distinctio qui corporis rerum quia fugit.', '4', 77, 20, '2020-08-12 11:20:04', '2020-08-12 11:20:04'),
(777, 'Nihil provident incidunt qui.', '1', 66, 4, '2020-08-12 11:20:04', '2020-08-12 11:20:04'),
(778, 'Rem perspiciatis quia eligendi amet.', '5', 86, 15, '2020-08-12 11:20:04', '2020-08-12 11:20:04'),
(779, 'Id fugiat autem similique iure minus quis et.', '2', 6, 11, '2020-08-12 11:20:04', '2020-08-12 11:20:04'),
(780, 'Sunt veniam asperiores voluptas nisi impedit.', '5', 43, 16, '2020-08-12 11:20:04', '2020-08-12 11:20:04'),
(781, 'Quibusdam eligendi et in et distinctio voluptates.', '1', 70, 14, '2020-08-12 11:20:04', '2020-08-12 11:20:04'),
(782, 'Delectus est provident praesentium minima voluptas itaque sunt praesentium.', '4', 59, 15, '2020-08-12 11:20:04', '2020-08-12 11:20:04'),
(783, 'Aspernatur voluptatum adipisci aut earum autem.', '1', 30, 2, '2020-08-12 11:20:04', '2020-08-12 11:20:04'),
(784, 'Excepturi aut unde dolorem.', '1', 56, 16, '2020-08-12 11:20:04', '2020-08-12 11:20:04'),
(785, 'Odio praesentium unde sunt qui temporibus dolor.', '5', 24, 17, '2020-08-12 11:20:04', '2020-08-12 11:20:04'),
(786, 'Ut ut maxime in non labore et nesciunt.', '2', 7, 13, '2020-08-12 11:20:04', '2020-08-12 11:20:04'),
(787, 'Hic illo dolor unde saepe vel.', '3', 43, 11, '2020-08-12 11:20:04', '2020-08-12 11:20:04'),
(788, 'Suscipit reprehenderit qui et ut rem.', '3', 3, 15, '2020-08-12 11:20:04', '2020-08-12 11:20:04'),
(789, 'Voluptas temporibus ipsum eveniet non necessitatibus enim.', '2', 70, 6, '2020-08-12 11:20:04', '2020-08-12 11:20:04'),
(790, 'Debitis libero recusandae veritatis totam veniam.', '4', 62, 7, '2020-08-12 11:20:04', '2020-08-12 11:20:04'),
(791, 'Non ipsa voluptatum unde id quas veniam maxime aspernatur.', '1', 78, 8, '2020-08-12 11:20:04', '2020-08-12 11:20:04'),
(792, 'Laudantium qui natus aperiam rerum doloribus.', '1', 72, 4, '2020-08-12 11:20:04', '2020-08-12 11:20:04'),
(793, 'Delectus id blanditiis aspernatur molestias.', '5', 40, 3, '2020-08-12 11:20:04', '2020-08-12 11:20:04'),
(794, 'Dolor quae qui officia omnis eos.', '3', 9, 18, '2020-08-12 11:20:04', '2020-08-12 11:20:04'),
(795, 'Corrupti ut rerum enim aliquam corrupti dolores.', '1', 11, 14, '2020-08-12 11:20:04', '2020-08-12 11:20:04'),
(796, 'Officiis voluptas dolores fuga qui a quo iste.', '4', 54, 16, '2020-08-12 11:20:04', '2020-08-12 11:20:04'),
(797, 'Tempore deleniti similique voluptatibus quod iste tempore.', '4', 2, 4, '2020-08-12 11:20:04', '2020-08-12 11:20:04'),
(798, 'Aut impedit id sit.', '4', 46, 8, '2020-08-12 11:20:04', '2020-08-12 11:20:04'),
(799, 'Quia autem voluptate fugiat est sit fugiat.', '4', 3, 17, '2020-08-12 11:20:04', '2020-08-12 11:20:04'),
(800, 'Et rerum officiis atque non blanditiis quia qui quaerat.', '5', 27, 12, '2020-08-12 11:20:04', '2020-08-12 11:20:04'),
(801, 'Recusandae quasi provident dolor ullam.', '1', 17, 11, '2020-08-12 11:20:04', '2020-08-12 11:20:04'),
(802, 'Corrupti non autem laborum odit.', '1', 16, 6, '2020-08-12 11:20:04', '2020-08-12 11:20:04'),
(803, 'Minima molestiae quia fugit voluptas corporis et debitis et.', '3', 4, 8, '2020-08-12 11:20:04', '2020-08-12 11:20:04'),
(804, 'Saepe minima velit quisquam temporibus nam eaque velit.', '1', 57, 7, '2020-08-12 11:20:04', '2020-08-12 11:20:04'),
(805, 'Amet praesentium hic doloremque ea eum blanditiis.', '1', 26, 14, '2020-08-12 11:20:04', '2020-08-12 11:20:04'),
(806, 'Excepturi eos sapiente qui amet quo.', '4', 40, 16, '2020-08-12 11:20:04', '2020-08-12 11:20:04'),
(807, 'Ea sequi aut totam quasi.', '3', 50, 15, '2020-08-12 11:20:04', '2020-08-12 11:20:04'),
(808, 'Voluptas facere voluptatem tempora qui deleniti ipsam ducimus.', '5', 75, 4, '2020-08-12 11:20:04', '2020-08-12 11:20:04'),
(809, 'Aut voluptas natus quis sint vel optio qui neque.', '4', 67, 2, '2020-08-12 11:20:04', '2020-08-12 11:20:04'),
(810, 'Vero voluptatem et molestiae aut aut.', '3', 56, 7, '2020-08-12 11:20:04', '2020-08-12 11:20:04'),
(811, 'Nemo rem optio quis optio nulla officia.', '3', 65, 9, '2020-08-12 11:20:04', '2020-08-12 11:20:04'),
(812, 'Corrupti delectus dicta quis qui.', '1', 38, 15, '2020-08-12 11:20:04', '2020-08-12 11:20:04'),
(813, 'A sunt modi et.', '1', 66, 15, '2020-08-12 11:20:04', '2020-08-12 11:20:04'),
(814, 'Non nihil commodi atque.', '5', 59, 2, '2020-08-12 11:20:04', '2020-08-12 11:20:04'),
(815, 'Sed quaerat a sit repellat consequatur ex aut.', '3', 62, 20, '2020-08-12 11:20:04', '2020-08-12 11:20:04'),
(816, 'Non quia et exercitationem sed dolorum aut omnis.', '4', 83, 4, '2020-08-12 11:20:04', '2020-08-12 11:20:04'),
(817, 'Hic deserunt nesciunt possimus non.', '4', 38, 5, '2020-08-12 11:20:04', '2020-08-12 11:20:04'),
(818, 'Minima vitae veritatis iste ut voluptatem eos.', '2', 31, 19, '2020-08-12 11:20:04', '2020-08-12 11:20:04'),
(819, 'Est dolorum dolorem ducimus laudantium voluptatem est qui.', '3', 20, 20, '2020-08-12 11:20:04', '2020-08-12 11:20:04'),
(820, 'Magni rerum illo non quas.', '5', 20, 15, '2020-08-12 11:20:04', '2020-08-12 11:20:04'),
(821, 'Assumenda ex ea rem harum tenetur voluptatem doloribus.', '1', 86, 19, '2020-08-12 11:20:04', '2020-08-12 11:20:04'),
(822, 'Illum ipsa tenetur adipisci aut sint voluptatum ea.', '4', 55, 10, '2020-08-12 11:20:04', '2020-08-12 11:20:04'),
(823, 'Sapiente eos maxime totam laborum optio quia.', '1', 80, 6, '2020-08-12 11:20:04', '2020-08-12 11:20:04'),
(824, 'Nemo sint nemo voluptates ut ab reprehenderit magnam.', '5', 85, 8, '2020-08-12 11:20:04', '2020-08-12 11:20:04'),
(825, 'In asperiores consequuntur dolorem quae libero.', '4', 27, 13, '2020-08-12 11:20:04', '2020-08-12 11:20:04'),
(826, 'Eum voluptatem laudantium aspernatur ut.', '5', 5, 6, '2020-08-12 11:20:04', '2020-08-12 11:20:04'),
(827, 'Id delectus reprehenderit reiciendis unde.', '3', 41, 12, '2020-08-12 11:20:04', '2020-08-12 11:20:04'),
(828, 'Officiis quos enim cum laboriosam aut aut.', '4', 79, 15, '2020-08-12 11:20:04', '2020-08-12 11:20:04'),
(829, 'Dolorem fuga officia quisquam omnis.', '3', 15, 15, '2020-08-12 11:20:04', '2020-08-12 11:20:04'),
(830, 'Quasi alias necessitatibus praesentium voluptatum nobis quidem.', '5', 29, 10, '2020-08-12 11:20:04', '2020-08-12 11:20:04'),
(831, 'Voluptatem eaque voluptates magni harum.', '3', 79, 9, '2020-08-12 11:20:04', '2020-08-12 11:20:04'),
(832, 'Aut at rerum suscipit.', '2', 7, 15, '2020-08-12 11:20:04', '2020-08-12 11:20:04'),
(833, 'Qui aperiam eius aperiam tempore.', '2', 85, 13, '2020-08-12 11:20:04', '2020-08-12 11:20:04'),
(834, 'Nihil possimus deserunt laborum dolor odit.', '5', 61, 6, '2020-08-12 11:20:04', '2020-08-12 11:20:04'),
(835, 'Atque nisi quod repellendus.', '4', 42, 6, '2020-08-12 11:20:04', '2020-08-12 11:20:04'),
(836, 'Est odit magni quia.', '1', 58, 15, '2020-08-12 11:20:04', '2020-08-12 11:20:04'),
(837, 'Veritatis ab non eos error.', '2', 40, 7, '2020-08-12 11:20:04', '2020-08-12 11:20:04'),
(838, 'Reiciendis et illum ea voluptas minima placeat quisquam.', '1', 44, 20, '2020-08-12 11:20:04', '2020-08-12 11:20:04'),
(839, 'Sit rerum rem ratione ipsam harum est.', '4', 33, 8, '2020-08-12 11:20:04', '2020-08-12 11:20:04'),
(840, 'Laudantium aspernatur culpa occaecati esse et eum voluptatem totam.', '4', 84, 16, '2020-08-12 11:20:04', '2020-08-12 11:20:04'),
(841, 'Aut totam cum velit nam reiciendis error.', '3', 19, 11, '2020-08-12 11:20:04', '2020-08-12 11:20:04'),
(842, 'Autem optio doloribus dicta fuga.', '3', 83, 15, '2020-08-12 11:20:04', '2020-08-12 11:20:04'),
(843, 'Deserunt laboriosam quidem numquam ut soluta ab ex autem.', '1', 18, 1, '2020-08-12 11:20:04', '2020-08-12 11:20:04'),
(844, 'Consequuntur praesentium sequi soluta perspiciatis consequatur ipsam voluptate amet.', '2', 3, 9, '2020-08-12 11:20:04', '2020-08-12 11:20:04'),
(845, 'Itaque et perferendis molestiae consequatur officia iure a.', '5', 30, 5, '2020-08-12 11:20:04', '2020-08-12 11:20:04'),
(846, 'Voluptate laborum sunt qui qui dignissimos animi aut sunt.', '5', 47, 10, '2020-08-12 11:20:04', '2020-08-12 11:20:04'),
(847, 'Reprehenderit nesciunt voluptates qui non aut ullam.', '1', 44, 2, '2020-08-12 11:20:04', '2020-08-12 11:20:04'),
(848, 'Dolorum qui nisi dolore quia maiores ullam aut.', '3', 78, 16, '2020-08-12 11:20:04', '2020-08-12 11:20:04'),
(849, 'Consequuntur et harum nostrum quia ex nisi.', '5', 48, 19, '2020-08-12 11:20:04', '2020-08-12 11:20:04'),
(850, 'Sed illo sint repudiandae error et.', '1', 75, 20, '2020-08-12 11:20:04', '2020-08-12 11:20:04'),
(851, 'Nam culpa fugit magni eum voluptatem.', '3', 56, 16, '2020-08-12 11:20:04', '2020-08-12 11:20:04'),
(852, 'Fuga voluptatem dolorum consequatur ea quibusdam modi.', '1', 52, 15, '2020-08-12 11:20:04', '2020-08-12 11:20:04'),
(853, 'Rerum illo rerum soluta ut expedita totam.', '4', 31, 20, '2020-08-12 11:20:04', '2020-08-12 11:20:04'),
(854, 'Nostrum nostrum eligendi sit in dignissimos.', '3', 16, 19, '2020-08-12 11:20:04', '2020-08-12 11:20:04'),
(855, 'Quia dignissimos sit eum nesciunt.', '2', 36, 15, '2020-08-12 11:20:04', '2020-08-12 11:20:04'),
(856, 'Nihil et consequatur commodi aliquam adipisci et aliquam aut.', '4', 50, 11, '2020-08-12 11:20:04', '2020-08-12 11:20:04'),
(857, 'Beatae quaerat harum repellendus soluta nulla harum tenetur.', '2', 75, 9, '2020-08-12 11:20:04', '2020-08-12 11:20:04'),
(858, 'Minus quasi culpa itaque est itaque aspernatur vel.', '1', 40, 13, '2020-08-12 11:20:04', '2020-08-12 11:20:04'),
(859, 'Unde suscipit dolor sed quo et qui quisquam.', '5', 2, 17, '2020-08-12 11:20:04', '2020-08-12 11:20:04'),
(860, 'Repudiandae accusantium rerum soluta sed iste repellat.', '2', 37, 16, '2020-08-12 11:20:04', '2020-08-12 11:20:04'),
(861, 'Corrupti eligendi maiores qui sed nulla temporibus vero asperiores.', '4', 37, 4, '2020-08-12 11:20:04', '2020-08-12 11:20:04'),
(862, 'Temporibus hic fugiat iure iste libero ipsam quas.', '4', 51, 8, '2020-08-12 11:20:04', '2020-08-12 11:20:04'),
(863, 'Velit ea temporibus est.', '4', 52, 14, '2020-08-12 11:20:04', '2020-08-12 11:20:04'),
(864, 'Suscipit nostrum rerum eius laudantium sed.', '2', 76, 5, '2020-08-12 11:20:04', '2020-08-12 11:20:04'),
(865, 'Facilis quae cum nulla dolor rerum.', '4', 81, 18, '2020-08-12 11:20:04', '2020-08-12 11:20:04'),
(866, 'Nulla velit temporibus occaecati non.', '2', 56, 14, '2020-08-12 11:20:04', '2020-08-12 11:20:04'),
(867, 'Modi qui quas fugit modi temporibus exercitationem.', '2', 55, 14, '2020-08-12 11:20:04', '2020-08-12 11:20:04'),
(868, 'Nulla commodi tenetur eligendi explicabo doloribus.', '1', 62, 8, '2020-08-12 11:20:04', '2020-08-12 11:20:04'),
(869, 'Voluptas quas tempore nobis ab doloremque ex.', '2', 65, 2, '2020-08-12 11:20:04', '2020-08-12 11:20:04'),
(870, 'Placeat ut architecto at ea fugit quidem.', '4', 71, 18, '2020-08-12 11:20:04', '2020-08-12 11:20:04'),
(871, 'Consequatur debitis modi placeat dolor asperiores.', '3', 32, 17, '2020-08-12 11:20:04', '2020-08-12 11:20:04'),
(872, 'Aut architecto aut quis in qui quia dolores.', '2', 36, 20, '2020-08-12 11:20:04', '2020-08-12 11:20:04'),
(873, 'Molestiae et assumenda et a vel est pariatur.', '5', 30, 19, '2020-08-12 11:20:04', '2020-08-12 11:20:04'),
(874, 'Ut eveniet earum provident praesentium aliquid.', '4', 83, 3, '2020-08-12 11:20:04', '2020-08-12 11:20:04'),
(875, 'Earum consectetur non mollitia iste.', '1', 36, 19, '2020-08-12 11:20:04', '2020-08-12 11:20:04'),
(876, 'Cum quas dicta quod aut.', '3', 52, 16, '2020-08-12 11:20:04', '2020-08-12 11:20:04'),
(877, 'Iusto quos aut similique maiores et eligendi sapiente.', '3', 14, 4, '2020-08-12 11:20:04', '2020-08-12 11:20:04'),
(878, 'Possimus cupiditate laboriosam aliquid perferendis soluta.', '4', 17, 4, '2020-08-12 11:20:04', '2020-08-12 11:20:04'),
(879, 'Nihil neque culpa est qui et ipsa.', '1', 19, 8, '2020-08-12 11:20:04', '2020-08-12 11:20:04'),
(880, 'Eius distinctio odio doloremque veritatis esse.', '1', 28, 19, '2020-08-12 11:20:04', '2020-08-12 11:20:04'),
(881, 'Incidunt animi voluptatem ipsa.', '5', 10, 2, '2020-08-12 11:20:04', '2020-08-12 11:20:04'),
(882, 'Ut voluptatem quibusdam quisquam rerum quisquam.', '4', 22, 11, '2020-08-12 11:20:04', '2020-08-12 11:20:04'),
(883, 'Deleniti ratione consequuntur molestiae atque.', '4', 28, 12, '2020-08-12 11:20:04', '2020-08-12 11:20:04'),
(884, 'Exercitationem nobis quod dolore quam minima dolor.', '3', 53, 8, '2020-08-12 11:20:04', '2020-08-12 11:20:04'),
(885, 'Temporibus itaque quam ullam voluptatem consectetur.', '4', 41, 6, '2020-08-12 11:20:04', '2020-08-12 11:20:04'),
(886, 'Placeat suscipit illo harum qui molestiae porro.', '3', 32, 17, '2020-08-12 11:20:04', '2020-08-12 11:20:04'),
(887, 'Ducimus facilis necessitatibus atque ratione optio.', '1', 80, 1, '2020-08-12 11:20:04', '2020-08-12 11:20:04'),
(888, 'Aut voluptatem temporibus sint voluptas.', '2', 9, 11, '2020-08-12 11:20:04', '2020-08-12 11:20:04'),
(889, 'Error nobis facere officia vitae.', '1', 19, 9, '2020-08-12 11:20:04', '2020-08-12 11:20:04'),
(890, 'Est ex aut ducimus.', '3', 37, 6, '2020-08-12 11:20:04', '2020-08-12 11:20:04'),
(891, 'Eum praesentium saepe reprehenderit.', '2', 59, 10, '2020-08-12 11:20:04', '2020-08-12 11:20:04'),
(892, 'Modi suscipit et sint et sint.', '1', 62, 5, '2020-08-12 11:20:04', '2020-08-12 11:20:04'),
(893, 'Nobis voluptatem sed est dolorum consequatur minus.', '5', 53, 8, '2020-08-12 11:20:04', '2020-08-12 11:20:04'),
(894, 'Vero impedit odit voluptatum illo sint nam.', '3', 14, 2, '2020-08-12 11:20:04', '2020-08-12 11:20:04'),
(895, 'Debitis reiciendis aut fugit enim maiores.', '5', 10, 4, '2020-08-12 11:20:04', '2020-08-12 11:20:04');
INSERT INTO `reviews` (`id`, `content`, `rate`, `course_id`, `student_id`, `created_at`, `updated_at`) VALUES
(896, 'Expedita aperiam consequatur est reprehenderit.', '2', 53, 12, '2020-08-12 11:20:04', '2020-08-12 11:20:04'),
(897, 'Et error dolorem consequatur distinctio.', '4', 42, 10, '2020-08-12 11:20:04', '2020-08-12 11:20:04'),
(898, 'Voluptatem similique accusamus harum aut dignissimos.', '4', 85, 3, '2020-08-12 11:20:04', '2020-08-12 11:20:04'),
(899, 'Neque nesciunt delectus quis occaecati dolor dolores inventore deleniti.', '4', 86, 13, '2020-08-12 11:20:04', '2020-08-12 11:20:04'),
(900, 'Magnam eum at eum blanditiis minus quae.', '5', 31, 3, '2020-08-12 11:20:04', '2020-08-12 11:20:04'),
(901, 'Saepe consequatur id autem cumque enim numquam.', '2', 10, 17, '2020-08-12 11:20:04', '2020-08-12 11:20:04'),
(902, 'Quis quidem maxime corporis sit optio velit enim.', '1', 77, 9, '2020-08-12 11:20:04', '2020-08-12 11:20:04'),
(903, 'Ad sit odit esse numquam.', '4', 65, 3, '2020-08-12 11:20:04', '2020-08-12 11:20:04'),
(904, 'Et quis ex assumenda inventore tenetur dolor omnis.', '2', 38, 5, '2020-08-12 11:20:04', '2020-08-12 11:20:04'),
(905, 'Provident perspiciatis debitis omnis odio labore culpa.', '4', 56, 3, '2020-08-12 11:20:04', '2020-08-12 11:20:04'),
(906, 'Autem fugit nisi similique provident et in.', '3', 52, 12, '2020-08-12 11:20:04', '2020-08-12 11:20:04'),
(907, 'Expedita excepturi autem nesciunt nemo.', '4', 10, 2, '2020-08-12 11:20:04', '2020-08-12 11:20:04'),
(908, 'Eos atque qui voluptatibus natus temporibus aliquam.', '2', 47, 10, '2020-08-12 11:20:04', '2020-08-12 11:20:04'),
(909, 'Sunt itaque repellendus molestiae assumenda quis atque voluptatibus ad.', '3', 59, 13, '2020-08-12 11:20:04', '2020-08-12 11:20:04'),
(910, 'Ut rerum ut culpa rerum.', '1', 10, 13, '2020-08-12 11:20:04', '2020-08-12 11:20:04'),
(911, 'Aliquid tenetur et optio quia.', '5', 83, 5, '2020-08-12 11:20:04', '2020-08-12 11:20:04'),
(912, 'Ipsum aut non numquam architecto laudantium velit laboriosam.', '4', 45, 10, '2020-08-12 11:20:04', '2020-08-12 11:20:04'),
(913, 'Eos libero et praesentium voluptatibus similique.', '5', 62, 4, '2020-08-12 11:20:04', '2020-08-12 11:20:04'),
(914, 'Labore ducimus perspiciatis modi voluptas qui omnis magnam.', '5', 80, 17, '2020-08-12 11:20:04', '2020-08-12 11:20:04'),
(915, 'Placeat ut est in alias cupiditate sed commodi.', '1', 8, 13, '2020-08-12 11:20:04', '2020-08-12 11:20:04'),
(916, 'Veniam similique voluptatem et.', '3', 47, 10, '2020-08-12 11:20:04', '2020-08-12 11:20:04'),
(917, 'Accusamus mollitia quo nemo pariatur nisi eos et.', '2', 75, 18, '2020-08-12 11:20:04', '2020-08-12 11:20:04'),
(918, 'Hic dolorem neque temporibus repellendus sint.', '5', 63, 16, '2020-08-12 11:20:04', '2020-08-12 11:20:04'),
(919, 'Cum earum asperiores libero maiores non iure saepe nihil.', '2', 74, 3, '2020-08-12 11:20:04', '2020-08-12 11:20:04'),
(920, 'Nihil harum earum nesciunt illum consequuntur.', '4', 83, 7, '2020-08-12 11:20:04', '2020-08-12 11:20:04'),
(921, 'Praesentium deserunt asperiores temporibus qui iure corporis magnam nobis.', '4', 71, 14, '2020-08-12 11:20:04', '2020-08-12 11:20:04'),
(922, 'Natus repudiandae corporis minus alias nisi sapiente qui aut.', '2', 35, 18, '2020-08-12 11:20:04', '2020-08-12 11:20:04'),
(923, 'Excepturi cupiditate voluptas ex distinctio.', '2', 43, 7, '2020-08-12 11:20:04', '2020-08-12 11:20:04'),
(924, 'Nihil unde ipsa molestias perferendis id ratione sint.', '3', 4, 19, '2020-08-12 11:20:04', '2020-08-12 11:20:04'),
(925, 'Minus minima voluptas nesciunt blanditiis repellat consequatur.', '4', 66, 2, '2020-08-12 11:20:04', '2020-08-12 11:20:04'),
(926, 'Repellat dolorum necessitatibus et quaerat.', '1', 82, 14, '2020-08-12 11:20:04', '2020-08-12 11:20:04'),
(927, 'Expedita voluptas quo repellendus adipisci placeat qui.', '4', 83, 9, '2020-08-12 11:20:04', '2020-08-12 11:20:04'),
(928, 'Dolor dolor et dolor odit id quibusdam illum.', '5', 77, 15, '2020-08-12 11:20:04', '2020-08-12 11:20:04'),
(929, 'Minima laudantium mollitia nobis.', '1', 21, 3, '2020-08-12 11:20:04', '2020-08-12 11:20:04'),
(930, 'Eum quia non provident provident tenetur qui quisquam.', '4', 17, 9, '2020-08-12 11:20:04', '2020-08-12 11:20:04'),
(931, 'Qui vel eos delectus fuga pariatur ut at.', '4', 83, 15, '2020-08-12 11:20:04', '2020-08-12 11:20:04'),
(932, 'Error architecto modi ut unde sit vel explicabo.', '5', 4, 9, '2020-08-12 11:20:04', '2020-08-12 11:20:04'),
(933, 'Facere qui id eveniet et.', '4', 1, 5, '2020-08-12 11:20:04', '2020-08-12 11:20:04'),
(934, 'Quam sunt qui non ea enim amet.', '1', 85, 7, '2020-08-12 11:20:04', '2020-08-12 11:20:04'),
(935, 'Assumenda omnis amet in sed quisquam aut.', '5', 18, 14, '2020-08-12 11:20:04', '2020-08-12 11:20:04'),
(936, 'Fugit doloremque quia nisi et dolores quidem assumenda aspernatur.', '4', 30, 12, '2020-08-12 11:20:04', '2020-08-12 11:20:04'),
(937, 'Quos soluta aliquid aut quis similique explicabo.', '5', 74, 4, '2020-08-12 11:20:04', '2020-08-12 11:20:04'),
(938, 'Laboriosam ratione itaque sint aperiam tenetur ut eum.', '2', 22, 20, '2020-08-12 11:20:04', '2020-08-12 11:20:04'),
(939, 'Exercitationem est omnis laboriosam quaerat iure facilis.', '2', 54, 10, '2020-08-12 11:20:04', '2020-08-12 11:20:04'),
(940, 'Consequatur ex a iure quia rerum repellendus eos.', '3', 35, 19, '2020-08-12 11:20:04', '2020-08-12 11:20:04'),
(941, 'Id asperiores tempora dolore.', '3', 77, 2, '2020-08-12 11:20:04', '2020-08-12 11:20:04'),
(942, 'Nostrum quia vel consequatur praesentium reiciendis eius qui.', '1', 57, 10, '2020-08-12 11:20:04', '2020-08-12 11:20:04'),
(943, 'Eveniet magnam exercitationem atque placeat voluptatem in.', '3', 15, 14, '2020-08-12 11:20:04', '2020-08-12 11:20:04'),
(944, 'Nesciunt a ut alias magni id.', '4', 38, 2, '2020-08-12 11:20:04', '2020-08-12 11:20:04'),
(945, 'Et at vel unde.', '3', 64, 8, '2020-08-12 11:20:04', '2020-08-12 11:20:04'),
(946, 'Aut est quis saepe tenetur.', '3', 74, 1, '2020-08-12 11:20:04', '2020-08-12 11:20:04'),
(947, 'Officiis iusto dolorem eaque at voluptatum voluptas tenetur.', '3', 29, 14, '2020-08-12 11:20:04', '2020-08-12 11:20:04'),
(948, 'Amet doloribus est veniam est laborum aut.', '1', 25, 3, '2020-08-12 11:20:04', '2020-08-12 11:20:04'),
(949, 'Dolorem dolorem et suscipit quo aut beatae.', '2', 76, 17, '2020-08-12 11:20:04', '2020-08-12 11:20:04'),
(950, 'Ipsa doloribus voluptatibus eos sed autem non architecto.', '4', 40, 20, '2020-08-12 11:20:04', '2020-08-12 11:20:04'),
(951, 'Totam sunt reprehenderit maiores earum ad quo.', '2', 14, 1, '2020-08-12 11:20:04', '2020-08-12 11:20:04'),
(952, 'Sit voluptatibus est omnis autem error possimus voluptate expedita.', '4', 32, 1, '2020-08-12 11:20:04', '2020-08-12 11:20:04'),
(953, 'Iure omnis libero necessitatibus quidem velit aut dolorem.', '5', 80, 2, '2020-08-12 11:20:04', '2020-08-12 11:20:04'),
(954, 'Reiciendis harum voluptatibus quia ut sit.', '3', 76, 6, '2020-08-12 11:20:04', '2020-08-12 11:20:04'),
(955, 'Similique autem aut placeat nobis in quam voluptatum vel.', '3', 14, 18, '2020-08-12 11:20:04', '2020-08-12 11:20:04'),
(956, 'Voluptas quidem et animi ipsum est minus animi.', '4', 28, 9, '2020-08-12 11:20:04', '2020-08-12 11:20:04'),
(957, 'Voluptatibus numquam deleniti officiis porro.', '3', 84, 12, '2020-08-12 11:20:04', '2020-08-12 11:20:04'),
(958, 'Cum rerum aut sed consequatur sint.', '3', 65, 1, '2020-08-12 11:20:04', '2020-08-12 11:20:04'),
(959, 'Cumque velit cumque laudantium.', '3', 71, 7, '2020-08-12 11:20:04', '2020-08-12 11:20:04'),
(960, 'Aut nobis sed sit quos.', '4', 85, 18, '2020-08-12 11:20:04', '2020-08-12 11:20:04'),
(961, 'Reprehenderit fugiat ut est aut ut.', '2', 54, 9, '2020-08-12 11:20:04', '2020-08-12 11:20:04'),
(962, 'Enim veritatis sit sapiente quia dolores.', '2', 41, 15, '2020-08-12 11:20:04', '2020-08-12 11:20:04'),
(963, 'Saepe perspiciatis minima vel nostrum natus eum.', '1', 10, 6, '2020-08-12 11:20:04', '2020-08-12 11:20:04'),
(964, 'Omnis et exercitationem quaerat non.', '1', 53, 10, '2020-08-12 11:20:04', '2020-08-12 11:20:04'),
(965, 'Ut sequi mollitia minima nesciunt ab.', '4', 33, 4, '2020-08-12 11:20:04', '2020-08-12 11:20:04'),
(966, 'Aut reprehenderit hic sequi provident vero voluptatibus porro.', '2', 51, 17, '2020-08-12 11:20:04', '2020-08-12 11:20:04'),
(967, 'Recusandae dolores accusamus qui aliquid repudiandae labore.', '2', 38, 9, '2020-08-12 11:20:04', '2020-08-12 11:20:04'),
(968, 'Ut voluptatem quod sit nam similique aut.', '4', 36, 3, '2020-08-12 11:20:04', '2020-08-12 11:20:04'),
(969, 'Ratione quam omnis ut nobis mollitia modi.', '4', 14, 16, '2020-08-12 11:20:04', '2020-08-12 11:20:04'),
(970, 'Voluptatem odio qui nostrum est in.', '2', 66, 9, '2020-08-12 11:20:04', '2020-08-12 11:20:04'),
(971, 'Accusamus voluptas impedit illo modi sapiente tempore.', '3', 45, 7, '2020-08-12 11:20:04', '2020-08-12 11:20:04'),
(972, 'Mollitia rerum adipisci exercitationem facere error.', '2', 9, 3, '2020-08-12 11:20:04', '2020-08-12 11:20:04'),
(973, 'Quo et dignissimos et qui dolorem non.', '2', 1, 13, '2020-08-12 11:20:04', '2020-08-12 11:20:04'),
(974, 'Pariatur quo ipsam quam sint impedit unde.', '4', 68, 2, '2020-08-12 11:20:04', '2020-08-12 11:20:04'),
(975, 'Nam quam nostrum sed nesciunt eligendi assumenda.', '4', 34, 9, '2020-08-12 11:20:04', '2020-08-12 11:20:04'),
(976, 'Enim sint a blanditiis molestiae consequatur.', '1', 59, 11, '2020-08-12 11:20:04', '2020-08-12 11:20:04'),
(977, 'Totam ut debitis occaecati ut ut maxime.', '1', 57, 5, '2020-08-12 11:20:04', '2020-08-12 11:20:04'),
(978, 'Magnam cumque deserunt sit perspiciatis fugit impedit saepe.', '2', 72, 11, '2020-08-12 11:20:04', '2020-08-12 11:20:04'),
(979, 'Et quo et vel repellendus deserunt et exercitationem.', '1', 13, 11, '2020-08-12 11:20:04', '2020-08-12 11:20:04'),
(980, 'Et sed et non non.', '4', 39, 11, '2020-08-12 11:20:04', '2020-08-12 11:20:04'),
(981, 'In voluptates corrupti quia.', '5', 4, 4, '2020-08-12 11:20:04', '2020-08-12 11:20:04'),
(982, 'Ea illum rerum voluptate molestias.', '4', 53, 10, '2020-08-12 11:20:04', '2020-08-12 11:20:04'),
(983, 'Nihil molestiae laboriosam repudiandae quaerat ea.', '1', 75, 11, '2020-08-12 11:20:04', '2020-08-12 11:20:04'),
(984, 'Qui consectetur iusto aspernatur quia minima.', '4', 62, 18, '2020-08-12 11:20:04', '2020-08-12 11:20:04'),
(985, 'Accusantium temporibus vero reiciendis dolorem.', '5', 84, 2, '2020-08-12 11:20:04', '2020-08-12 11:20:04'),
(986, 'Explicabo beatae aut hic quaerat quaerat vel.', '4', 73, 15, '2020-08-12 11:20:04', '2020-08-12 11:20:04'),
(987, 'Quibusdam id sint rerum aperiam.', '5', 2, 13, '2020-08-12 11:20:04', '2020-08-12 11:20:04'),
(988, 'Ratione qui molestiae et omnis fugit cumque.', '5', 30, 8, '2020-08-12 11:20:04', '2020-08-12 11:20:04'),
(989, 'Suscipit nemo esse delectus doloribus sit tempora exercitationem.', '4', 23, 12, '2020-08-12 11:20:04', '2020-08-12 11:20:04'),
(990, 'Deserunt sit sint sint animi sit corrupti eveniet provident.', '2', 66, 14, '2020-08-12 11:20:04', '2020-08-12 11:20:04'),
(991, 'Aliquam minus omnis ullam vitae iure corporis voluptatem.', '1', 51, 4, '2020-08-12 11:20:04', '2020-08-12 11:20:04'),
(992, 'Iure placeat voluptatum et et dignissimos.', '4', 26, 4, '2020-08-12 11:20:04', '2020-08-12 11:20:04'),
(993, 'Dolor maiores vel quasi.', '2', 20, 12, '2020-08-12 11:20:04', '2020-08-12 11:20:04'),
(994, 'Fugit labore et cum facere.', '2', 56, 2, '2020-08-12 11:20:04', '2020-08-12 11:20:04'),
(995, 'Voluptatem ut dolorem quia architecto sint quidem occaecati.', '3', 49, 16, '2020-08-12 11:20:04', '2020-08-12 11:20:04'),
(996, 'Voluptas veniam exercitationem cum velit eius veritatis libero eius.', '2', 62, 14, '2020-08-12 11:20:04', '2020-08-12 11:20:04'),
(997, 'Et magnam maxime commodi.', '4', 59, 7, '2020-08-12 11:20:04', '2020-08-12 11:20:04'),
(998, 'Alias iste sunt ut sit quia sed porro aliquam.', '4', 18, 18, '2020-08-12 11:20:04', '2020-08-12 11:20:04'),
(999, 'Dolore voluptatibus tenetur et soluta necessitatibus facilis sit.', '2', 11, 11, '2020-08-12 11:20:04', '2020-08-12 11:20:04'),
(1000, 'Officiis rerum minima voluptatem.', '3', 17, 20, '2020-08-12 11:20:04', '2020-08-12 11:20:04');

-- --------------------------------------------------------

--
-- Table structure for table `students`
--

CREATE TABLE `students` (
  `id` bigint(20) UNSIGNED NOT NULL,
  `name` varchar(255) COLLATE utf8mb4_unicode_ci NOT NULL,
  `email` varchar(255) COLLATE utf8mb4_unicode_ci NOT NULL,
  `email_verified_at` timestamp NULL DEFAULT NULL,
  `password` varchar(255) COLLATE utf8mb4_unicode_ci NOT NULL,
  `cardNumber` varchar(16) COLLATE utf8mb4_unicode_ci DEFAULT NULL,
  `cardNumber_verified_at` timestamp NULL DEFAULT NULL,
  `img` varchar(100) COLLATE utf8mb4_unicode_ci DEFAULT NULL,
  `DOB` timestamp NULL DEFAULT NULL,
  `remember_token` varchar(100) COLLATE utf8mb4_unicode_ci DEFAULT NULL,
  `created_at` timestamp NULL DEFAULT NULL,
  `updated_at` timestamp NULL DEFAULT NULL
) ENGINE=InnoDB DEFAULT CHARSET=utf8mb4 COLLATE=utf8mb4_unicode_ci;

--
-- Dumping data for table `students`
--

INSERT INTO `students` (`id`, `name`, `email`, `email_verified_at`, `password`, `cardNumber`, `cardNumber_verified_at`, `img`, `DOB`, `remember_token`, `created_at`, `updated_at`) VALUES
(1, 'Ms. Destany McClure', 'rhianna.klocko@gmail.com', NULL, '8@J0.RWUN', NULL, NULL, 'user.svg', NULL, NULL, '2020-08-12 11:19:11', '2020-08-12 11:19:11'),
(2, 'Mable Casper', 'christa.windler@hotmail.com', NULL, '6@V6.WY', NULL, NULL, 'user.svg', NULL, NULL, '2020-08-12 11:19:11', '2020-08-12 11:19:11'),
(3, 'Prof. Ansel O\'Hara', 'isidro67@gmail.com', NULL, 'AZ@5UGYJ.AR', NULL, NULL, 'user.svg', NULL, NULL, '2020-08-12 11:19:11', '2020-08-12 11:19:11'),
(4, 'Kara Kilback', 'esther12@fahey.com', NULL, 'PQ@6[.TXDH', NULL, NULL, 'user.svg', NULL, NULL, '2020-08-12 11:19:11', '2020-08-12 11:19:11'),
(5, 'Vicenta Hermiston', 'craig.oconnell@goldner.com', NULL, '-P%@LS8.WFL', NULL, NULL, 'user.svg', NULL, NULL, '2020-08-12 11:19:11', '2020-08-12 11:19:11'),
(6, 'Prof. Dorian Lubowitz I', 'ike30@yahoo.com', NULL, '_@N.WT', NULL, NULL, 'user.svg', NULL, NULL, '2020-08-12 11:19:11', '2020-08-12 11:19:11'),
(7, 'Dessie Murazik', 'monserrate23@gmail.com', NULL, '1@ROY.GMS', NULL, NULL, 'user.svg', NULL, NULL, '2020-08-12 11:19:11', '2020-08-12 11:19:11'),
(8, 'Kamren Ryan', 'breitenberg.dominic@tillman.com', NULL, '_@8T.SGX', NULL, NULL, 'user.svg', NULL, NULL, '2020-08-12 11:19:11', '2020-08-12 11:19:11'),
(9, 'Kaia Toy', 'mueller.tom@bartell.com', NULL, 'NESVIDA_@J-F.SO', NULL, NULL, 'user.svg', NULL, NULL, '2020-08-12 11:19:12', '2020-08-12 11:19:12'),
(10, 'Drake Fahey', 'madisen.mohr@yahoo.com', NULL, '_@VU.UPIB', NULL, NULL, 'user.svg', NULL, NULL, '2020-08-12 11:19:12', '2020-08-12 11:19:12'),
(11, 'Rosetta Hodkiewicz', 'darron.hintz@sauer.com', NULL, '3%5DYK@?1.AOGZ', NULL, NULL, 'user.svg', NULL, NULL, '2020-08-12 11:19:12', '2020-08-12 11:19:12'),
(12, 'Jerad Franecki', 'aleen95@hoeger.com', NULL, '3_@}5CUM.FEHR', NULL, NULL, 'user.svg', NULL, NULL, '2020-08-12 11:19:12', '2020-08-12 11:19:12'),
(13, 'Aniya Waelchi II', 'roscoe.mclaughlin@gmail.com', NULL, 'FS4-@3Q4.UNV', NULL, NULL, 'user.svg', NULL, NULL, '2020-08-12 11:19:12', '2020-08-12 11:19:12'),
(14, 'Damaris Thiel', 'anissa.raynor@gmail.com', NULL, 'K0GCC@xLU.DYM', NULL, NULL, 'user.svg', NULL, NULL, '2020-08-12 11:19:12', '2020-08-12 11:19:12'),
(15, 'Ms. Eleanora Cremin DDS', 'fredrick21@hotmail.com', NULL, '8@TLSH.HHYI', NULL, NULL, 'user.svg', NULL, NULL, '2020-08-12 11:19:12', '2020-08-12 11:19:12'),
(16, 'Bruce Cummerata', 'ned.fadel@yahoo.com', NULL, 'Fz%H1+@IQ--VE.DNPR', NULL, NULL, 'user.svg', NULL, NULL, '2020-08-12 11:19:12', '2020-08-12 11:19:12'),
(17, 'Daisy Kulas', 'udamore@green.com', NULL, '%@S0.JVR', NULL, NULL, 'user.svg', NULL, NULL, '2020-08-12 11:19:12', '2020-08-12 11:19:12'),
(18, 'Nathanial Grant', 'lucienne.mueller@ritchie.org', NULL, '%R9I@Q5C1.QR', NULL, NULL, 'user.svg', NULL, NULL, '2020-08-12 11:19:12', '2020-08-12 11:19:12'),
(19, 'Mr. Kiel Kohler', 'gislason.ernest@yahoo.com', NULL, 'D5EB@(.TXY', NULL, NULL, 'user.svg', NULL, NULL, '2020-08-12 11:19:12', '2020-08-12 11:19:12'),
(20, 'Birdie Daniel', 'keven71@hotmail.com', NULL, 'Y@FWIU.CTAM', NULL, NULL, 'user.svg', NULL, NULL, '2020-08-12 11:19:12', '2020-08-12 11:19:12'),
(21, 'Ahmed mohamed', 'a@gmail.com', NULL, '$2y$10$bEYUBYZPAFvhxu2EeZBPwulYs2AVwJSmtjhjBKcbvHxM9rcDqWpmm', NULL, NULL, 'user.svg', NULL, NULL, '2020-08-12 14:29:57', '2020-08-12 14:29:57');

--
-- Indexes for dumped tables
--

--
-- Indexes for table `abouts`
--
ALTER TABLE `abouts`
  ADD PRIMARY KEY (`id`);

--
-- Indexes for table `admins`
--
ALTER TABLE `admins`
  ADD PRIMARY KEY (`id`),
  ADD UNIQUE KEY `admins_email_unique` (`email`);

--
-- Indexes for table `categories`
--
ALTER TABLE `categories`
  ADD PRIMARY KEY (`id`);

--
-- Indexes for table `contacts`
--
ALTER TABLE `contacts`
  ADD PRIMARY KEY (`id`);

--
-- Indexes for table `courses`
--
ALTER TABLE `courses`
  ADD PRIMARY KEY (`id`),
  ADD KEY `courses_cat_id_foreign` (`cat_id`),
  ADD KEY `courses_instructor_id_foreign` (`instructor_id`);

--
-- Indexes for table `course_student`
--
ALTER TABLE `course_student`
  ADD PRIMARY KEY (`id`),
  ADD KEY `course_student_course_id_foreign` (`course_id`),
  ADD KEY `course_student_student_id_foreign` (`student_id`);

--
-- Indexes for table `emails`
--
ALTER TABLE `emails`
  ADD PRIMARY KEY (`id`);

--
-- Indexes for table `homes`
--
ALTER TABLE `homes`
  ADD PRIMARY KEY (`id`);

--
-- Indexes for table `instructors`
--
ALTER TABLE `instructors`
  ADD PRIMARY KEY (`id`),
  ADD UNIQUE KEY `instructors_email_unique` (`email`);

--
-- Indexes for table `lectures`
--
ALTER TABLE `lectures`
  ADD PRIMARY KEY (`id`),
  ADD KEY `lectures_course_id_foreign` (`course_id`);

--
-- Indexes for table `migrations`
--
ALTER TABLE `migrations`
  ADD PRIMARY KEY (`id`);

--
-- Indexes for table `popular_reviews`
--
ALTER TABLE `popular_reviews`
  ADD PRIMARY KEY (`id`),
  ADD KEY `popular_reviews_review_id_foreign` (`review_id`);

--
-- Indexes for table `reset_passwords`
--
ALTER TABLE `reset_passwords`
  ADD PRIMARY KEY (`id`);

--
-- Indexes for table `reviews`
--
ALTER TABLE `reviews`
  ADD PRIMARY KEY (`id`),
  ADD KEY `reviews_student_id_foreign` (`student_id`),
  ADD KEY `reviews_course_id_foreign` (`course_id`);

--
-- Indexes for table `students`
--
ALTER TABLE `students`
  ADD PRIMARY KEY (`id`),
  ADD UNIQUE KEY `students_email_unique` (`email`);

--
-- AUTO_INCREMENT for dumped tables
--

--
-- AUTO_INCREMENT for table `abouts`
--
ALTER TABLE `abouts`
  MODIFY `id` bigint(20) UNSIGNED NOT NULL AUTO_INCREMENT, AUTO_INCREMENT=3;

--
-- AUTO_INCREMENT for table `admins`
--
ALTER TABLE `admins`
  MODIFY `id` bigint(20) UNSIGNED NOT NULL AUTO_INCREMENT, AUTO_INCREMENT=6;

--
-- AUTO_INCREMENT for table `categories`
--
ALTER TABLE `categories`
  MODIFY `id` bigint(20) UNSIGNED NOT NULL AUTO_INCREMENT, AUTO_INCREMENT=16;

--
-- AUTO_INCREMENT for table `contacts`
--
ALTER TABLE `contacts`
  MODIFY `id` bigint(20) UNSIGNED NOT NULL AUTO_INCREMENT, AUTO_INCREMENT=2;

--
-- AUTO_INCREMENT for table `courses`
--
ALTER TABLE `courses`
  MODIFY `id` bigint(20) UNSIGNED NOT NULL AUTO_INCREMENT, AUTO_INCREMENT=87;

--
-- AUTO_INCREMENT for table `course_student`
--
ALTER TABLE `course_student`
  MODIFY `id` bigint(20) UNSIGNED NOT NULL AUTO_INCREMENT, AUTO_INCREMENT=30;

--
-- AUTO_INCREMENT for table `emails`
--
ALTER TABLE `emails`
  MODIFY `id` bigint(20) UNSIGNED NOT NULL AUTO_INCREMENT, AUTO_INCREMENT=2;

--
-- AUTO_INCREMENT for table `homes`
--
ALTER TABLE `homes`
  MODIFY `id` bigint(20) UNSIGNED NOT NULL AUTO_INCREMENT, AUTO_INCREMENT=2;

--
-- AUTO_INCREMENT for table `instructors`
--
ALTER TABLE `instructors`
  MODIFY `id` bigint(20) UNSIGNED NOT NULL AUTO_INCREMENT, AUTO_INCREMENT=41;

--
-- AUTO_INCREMENT for table `lectures`
--
ALTER TABLE `lectures`
  MODIFY `id` bigint(20) UNSIGNED NOT NULL AUTO_INCREMENT, AUTO_INCREMENT=501;

--
-- AUTO_INCREMENT for table `migrations`
--
ALTER TABLE `migrations`
  MODIFY `id` int(10) UNSIGNED NOT NULL AUTO_INCREMENT, AUTO_INCREMENT=15;

--
-- AUTO_INCREMENT for table `popular_reviews`
--
ALTER TABLE `popular_reviews`
  MODIFY `id` bigint(20) UNSIGNED NOT NULL AUTO_INCREMENT, AUTO_INCREMENT=6;

--
-- AUTO_INCREMENT for table `reset_passwords`
--
ALTER TABLE `reset_passwords`
  MODIFY `id` bigint(20) UNSIGNED NOT NULL AUTO_INCREMENT;

--
-- AUTO_INCREMENT for table `reviews`
--
ALTER TABLE `reviews`
  MODIFY `id` bigint(20) UNSIGNED NOT NULL AUTO_INCREMENT, AUTO_INCREMENT=1001;

--
-- AUTO_INCREMENT for table `students`
--
ALTER TABLE `students`
  MODIFY `id` bigint(20) UNSIGNED NOT NULL AUTO_INCREMENT, AUTO_INCREMENT=22;

--
-- Constraints for dumped tables
--

--
-- Constraints for table `courses`
--
ALTER TABLE `courses`
  ADD CONSTRAINT `courses_cat_id_foreign` FOREIGN KEY (`cat_id`) REFERENCES `categories` (`id`),
  ADD CONSTRAINT `courses_instructor_id_foreign` FOREIGN KEY (`instructor_id`) REFERENCES `instructors` (`id`);

--
-- Constraints for table `course_student`
--
ALTER TABLE `course_student`
  ADD CONSTRAINT `course_student_course_id_foreign` FOREIGN KEY (`course_id`) REFERENCES `courses` (`id`),
  ADD CONSTRAINT `course_student_student_id_foreign` FOREIGN KEY (`student_id`) REFERENCES `students` (`id`);

--
-- Constraints for table `lectures`
--
ALTER TABLE `lectures`
  ADD CONSTRAINT `lectures_course_id_foreign` FOREIGN KEY (`course_id`) REFERENCES `courses` (`id`);

--
-- Constraints for table `popular_reviews`
--
ALTER TABLE `popular_reviews`
  ADD CONSTRAINT `popular_reviews_review_id_foreign` FOREIGN KEY (`review_id`) REFERENCES `reviews` (`id`);

--
-- Constraints for table `reviews`
--
ALTER TABLE `reviews`
  ADD CONSTRAINT `reviews_course_id_foreign` FOREIGN KEY (`course_id`) REFERENCES `courses` (`id`),
  ADD CONSTRAINT `reviews_student_id_foreign` FOREIGN KEY (`student_id`) REFERENCES `students` (`id`);
COMMIT;

/*!40101 SET CHARACTER_SET_CLIENT=@OLD_CHARACTER_SET_CLIENT */;
/*!40101 SET CHARACTER_SET_RESULTS=@OLD_CHARACTER_SET_RESULTS */;
/*!40101 SET COLLATION_CONNECTION=@OLD_COLLATION_CONNECTION */;
